Gender,Age,Height(cm),Weight(kg),Body_Fat(%),Fitness_Level,Weekly_Training,Training_Type,Supplement,Supplement_Type,Usage_Period(weeks),Usage_Frequency(times/week),Diet_Type,Weight_Change(kg),Body_Fat_Change(%),Performance_Improvement(%),Satisfaction(1-10)
Male,Over_35,180-190,82,18,Beginner,3-5_times,HIIT,Fish_Oil,Deep_Sea,7,1,Regular,-0.2,-1.7,2.1,7.6
Male,Under_25,170-180,75,17,Advanced,3-5_times,HIIT,Whey_Protein,Concentrate,7,2,Vegan,2.8,-2.6,6.4,10
Female,25-35,180-190,72,20,Advanced,More_than_5,Strength_Training,Whey_Protein,Concentrate,6,4,Low_Carb,5.4,-1.7,9.6,10
Male,Under_25,Above_190,94,15,Intermediate,3-5_times,HIIT,Creatine,Monohydrate,3,1,Low_Carb,1.3,-0.1,10.3,10
Male,25-35,160-170,61,21,Beginner,Less_than_3,Strength_Training,Whey_Protein,Concentrate,6,3,Regular,1.8,-0.6,2.8,10
Male,Under_25,Above_190,83,12,Beginner,3-5_times,HIIT,Energy_Drink,Sugar_Free,8,3,Vegan,-0.6,-0.3,4.3,7.6
Male,25-35,160-170,74,23,Intermediate,3-5_times,Endurance,Whey_Protein,Isolate,3,4,High_Protein,1.2,-1,5.3,9.8
Female,Under_25,180-190,80,18,Advanced,More_than_5,Strength_Training,BCAA,Whey_Based,7,7,High_Protein,1.5,-0.6,10.5,10
Male,Under_25,180-190,85,15,Intermediate,More_than_5,Strength_Training,Pre_Workout,Regular,3,5,High_Protein,-0.3,-0.1,20.5,10
Female,Over_35,170-180,68,26,Intermediate,3-5_times,Strength_Training,Whey_Protein,Concentrate,5,5,High_Protein,5.1,-1.4,7.5,10
Female,Over_35,170-180,75,27,Intermediate,More_than_5,Strength_Training,Whey_Protein,Isolate,6,3,Regular,6.2,-1.9,9.9,10
Male,25-35,160-170,63,26,Intermediate,3-5_times,Strength_Training,Pre_Workout,Regular,7,7,Regular,0,0.1,13.6,10
Male,25-35,170-180,83,26,Beginner,3-5_times,Strength_Training,Whey_Protein,Concentrate,3,3,Regular,3.9,-1.8,4.3,10
Male,Over_35,170-180,69,26,Intermediate,3-5_times,Endurance,Creatine,Monohydrate,4,2,High_Protein,2.3,-0.1,8.8,10
Female,Under_25,160-170,63,21,Intermediate,3-5_times,HIIT,Whey_Protein,Concentrate,5,5,Regular,2.1,-1.9,6.7,10
Male,25-35,170-180,70,20,Intermediate,More_than_5,HIIT,Creatine,HCL,6,5,Regular,2.7,-0.2,10.3,10
Female,Over_35,180-190,70,33,Advanced,3-5_times,Endurance,Multivitamin,Standard,5,4,Low_Carb,-0.1,-0.1,4.1,7.9
Female,Under_25,160-170,57,23,Intermediate,3-5_times,Endurance,Whey_Protein,Isolate,8,6,High_Protein,0.9,-0.7,5.1,9.9
Male,Under_25,180-190,77,13,Advanced,Less_than_3,Endurance,Pre_Workout,Caffeine_Free,3,4,Low_Carb,-0.4,-0.1,10.6,10
Male,Under_25,Above_190,81,24,Beginner,Less_than_3,HIIT,Whey_Protein,Isolate,7,3,Regular,0.1,-1.2,2.7,9.1
Male,Over_35,180-190,79,22,Intermediate,Less_than_3,Strength_Training,Creatine,HCL,4,6,Regular,4,0,7.4,10
Female,Under_25,170-180,69,21,Advanced,3-5_times,HIIT,Creatine,Monohydrate,6,6,Low_Carb,2.3,-0.2,13.4,10
Male,25-35,150-160,47,25,Advanced,3-5_times,Strength_Training,Whey_Protein,Concentrate,3,3,Regular,6.1,-2.2,8.3,10
Male,25-35,170-180,61,19,Intermediate,More_than_5,Strength_Training,Creatine,Monohydrate,6,4,Regular,6.6,0,15.4,10
Male,Over_35,170-180,70,21,Beginner,Less_than_3,HIIT,Creatine,HCL,4,5,Regular,1.1,-0.3,4.8,10
Male,Under_25,150-160,47,16,Intermediate,Less_than_3,HIIT,Creatine,Monohydrate,3,4,Low_Carb,0.7,-0.1,7.1,10
Female,Under_25,160-170,65,26,Advanced,3-5_times,HIIT,Creatine,Monohydrate,7,3,Regular,2.5,-0.1,13.1,10
Male,25-35,180-190,78,15,Advanced,3-5_times,Strength_Training,Multivitamin,Standard,3,5,Low_Carb,0.2,0.1,5.3,7.1
Female,25-35,170-180,67,22,Intermediate,3-5_times,Strength_Training,Creatine,Monohydrate,5,1,Regular,5.1,0,13.1,10
Female,25-35,170-180,67,21,Beginner,Less_than_3,Strength_Training,Multivitamin,Sport_Enhanced,7,5,Vegan,0.1,0.1,1.8,5.7
Female,25-35,180-190,82,20,Beginner,More_than_5,Strength_Training,Creatine,Monohydrate,5,7,Vegan,3.6,0,11.5,10
Male,Under_25,180-190,92,21,Intermediate,More_than_5,HIIT,Creatine,Monohydrate,5,3,High_Protein,4,-0.1,13.2,10
Male,Under_25,160-170,53,16,Beginner,3-5_times,Strength_Training,Creatine,Monohydrate,4,3,High_Protein,4.9,-0.1,10.1,10
Male,25-35,150-160,64,20,Beginner,3-5_times,Strength_Training,Energy_Drink,Sugar_Free,7,6,High_Protein,0.3,0,4.1,9.1
Female,Under_25,180-190,86,20,Beginner,3-5_times,Strength_Training,Creatine,HCL,4,4,Regular,4,-0.2,7.8,10
Male,Under_25,170-180,77,20,Beginner,3-5_times,Flexibility,Whey_Protein,Hydrolyzed,6,1,Vegan,0.4,-0.7,1.1,8.4
Male,25-35,170-180,79,19,Beginner,3-5_times,Strength_Training,Energy_Drink,Sugar,5,1,Regular,0.2,0,4.6,8.2
Male,Under_25,170-180,79,16,Intermediate,Less_than_3,Strength_Training,Whey_Protein,Isolate,6,1,Regular,3.7,-1.1,5.6,10
Male,Over_35,170-180,66,26,Intermediate,Less_than_3,Strength_Training,Pre_Workout,Regular,5,6,High_Protein,-0.1,0,7.8,10
Female,Under_25,160-170,71,18,Advanced,More_than_5,HIIT,BCAA,Whey_Based,8,1,Vegan,-0.5,-0.6,9.2,10
Male,Under_25,160-170,69,13,Advanced,3-5_times,HIIT,BCAA,Whey_Based,8,4,Regular,-0.5,-0.6,8.3,9.9
Male,25-35,170-180,71,15,Intermediate,Less_than_3,Flexibility,BCAA,Whey_Based,5,2,Low_Carb,0.3,-0.1,2,8.4
Male,Under_25,160-170,50,19,Intermediate,3-5_times,Endurance,Pre_Workout,Caffeine_Free,8,6,Low_Carb,0,-0.2,11.7,10
Female,Under_25,160-170,62,20,Advanced,3-5_times,Strength_Training,BCAA,Whey_Based,7,3,Regular,0.8,-0.6,6.9,9.8
Male,25-35,180-190,79,24,Intermediate,Less_than_3,Endurance,Whey_Protein,Hydrolyzed,5,5,Regular,0.8,-0.8,3.7,9.4
Male,Over_35,170-180,75,19,Beginner,More_than_5,Strength_Training,Whey_Protein,Isolate,3,1,High_Protein,6.1,-1,7.2,10
Male,Under_25,170-180,84,23,Intermediate,3-5_times,HIIT,Fish_Oil,Deep_Sea,5,2,Regular,-0.2,-2,2.9,8.3
Female,25-35,180-190,70,21,Beginner,Less_than_3,HIIT,Multivitamin,Standard,5,7,Vegan,-0.2,-0.2,2,6.8
Male,Over_35,160-170,71,24,Intermediate,Less_than_3,Endurance,Pre_Workout,Caffeine_Free,5,3,Regular,-0.3,-0.1,8.9,10
Male,Over_35,170-180,62,26,Intermediate,3-5_times,Endurance,Whey_Protein,Isolate,6,4,Regular,0.9,-1.2,6,10
Female,25-35,160-170,72,30,Beginner,3-5_times,Strength_Training,Creatine,Monohydrate,5,3,Regular,3.5,0,9.4,10
Male,25-35,160-170,63,27,Beginner,3-5_times,Strength_Training,Energy_Drink,Sugar_Free,7,7,Regular,0.3,0.1,3.5,8.6
Male,25-35,160-170,72,15,Intermediate,More_than_5,HIIT,Whey_Protein,Concentrate,6,6,High_Protein,3.1,-2,8.9,10
Male,Over_35,170-180,80,20,Intermediate,3-5_times,HIIT,BCAA,Whey_Based,5,6,Regular,-0.3,-0.6,5.8,9.9
Male,Under_25,170-180,67,13,Beginner,More_than_5,Flexibility,Fish_Oil,Deep_Sea,6,3,Regular,-0.1,-0.4,1,6.4
Male,25-35,Above_190,87,23,Advanced,More_than_5,HIIT,Energy_Drink,Sugar,5,1,Low_Carb,-0.3,-0.2,9,10
Male,25-35,170-180,72,22,Intermediate,3-5_times,Strength_Training,Fish_Oil,Deep_Sea,6,1,Regular,-0.1,-1,1.3,7.2
Male,25-35,180-190,86,21,Intermediate,3-5_times,HIIT,Creatine,HCL,4,4,High_Protein,2.7,-0.3,13.7,10
Male,25-35,160-170,72,26,Intermediate,3-5_times,Endurance,Pre_Workout,Regular,6,7,Regular,-0.4,-0.3,11.5,10
Male,Under_25,180-190,78,24,Beginner,More_than_5,HIIT,Creatine,Monohydrate,5,7,Regular,2.5,-0.2,8,10
Male,Under_25,Above_190,94,14,Beginner,3-5_times,HIIT,Creatine,Monohydrate,8,6,Regular,2.3,-0.1,7.3,10
Female,Under_25,170-180,61,21,Intermediate,More_than_5,Endurance,Whey_Protein,Concentrate,7,5,Low_Carb,2.4,-0.6,6.1,10
Male,25-35,170-180,70,20,Advanced,More_than_5,Endurance,Creatine,Monohydrate,6,1,Regular,3.2,-0.2,16.5,10
Male,Under_25,170-180,76,14,Beginner,Less_than_3,Strength_Training,Whey_Protein,Concentrate,4,6,Vegan,2.2,-0.6,2.3,9.7
Male,Under_25,170-180,68,14,Beginner,Less_than_3,Strength_Training,Whey_Protein,Concentrate,4,4,Regular,2.2,-0.6,3.3,10
Male,Under_25,170-180,61,17,Beginner,More_than_5,HIIT,Creatine,HCL,5,1,Regular,2.7,-0.3,8.1,10
Female,Under_25,180-190,80,18,Beginner,3-5_times,HIIT,Creatine,Monohydrate,7,1,Regular,1.6,-0.1,7,10
Male,25-35,160-170,73,23,Intermediate,More_than_5,Endurance,Creatine,Monohydrate,5,6,Regular,1.6,-0.2,11.5,10
Male,Under_25,170-180,72,21,Intermediate,3-5_times,Strength_Training,BCAA,Whey_Based,3,5,High_Protein,0.6,-0.2,4.6,8
Female,25-35,180-190,78,27,Intermediate,3-5_times,HIIT,Whey_Protein,Concentrate,3,1,High_Protein,2.4,-1.6,6.1,10
Male,Under_25,170-180,83,18,Beginner,3-5_times,Endurance,Pre_Workout,Regular,6,7,Regular,-0.2,-0.2,8.8,10
Female,Under_25,170-180,63,23,Beginner,More_than_5,Flexibility,Creatine,HCL,4,4,Regular,2.8,0.1,5,9.2
Female,25-35,170-180,75,31,Intermediate,3-5_times,Strength_Training,Whey_Protein,Concentrate,5,7,Regular,4.7,-1.2,5.5,10
Male,25-35,170-180,65,26,Intermediate,Less_than_3,HIIT,Whey_Protein,Concentrate,3,3,Regular,1.5,-1.3,3.1,9.8
Male,Under_25,160-170,67,12,Advanced,More_than_5,Strength_Training,Whey_Protein,Hydrolyzed,6,6,High_Protein,9.7,-2,15.7,10
Male,Over_35,170-180,78,24,Advanced,3-5_times,Strength_Training,Whey_Protein,Concentrate,4,2,Regular,7.9,-1.8,8.1,10
Male,25-35,150-160,63,22,Intermediate,More_than_5,Endurance,Multivitamin,Standard,3,5,High_Protein,-0.1,-0.2,7.5,8.1
Male,Under_25,150-160,45,21,Beginner,Less_than_3,Strength_Training,Multivitamin,Standard,3,6,Vegan,-0.1,0.1,1.5,5.9
Male,25-35,170-180,60,18,Advanced,3-5_times,Strength_Training,BCAA,Vegan,3,6,High_Protein,1,-0.4,7.1,10
Male,25-35,170-180,77,20,Beginner,3-5_times,Strength_Training,Whey_Protein,Isolate,8,2,High_Protein,4.1,-1.1,5.7,10
Female,Under_25,170-180,72,18,Advanced,3-5_times,Strength_Training,Energy_Drink,Sugar_Free,3,6,Regular,0.4,0,7.1,8.9
Female,25-35,170-180,67,30,Beginner,3-5_times,Strength_Training,Creatine,Monohydrate,6,1,Low_Carb,3.4,0,7.8,10
Male,Over_35,170-180,78,29,Intermediate,Less_than_3,HIIT,Pre_Workout,Regular,6,1,Low_Carb,0,-0.1,9.5,10
Male,Under_25,150-160,61,14,Beginner,3-5_times,Endurance,Whey_Protein,Isolate,7,1,High_Protein,1.8,-0.7,4.4,10
Male,25-35,180-190,78,18,Intermediate,3-5_times,HIIT,L_Carnitine,Liquid,3,3,High_Protein,-0.3,-5,7.7,10
Male,Over_35,180-190,79,22,Intermediate,3-5_times,Endurance,Creatine,Monohydrate,8,3,Regular,1.3,-0.2,8.4,10
Male,25-35,170-180,76,25,Beginner,3-5_times,Endurance,Multivitamin,Standard,4,2,Regular,-0.4,-0.4,3.3,6.4
Female,Over_35,170-180,67,22,Intermediate,Less_than_3,HIIT,Creatine,Monohydrate,6,3,Regular,0.6,-0.4,6.7,9.8
Female,Under_25,Above_190,103,20,Beginner,Less_than_3,Flexibility,Whey_Protein,Concentrate,3,4,High_Protein,1.5,-0.3,1.7,9
Male,25-35,Above_190,98,17,Beginner,3-5_times,HIIT,Whey_Protein,Isolate,7,3,Regular,1.3,-1.5,4.3,9.4
Male,25-35,170-180,80,21,Intermediate,3-5_times,Endurance,Whey_Protein,Isolate,7,2,Regular,1.1,-0.8,4.4,9.9
Male,25-35,160-170,73,22,Beginner,3-5_times,Endurance,Multivitamin,Standard,7,7,Regular,-0.4,-0.3,3,6.1
Male,Over_35,170-180,66,22,Beginner,More_than_5,Strength_Training,BCAA,Whey_Based,8,5,Low_Carb,0.5,-0.2,4.6,9.3
Female,Under_25,160-170,54,29,Beginner,Less_than_3,Flexibility,Whey_Protein,Concentrate,3,2,Regular,0.9,-0.5,1.3,7.5
Female,Under_25,160-170,68,21,Beginner,3-5_times,Strength_Training,Fish_Oil,Deep_Sea,6,7,Low_Carb,0.2,-0.4,0.5,6.5
Male,Over_35,150-160,49,21,Beginner,3-5_times,HIIT,BCAA,Whey_Based,5,1,Regular,0.2,-0.5,4.5,9.4
Male,Under_25,180-190,75,24,Beginner,More_than_5,HIIT,Whey_Protein,Isolate,3,7,Regular,0.8,-1.7,4.1,9.8
Male,25-35,170-180,66,24,Beginner,3-5_times,Strength_Training,Energy_Drink,Sugar_Free,7,7,Regular,0.4,0.2,3.4,7.8
Female,25-35,Above_190,101,22,Beginner,3-5_times,Strength_Training,Energy_Drink,Sugar,3,5,Low_Carb,0.1,0,2.9,7
Male,25-35,160-170,51,21,Beginner,More_than_5,Endurance,Whey_Protein,Isolate,6,3,Regular,1.5,-0.6,4.3,8.6
Male,Under_25,170-180,64,18,Beginner,3-5_times,HIIT,Creatine,HCL,4,2,Regular,1.3,-0.2,7.3,10
Female,25-35,170-180,71,27,Intermediate,3-5_times,Strength_Training,BCAA,Whey_Based,7,2,High_Protein,0.8,-0.4,5.6,8.2
Male,25-35,170-180,60,27,Intermediate,More_than_5,Strength_Training,Creatine,Monohydrate,6,4,High_Protein,10.4,0,14.8,10
Male,Under_25,170-180,76,18,Intermediate,3-5_times,HIIT,Whey_Protein,Isolate,6,1,Regular,1.8,-1.9,4.4,10
Female,25-35,170-180,66,23,Advanced,3-5_times,Flexibility,Creatine,HCL,6,7,High_Protein,3.3,-0.1,7.2,10
Female,25-35,170-180,70,24,Beginner,More_than_5,Strength_Training,Pre_Workout,Regular,7,7,Low_Carb,-0.1,-0.1,9.9,10
Male,25-35,170-180,60,26,Beginner,More_than_5,HIIT,Energy_Drink,Sugar_Free,8,7,Low_Carb,-0.3,-0.2,4.9,8.7
Male,Under_25,160-170,54,20,Intermediate,Less_than_3,Endurance,L_Carnitine,Capsule,7,5,Regular,-0.3,-3.1,4.7,10
Male,Under_25,160-170,73,18,Intermediate,3-5_times,Strength_Training,Whey_Protein,Concentrate,3,4,Low_Carb,3.6,-1.3,5.9,10
Male,Under_25,160-170,61,19,Intermediate,Less_than_3,Strength_Training,Energy_Drink,Sugar,3,7,High_Protein,0.2,0,3.8,7.9
Female,Over_35,160-170,63,32,Intermediate,3-5_times,HIIT,Fish_Oil,Deep_Sea,7,2,Regular,-0.3,-1.5,2.6,8.7
Male,Under_25,160-170,51,20,Intermediate,More_than_5,Strength_Training,L_Carnitine,Liquid,7,2,High_Protein,0.4,-2.6,5.1,9
Female,Over_35,170-180,78,28,Advanced,More_than_5,Strength_Training,Energy_Drink,Sugar_Free,7,1,High_Protein,-0.1,0.1,8.8,10
Female,Under_25,160-170,64,23,Intermediate,More_than_5,Flexibility,Whey_Protein,Hydrolyzed,8,6,Low_Carb,2.4,-0.8,3.6,9.2
Male,25-35,150-160,57,20,Beginner,3-5_times,Flexibility,L_Carnitine,Capsule,7,5,Regular,0.3,-1.6,1.6,8.9
Male,Under_25,170-180,72,20,Intermediate,More_than_5,Flexibility,Creatine,HCL,3,2,High_Protein,4.2,-0.1,5.2,10
Female,Under_25,180-190,91,22,Advanced,Less_than_3,Endurance,Whey_Protein,Isolate,6,6,Regular,0.7,-0.9,4.3,10
Female,Under_25,180-190,90,29,Advanced,3-5_times,Strength_Training,Whey_Protein,Hydrolyzed,5,2,High_Protein,7.9,-2.2,9.4,10
Female,25-35,170-180,84,31,Beginner,3-5_times,Strength_Training,Whey_Protein,Isolate,7,1,Regular,2.6,-1.3,4.3,10
Female,25-35,Above_190,95,21,Intermediate,3-5_times,Flexibility,Creatine,Monohydrate,3,2,Regular,3.5,0.1,5.8,10
Male,Under_25,180-190,74,17,Intermediate,Less_than_3,Flexibility,BCAA,Whey_Based,6,5,Regular,-0.1,-0.3,0.9,7.2
Male,25-35,170-180,79,24,Intermediate,3-5_times,Strength_Training,Whey_Protein,Concentrate,3,5,Regular,3.4,-1.6,5.9,10
Male,Under_25,170-180,70,13,Intermediate,3-5_times,Strength_Training,BCAA,Vegan,5,7,High_Protein,0.8,-0.1,5.4,9.1
Male,25-35,170-180,64,24,Beginner,Less_than_3,Strength_Training,BCAA,Whey_Based,7,1,Regular,0.3,-0.2,2.3,8.5
Male,25-35,150-160,62,24,Advanced,Less_than_3,Strength_Training,Fish_Oil,Deep_Sea,8,6,Regular,-0.1,-0.7,0.6,8
Female,25-35,160-170,69,30,Intermediate,3-5_times,Strength_Training,Whey_Protein,Concentrate,5,7,High_Protein,5.4,-1.5,7,10
Male,25-35,160-170,59,22,Intermediate,Less_than_3,Endurance,Creatine,Monohydrate,7,1,Regular,1.4,-0.2,7.8,10
Male,Under_25,170-180,82,23,Intermediate,3-5_times,Strength_Training,Pre_Workout,Regular,3,5,High_Protein,0.2,-0.1,12.5,10
Male,Over_35,160-170,67,28,Intermediate,Less_than_3,Endurance,Pre_Workout,Regular,4,7,Low_Carb,0,-0.1,7.2,10
Male,Under_25,170-180,64,12,Beginner,3-5_times,HIIT,Energy_Drink,Sugar,5,4,Regular,-0.1,-0.1,4.1,7.7
Female,25-35,170-180,77,22,Intermediate,3-5_times,Strength_Training,Multivitamin,Standard,3,2,High_Protein,0.5,0,4.2,8.3
Male,25-35,180-190,82,19,Intermediate,More_than_5,Endurance,Pre_Workout,Regular,5,2,High_Protein,-0.5,-0.2,16,10
Male,25-35,150-160,52,20,Intermediate,3-5_times,Strength_Training,Creatine,Monohydrate,4,7,Regular,5.2,0,11,10
Female,Under_25,Above_190,90,21,Beginner,3-5_times,HIIT,Whey_Protein,Concentrate,4,1,Low_Carb,1.2,-1.2,4.5,9.9
Female,Under_25,160-170,69,24,Intermediate,3-5_times,Flexibility,Whey_Protein,Hydrolyzed,6,1,Regular,2.1,-0.4,2.6,8.6
Male,Over_35,180-190,74,23,Intermediate,Less_than_3,Strength_Training,Creatine,Monohydrate,6,5,Regular,4.5,0,7.6,10
Male,Over_35,170-180,71,20,Advanced,3-5_times,Flexibility,Creatine,Monohydrate,8,4,Regular,4.5,-0.1,5.8,10
Female,Under_25,170-180,73,27,Beginner,3-5_times,HIIT,BCAA,Whey_Based,5,1,Regular,-0.2,-0.3,3.8,8.3
Female,25-35,180-190,73,20,Beginner,3-5_times,Flexibility,Multivitamin,Standard,5,4,Low_Carb,0.1,-0.1,1,6.6
Male,Over_35,170-180,81,27,Beginner,Less_than_3,Endurance,Creatine,Monohydrate,7,7,Regular,0.7,-0.1,1.6,9.8
Male,Under_25,170-180,62,14,Intermediate,Less_than_3,Endurance,Whey_Protein,Isolate,5,3,Low_Carb,0.8,-0.5,2.6,9.5
Male,25-35,170-180,80,25,Intermediate,3-5_times,HIIT,Whey_Protein,Concentrate,7,5,Regular,1,-1.8,5.2,10
Male,Over_35,160-170,55,24,Intermediate,More_than_5,HIIT,Whey_Protein,Hydrolyzed,8,2,Regular,2.7,-2.2,6.6,10
Male,25-35,180-190,74,20,Beginner,3-5_times,Strength_Training,Energy_Drink,Sugar,7,1,High_Protein,0.1,-0.1,4.3,8.4
Male,Under_25,170-180,70,15,Intermediate,More_than_5,HIIT,Multivitamin,Standard,7,3,Regular,-0.4,-0.2,3.9,6.3
Male,Under_25,170-180,76,14,Beginner,3-5_times,Endurance,Whey_Protein,Isolate,8,1,Regular,1.8,-1,4.1,9.9
Male,Under_25,170-180,78,18,Beginner,More_than_5,Strength_Training,Creatine,HCL,3,6,Regular,5.7,0.1,11,10
Male,25-35,150-160,49,19,Advanced,3-5_times,Strength_Training,Whey_Protein,Hydrolyzed,6,1,Regular,6.1,-2.3,9.6,10
Male,Under_25,180-190,79,23,Intermediate,Less_than_3,Flexibility,Creatine,HCL,3,1,Regular,2.4,0.1,1.6,8.1
Male,25-35,Above_190,98,23,Intermediate,3-5_times,Strength_Training,Pre_Workout,Regular,7,5,Vegan,0,0.2,12.9,10
Male,25-35,170-180,75,19,Intermediate,Less_than_3,HIIT,Pre_Workout,Regular,3,2,High_Protein,-0.6,-0.3,8.7,10
Male,Under_25,170-180,83,20,Intermediate,3-5_times,Strength_Training,Creatine,Monohydrate,8,2,High_Protein,8.1,-0.1,14.4,10
Male,25-35,180-190,76,27,Intermediate,3-5_times,Strength_Training,Whey_Protein,Concentrate,8,4,Regular,4.1,-2.4,6.7,10
Female,25-35,170-180,75,23,Beginner,3-5_times,Endurance,Creatine,Monohydrate,7,2,Regular,0.5,-0.2,5.3,9.9
Male,Under_25,160-170,68,21,Intermediate,Less_than_3,HIIT,Energy_Drink,Sugar,5,3,High_Protein,-0.6,-0.1,5.3,8.1
Male,25-35,160-170,69,20,Intermediate,Less_than_3,HIIT,Pre_Workout,Caffeine_Free,3,5,High_Protein,-0.4,-0.2,10.7,10
Male,25-35,160-170,58,15,Advanced,3-5_times,Flexibility,L_Carnitine,Liquid,4,3,High_Protein,0.4,-2.6,5.7,10
Female,Under_25,160-170,61,19,Beginner,Less_than_3,HIIT,Whey_Protein,Isolate,6,6,Regular,1,-0.8,3.2,10
Male,Under_25,160-170,66,16,Intermediate,More_than_5,HIIT,L_Carnitine,Capsule,6,6,High_Protein,-0.2,-6.5,9.1,10
Male,25-35,180-190,79,16,Intermediate,Less_than_3,Strength_Training,Whey_Protein,Isolate,6,5,Low_Carb,2.7,-1,3.8,9.8
Male,25-35,Above_190,87,23,Intermediate,3-5_times,HIIT,L_Carnitine,Capsule,4,4,High_Protein,-0.2,-4.7,9.1,10
Female,Under_25,180-190,85,22,Beginner,3-5_times,Strength_Training,Creatine,Monohydrate,5,7,High_Protein,4.5,-0.1,10.4,10
Male,Under_25,160-170,63,12,Beginner,More_than_5,Endurance,Fish_Oil,Deep_Sea,5,5,Regular,-0.2,-1.3,2.4,8.1
Male,25-35,150-160,51,18,Beginner,3-5_times,Strength_Training,Pre_Workout,Regular,3,1,High_Protein,0.3,0,9.3,10
Female,25-35,160-170,69,27,Beginner,3-5_times,Strength_Training,BCAA,Whey_Based,4,6,Vegan,0.4,-0.3,3.3,8
Female,Over_35,160-170,58,28,Intermediate,3-5_times,HIIT,Fish_Oil,Deep_Sea,7,4,Low_Carb,0,-1.1,2.5,8.7
Female,Under_25,180-190,79,29,Beginner,More_than_5,Strength_Training,Whey_Protein,Concentrate,3,1,Regular,4.3,-1.6,5.8,10
Female,Under_25,160-170,52,25,Beginner,More_than_5,Strength_Training,BCAA,Whey_Based,8,1,Vegan,0.6,-0.5,4.2,7.9
Male,25-35,180-190,75,21,Beginner,More_than_5,HIIT,Whey_Protein,Isolate,3,5,Regular,0.8,-1.5,5.1,9.9
Male,Under_25,180-190,80,21,Intermediate,Less_than_3,Endurance,Whey_Protein,Isolate,5,1,Regular,1.6,-1.1,3.9,9.7
Female,Under_25,160-170,71,20,Intermediate,Less_than_3,Endurance,Multivitamin,Sport_Enhanced,7,3,Regular,-0.1,-0.2,3,7.3
Female,25-35,170-180,60,20,Beginner,Less_than_3,Strength_Training,Whey_Protein,Concentrate,7,3,Regular,2.7,-1.1,3.4,10
Male,25-35,160-170,59,16,Beginner,More_than_5,Strength_Training,Creatine,Monohydrate,3,6,Low_Carb,4.1,0,12.2,10
Female,25-35,160-170,72,21,Beginner,3-5_times,HIIT,Whey_Protein,Concentrate,7,5,Regular,0,-0.8,5,9
Male,25-35,180-190,80,24,Beginner,3-5_times,Strength_Training,Energy_Drink,Sugar_Free,6,7,High_Protein,0.3,-0.1,3.8,8
Male,Under_25,170-180,66,16,Intermediate,Less_than_3,Strength_Training,BCAA,Whey_Based,4,2,Low_Carb,0.3,-0.2,3.8,8.6
Female,Under_25,170-180,64,20,Intermediate,Less_than_3,Flexibility,BCAA,Whey_Based,6,1,Regular,0.3,-0.2,1.2,7.5
Female,Under_25,170-180,63,24,Intermediate,Less_than_3,Strength_Training,Energy_Drink,Sugar_Free,3,3,Regular,0.4,0,3.8,7.7
Male,Under_25,180-190,86,14,Intermediate,3-5_times,Strength_Training,Creatine,HCL,5,4,Regular,4.5,-0.1,12.4,10
Female,Under_25,170-180,61,26,Intermediate,More_than_5,Strength_Training,Whey_Protein,Concentrate,8,2,Low_Carb,5,-1.8,10.5,10
Male,Over_35,180-190,81,25,Intermediate,3-5_times,HIIT,BCAA,Whey_Based,7,4,High_Protein,-0.3,-0.8,6.4,10
Male,Under_25,180-190,93,23,Advanced,Less_than_3,Endurance,Whey_Protein,Concentrate,3,7,High_Protein,1.5,-0.7,4.4,9.7
Male,25-35,160-170,51,27,Advanced,3-5_times,Strength_Training,Whey_Protein,Concentrate,8,4,High_Protein,6.9,-1.6,10.2,10
Female,Under_25,150-160,56,24,Beginner,3-5_times,Flexibility,Energy_Drink,Sugar_Free,4,7,High_Protein,0.1,0,2.1,8.4
Male,25-35,150-160,49,27,Beginner,More_than_5,Strength_Training,Creatine,Monohydrate,5,7,Regular,5.5,0,9.3,10
Male,25-35,170-180,60,26,Intermediate,3-5_times,Endurance,Creatine,HCL,7,1,Low_Carb,1.1,-0.1,7.7,10
Male,25-35,160-170,50,21,Advanced,3-5_times,HIIT,Whey_Protein,Concentrate,8,6,High_Protein,3.1,-2.2,7.2,10
Male,25-35,170-180,68,17,Intermediate,3-5_times,Strength_Training,BCAA,Whey_Based,5,2,Regular,0.6,-0.4,6.6,10
Male,25-35,170-180,79,18,Intermediate,3-5_times,Endurance,Energy_Drink,Sugar,7,2,High_Protein,-0.5,-0.1,3.1,8.7
Female,Under_25,160-170,74,18,Advanced,More_than_5,Strength_Training,Multivitamin,Standard,6,6,Regular,0.1,0.1,4.2,6.7
Male,Under_25,150-160,48,16,Beginner,More_than_5,Strength_Training,Creatine,Monohydrate,7,6,High_Protein,5.4,0.2,10,10
Male,Under_25,160-170,59,19,Advanced,More_than_5,Strength_Training,Creatine,Monohydrate,4,4,Regular,9.3,0.2,21.9,10
Male,Under_25,180-190,73,13,Beginner,Less_than_3,HIIT,Fish_Oil,Deep_Sea,7,4,Low_Carb,-0.2,-0.6,1,8.1
Female,Under_25,170-180,62,19,Advanced,3-5_times,Endurance,Whey_Protein,Isolate,3,2,High_Protein,2.3,-1.3,8.3,10
Male,Under_25,180-190,82,13,Beginner,3-5_times,Endurance,BCAA,Whey_Based,8,6,Regular,-0.3,-0.6,2.8,8.6
Male,Under_25,180-190,94,24,Intermediate,3-5_times,Endurance,Creatine,Monohydrate,3,1,High_Protein,1.5,-0.1,9.3,10
Male,25-35,Above_190,89,17,Intermediate,Less_than_3,Endurance,Whey_Protein,Concentrate,4,7,Regular,1,-1,4.2,9.4
Male,25-35,180-190,88,21,Beginner,3-5_times,HIIT,Fish_Oil,Algae_DHA,6,1,High_Protein,0.1,-1.4,1.7,7.4
Female,25-35,180-190,88,23,Beginner,More_than_5,Strength_Training,Whey_Protein,Concentrate,8,5,Regular,4.2,-1.6,4.4,10
Male,25-35,180-190,87,17,Intermediate,Less_than_3,HIIT,Whey_Protein,Concentrate,3,4,Low_Carb,0.5,-0.8,3.5,9.5
Female,25-35,170-180,80,28,Beginner,3-5_times,Endurance,Creatine,Monohydrate,6,5,High_Protein,1,-0.2,8.1,10
Male,Under_25,170-180,70,16,Intermediate,3-5_times,Strength_Training,L_Carnitine,Liquid,5,1,Regular,0.2,-2.5,3.6,9.6
Male,25-35,160-170,51,23,Beginner,3-5_times,Strength_Training,Energy_Drink,Sugar,6,1,High_Protein,0.2,-0.1,3.3,7.9
Male,25-35,160-170,53,26,Beginner,More_than_5,Strength_Training,BCAA,Whey_Based,8,1,Regular,0.6,-0.2,4.2,8.2
Male,Over_35,160-170,66,24,Beginner,3-5_times,Strength_Training,Creatine,Monohydrate,8,5,Regular,3.8,0,10.3,10
Male,Under_25,170-180,64,18,Beginner,3-5_times,HIIT,Whey_Protein,Concentrate,3,6,Regular,0.5,-1.5,3.5,10
Male,Under_25,170-180,67,21,Beginner,3-5_times,Strength_Training,Fish_Oil,Deep_Sea,6,1,Regular,0.2,-0.8,0.9,8
Female,Under_25,160-170,58,22,Intermediate,Less_than_3,HIIT,Whey_Protein,Concentrate,6,5,Regular,0.6,-1.4,3.3,8.8
Male,Over_35,160-170,58,19,Beginner,More_than_5,Strength_Training,Creatine,Monohydrate,6,7,Regular,5.7,0,12.5,10
Female,Under_25,180-190,82,29,Advanced,3-5_times,Strength_Training,L_Carnitine,Liquid,4,6,Regular,0.1,-3.6,3.2,8.9
Male,Under_25,170-180,66,18,Advanced,3-5_times,Strength_Training,BCAA,Whey_Based,4,7,Regular,0.9,-0.5,7.3,9.8
Female,25-35,160-170,61,23,Beginner,3-5_times,Strength_Training,BCAA,Whey_Based,4,4,Low_Carb,0.4,-0.1,3.2,8
Male,Under_25,170-180,77,20,Intermediate,Less_than_3,Endurance,Creatine,Monohydrate,6,4,Low_Carb,0.6,-0.2,5.7,10
Female,Over_35,170-180,60,23,Advanced,Less_than_3,Flexibility,Fish_Oil,Deep_Sea,4,4,Regular,0.1,-0.8,0.9,6.3
Male,25-35,170-180,81,15,Intermediate,More_than_5,HIIT,Whey_Protein,Concentrate,5,4,Vegan,1.4,-2.1,6.3,10
Female,Over_35,170-180,75,31,Intermediate,3-5_times,Endurance,Whey_Protein,Concentrate,7,2,Regular,1.6,-1,5.2,9.9
Female,Under_25,180-190,89,18,Intermediate,Less_than_3,Strength_Training,Whey_Protein,Isolate,3,3,Regular,3.7,-1.3,5.4,10
Male,Under_25,170-180,81,16,Advanced,Less_than_3,Strength_Training,Pre_Workout,Regular,7,2,Low_Carb,0,0,9.8,10
Male,25-35,160-170,63,17,Intermediate,3-5_times,Endurance,BCAA,Whey_Based,8,6,Regular,-0.3,-0.5,5.1,9
Female,25-35,160-170,63,24,Intermediate,3-5_times,Endurance,BCAA,Whey_Based,5,2,High_Protein,-0.1,-0.4,5.5,7.9
Male,Over_35,180-190,79,19,Beginner,Less_than_3,Strength_Training,Creatine,Monohydrate,6,6,High_Protein,3.7,-0.1,6.4,10
Male,25-35,180-190,92,18,Beginner,More_than_5,Endurance,Creatine,Monohydrate,4,4,High_Protein,2.7,-0.3,8.4,10
Female,25-35,170-180,66,24,Beginner,3-5_times,Strength_Training,Pre_Workout,Regular,4,2,Regular,0.1,0.1,9,10
Male,Under_25,170-180,62,23,Beginner,Less_than_3,Strength_Training,Creatine,Monohydrate,6,3,Regular,2.3,0,6.1,10
Female,25-35,170-180,68,31,Intermediate,3-5_times,Strength_Training,Creatine,HCL,8,7,Low_Carb,3.2,0,8.9,10
Male,Under_25,170-180,60,23,Beginner,More_than_5,Strength_Training,BCAA,Whey_Based,6,3,Low_Carb,0.9,-0.2,3.7,8.1
Female,25-35,160-170,52,21,Intermediate,Less_than_3,Strength_Training,Creatine,HCL,4,1,Vegan,4.1,-0.2,9.5,10
Female,Over_35,170-180,83,33,Beginner,More_than_5,Strength_Training,BCAA,Whey_Based,5,2,High_Protein,1.3,-0.1,6.2,10
Male,Under_25,160-170,71,15,Beginner,More_than_5,Strength_Training,Creatine,Monohydrate,6,7,Regular,5.3,0,11.4,10
Male,25-35,160-170,57,25,Intermediate,3-5_times,Endurance,BCAA,Whey_Based,7,4,Regular,-0.1,-0.5,5.4,9.5
Female,Over_35,170-180,63,25,Beginner,More_than_5,HIIT,Pre_Workout,Regular,5,5,Vegan,-0.4,-0.2,11.8,10
Male,25-35,160-170,64,20,Beginner,Less_than_3,Endurance,Whey_Protein,Concentrate,6,5,Low_Carb,0.8,-0.3,2,8.6
Female,Over_35,170-180,71,32,Beginner,More_than_5,Endurance,Creatine,HCL,7,6,Regular,2.3,-0.2,6.9,10
Male,Under_25,170-180,68,16,Beginner,Less_than_3,Strength_Training,Pre_Workout,Regular,3,2,Low_Carb,0.2,0,5.5,10
Male,Under_25,170-180,77,20,Intermediate,3-5_times,Strength_Training,Creatine,Monohydrate,7,7,Regular,5.6,0,12.2,10
Male,25-35,180-190,75,25,Intermediate,3-5_times,Strength_Training,BCAA,Whey_Based,3,1,High_Protein,0.8,-0.3,5.6,9.7
Male,Over_35,170-180,68,28,Intermediate,3-5_times,Strength_Training,Energy_Drink,Sugar_Free,6,2,High_Protein,-0.1,-0.1,6.8,9.6
Female,Under_25,160-170,60,19,Beginner,More_than_5,Strength_Training,Whey_Protein,Isolate,5,5,Regular,3.9,-1.9,6.2,10
Male,25-35,160-170,51,18,Beginner,Less_than_3,Endurance,BCAA,Vegan,6,5,Regular,-0.3,-0.4,2.9,8.1
Female,Under_25,180-190,89,18,Intermediate,More_than_5,HIIT,BCAA,Whey_Based,6,6,High_Protein,-0.1,-0.6,8.8,10
Male,Under_25,170-180,74,19,Intermediate,Less_than_3,Strength_Training,Creatine,Monohydrate,3,4,Regular,3.9,0.1,5.7,10
Female,Under_25,170-180,70,24,Advanced,Less_than_3,Strength_Training,Creatine,Monohydrate,4,4,Vegan,5.4,-0.1,9.7,10
Female,25-35,170-180,73,30,Intermediate,3-5_times,Endurance,BCAA,Whey_Based,7,2,Regular,-0.7,-0.5,5.4,8.4
Male,Under_25,150-160,64,16,Intermediate,Less_than_3,Strength_Training,Pre_Workout,Caffeine_Free,5,3,Regular,0.5,0,8.1,10
Female,25-35,180-190,91,22,Advanced,More_than_5,HIIT,Creatine,HCL,7,7,Regular,4.6,-0.3,18.2,10
Male,Under_25,160-170,65,13,Beginner,3-5_times,HIIT,Multivitamin,Standard,4,5,Low_Carb,-0.2,-0.1,2.4,7.1
Female,Over_35,160-170,72,27,Intermediate,Less_than_3,Strength_Training,Pre_Workout,Regular,3,7,High_Protein,0.5,0.1,11.5,10
Male,25-35,170-180,82,27,Beginner,More_than_5,HIIT,Pre_Workout,Regular,3,6,Regular,-0.1,-0.4,11.9,10
Male,25-35,160-170,58,26,Beginner,More_than_5,HIIT,Pre_Workout,Regular,7,5,High_Protein,-0.3,-0.2,11.4,10
Male,Under_25,Above_190,88,20,Beginner,3-5_times,Endurance,Creatine,Monohydrate,7,4,High_Protein,1.4,-0.1,5.9,10
Female,Under_25,Above_190,106,18,Intermediate,3-5_times,Strength_Training,Creatine,HCL,3,6,Regular,5.1,0,11.6,10
Male,25-35,180-190,83,23,Beginner,More_than_5,Endurance,BCAA,Whey_Based,7,4,High_Protein,-0.3,-0.6,4.9,8.7
Female,Over_35,160-170,65,31,Intermediate,More_than_5,Strength_Training,Creatine,Monohydrate,4,7,High_Protein,9,-0.2,18.3,10
Male,25-35,170-180,73,22,Beginner,3-5_times,Endurance,Creatine,HCL,7,5,High_Protein,0.6,-0.3,8,10
Male,Over_35,160-170,62,28,Advanced,3-5_times,Strength_Training,Pre_Workout,Caffeine_Free,7,6,Low_Carb,0.1,-0.1,14.1,10
Male,25-35,160-170,59,25,Beginner,3-5_times,HIIT,Whey_Protein,Hydrolyzed,8,7,Low_Carb,1.3,-1.1,3.9,9.4
Female,Under_25,180-190,93,25,Intermediate,3-5_times,Strength_Training,Whey_Protein,Concentrate,5,2,Regular,3.5,-1.8,5.7,10
Female,Over_35,160-170,53,32,Advanced,3-5_times,Flexibility,Whey_Protein,Hydrolyzed,7,6,Low_Carb,2.2,-1.1,3.9,9.5
Male,Under_25,170-180,82,17,Intermediate,Less_than_3,Strength_Training,Pre_Workout,Regular,5,2,Regular,0.3,0,9.1,10
Female,25-35,170-180,70,27,Advanced,3-5_times,Endurance,Creatine,HCL,7,7,Regular,1.9,-0.2,10.3,10
Female,25-35,160-170,73,26,Beginner,3-5_times,Flexibility,BCAA,Whey_Based,7,5,High_Protein,0.4,-0.2,2.2,7.4
Male,25-35,170-180,68,16,Intermediate,3-5_times,Endurance,L_Carnitine,Capsule,7,6,Regular,-0.2,-3.7,7.2,10
Male,Under_25,170-180,83,23,Beginner,3-5_times,Endurance,Multivitamin,Standard,4,7,Vegan,-0.4,-0.2,3.1,6.4
Male,Under_25,150-160,49,12,Intermediate,3-5_times,HIIT,Pre_Workout,Regular,5,1,Low_Carb,-0.2,-0.3,13.1,10
Male,25-35,170-180,69,25,Intermediate,3-5_times,Strength_Training,BCAA,Whey_Based,6,6,Regular,0.2,-0.6,5.3,8.9
Female,Under_25,150-160,56,19,Intermediate,3-5_times,HIIT,Creatine,Monohydrate,6,3,High_Protein,2.8,-0.2,11.7,10
Male,Over_35,170-180,83,23,Intermediate,Less_than_3,HIIT,Whey_Protein,Concentrate,5,1,Regular,0.6,-1.2,4.2,10
Male,Over_35,160-170,70,21,Intermediate,More_than_5,HIIT,Energy_Drink,Sugar_Free,7,3,Regular,-0.2,0.1,8,9.3
Female,Under_25,180-190,88,18,Intermediate,3-5_times,HIIT,Pre_Workout,Caffeine_Free,8,2,High_Protein,-0.7,-0.2,12.6,10
Female,Under_25,170-180,66,22,Intermediate,3-5_times,Strength_Training,Whey_Protein,Isolate,6,5,Regular,5.3,-1.4,5.7,10
Female,Over_35,170-180,73,22,Beginner,Less_than_3,Strength_Training,L_Carnitine,Liquid,5,5,Regular,-0.2,-1.5,1.8,8.1
Male,25-35,160-170,74,24,Intermediate,Less_than_3,Strength_Training,Energy_Drink,Sugar,4,4,High_Protein,0.2,0,3.2,8.9
Male,Over_35,Above_190,85,27,Beginner,3-5_times,Endurance,BCAA,Whey_Based,8,6,Low_Carb,-0.2,-0.5,4,8.2
Male,25-35,160-170,57,27,Beginner,3-5_times,HIIT,BCAA,Whey_Based,3,5,Low_Carb,0.2,-0.3,5.1,8.8
Female,Under_25,160-170,72,29,Advanced,3-5_times,Strength_Training,BCAA,Whey_Based,6,1,Regular,0.9,-0.4,7.2,9.1
Male,Under_25,170-180,60,21,Beginner,Less_than_3,Flexibility,Whey_Protein,Hydrolyzed,3,4,Low_Carb,0.4,0,2,8.3
Male,Under_25,160-170,54,17,Intermediate,3-5_times,Endurance,Multivitamin,Standard,7,2,Regular,0.1,0,3.9,7.3
Male,Under_25,150-160,50,22,Intermediate,3-5_times,Strength_Training,Creatine,Monohydrate,8,5,High_Protein,6.1,0.1,13.6,10
Female,Under_25,160-170,60,19,Beginner,Less_than_3,Endurance,Creatine,Monohydrate,6,7,High_Protein,1,-0.2,4.2,10
Female,Under_25,160-170,54,23,Advanced,3-5_times,Strength_Training,Creatine,HCL,4,6,High_Protein,9.7,0.1,19.3,10
Male,Over_35,160-170,68,28,Beginner,Less_than_3,Endurance,BCAA,Whey_Based,4,3,Regular,-0.5,-0.4,3.2,8.4
Male,25-35,180-190,91,20,Intermediate,3-5_times,Strength_Training,BCAA,Whey_Based,3,2,Regular,0.6,-0.5,5.6,9.9
Male,Under_25,170-180,76,21,Beginner,3-5_times,HIIT,Energy_Drink,Sugar,6,1,Regular,-0.9,-0.2,4.9,8.4
Male,Under_25,Above_190,97,20,Beginner,3-5_times,HIIT,Pre_Workout,Regular,6,3,Regular,0.1,-0.4,9.7,10
Male,25-35,170-180,63,25,Intermediate,More_than_5,HIIT,Creatine,HCL,6,1,Low_Carb,2.4,-0.3,11.3,10
Female,Under_25,180-190,93,29,Beginner,3-5_times,Strength_Training,Whey_Protein,Isolate,3,6,Regular,4.2,-1.4,4.4,10
Male,Under_25,160-170,54,24,Advanced,More_than_5,HIIT,Whey_Protein,Concentrate,5,7,Regular,1.6,-2.3,7.8,10
Male,25-35,170-180,78,20,Intermediate,Less_than_3,Strength_Training,Creatine,Monohydrate,3,6,Low_Carb,3.5,0,6.8,10
Male,Under_25,180-190,75,24,Intermediate,3-5_times,Strength_Training,L_Carnitine,Capsule,6,3,High_Protein,0.5,-2.1,3.4,9.1
Male,Under_25,160-170,74,23,Intermediate,3-5_times,Endurance,Energy_Drink,Sugar_Free,8,2,High_Protein,-0.2,-0.2,2.5,7
Male,25-35,180-190,74,26,Intermediate,Less_than_3,Strength_Training,Whey_Protein,Hydrolyzed,5,6,High_Protein,3.1,-0.9,5.5,10
Male,Under_25,170-180,60,17,Intermediate,Less_than_3,Strength_Training,Whey_Protein,Concentrate,8,7,Vegan,3.3,-1.2,4.5,10
Male,Under_25,170-180,64,14,Advanced,3-5_times,Strength_Training,Whey_Protein,Isolate,7,2,Regular,6,-2.4,6.2,10
Female,Under_25,160-170,72,18,Advanced,3-5_times,Strength_Training,Creatine,Monohydrate,3,1,High_Protein,9.7,0,19.7,10
Male,Under_25,Above_190,84,20,Intermediate,3-5_times,Strength_Training,BCAA,Whey_Based,7,2,Regular,0.7,-0.5,4.1,8.2
Female,Over_35,170-180,61,31,Intermediate,3-5_times,Endurance,BCAA,Whey_Based,8,6,High_Protein,-0.5,-0.5,6.4,9.7
Male,Under_25,180-190,72,13,Intermediate,Less_than_3,Strength_Training,BCAA,Vegan,6,4,High_Protein,0.7,-0.2,4,8.5
Male,25-35,160-170,71,27,Intermediate,3-5_times,Endurance,BCAA,Vegan,8,3,Regular,-0.3,-0.6,4.2,8.9
Male,Under_25,180-190,94,20,Intermediate,Less_than_3,Strength_Training,Creatine,Monohydrate,8,3,Regular,4.6,0,8.2,10
Male,Under_25,170-180,83,22,Beginner,3-5_times,Strength_Training,Fish_Oil,Deep_Sea,3,7,High_Protein,0.1,-0.4,0.7,7
Female,25-35,160-170,59,26,Intermediate,More_than_5,HIIT,Whey_Protein,Isolate,4,5,Regular,1.6,-2.6,8.3,10
Female,25-35,170-180,60,24,Advanced,More_than_5,Strength_Training,BCAA,Vegan,8,2,Regular,0.8,-0.8,9.8,10
Female,25-35,170-180,78,26,Intermediate,3-5_times,Endurance,Creatine,Monohydrate,8,5,Low_Carb,2.1,-0.2,9.3,10
Male,Over_35,170-180,66,22,Beginner,More_than_5,HIIT,Whey_Protein,Hydrolyzed,8,6,High_Protein,0.9,-1.9,7.4,10
Female,25-35,180-190,86,27,Advanced,3-5_times,Flexibility,Pre_Workout,Regular,3,5,Regular,0.3,0,7.9,10
Male,Under_25,160-170,67,16,Intermediate,Less_than_3,Endurance,Whey_Protein,Concentrate,5,4,High_Protein,1.4,-0.5,3.8,9.6
Male,25-35,170-180,60,24,Beginner,3-5_times,HIIT,Whey_Protein,Concentrate,7,1,Regular,0.5,-1.5,4.3,10
Female,Over_35,170-180,76,22,Beginner,3-5_times,Strength_Training,Multivitamin,Standard,6,4,Regular,0.2,0,1.4,7.3
Female,25-35,170-180,80,29,Beginner,Less_than_3,HIIT,Creatine,Monohydrate,3,7,Regular,0.5,0,5.4,10
Male,25-35,150-160,53,26,Intermediate,More_than_5,Strength_Training,Creatine,Monohydrate,4,2,High_Protein,9.2,-0.1,16,10
Female,Under_25,160-170,64,28,Intermediate,3-5_times,Strength_Training,Whey_Protein,Isolate,8,7,Low_Carb,3.4,-1,7.2,10
Male,25-35,170-180,66,21,Intermediate,3-5_times,Endurance,BCAA,Whey_Based,4,1,Regular,-0.3,-0.5,4.9,8.9
Male,25-35,Above_190,107,23,Beginner,Less_than_3,Strength_Training,BCAA,Whey_Based,7,3,Regular,0.3,-0.1,2.4,8.3
Male,25-35,160-170,66,25,Beginner,3-5_times,HIIT,Energy_Drink,Sugar_Free,3,3,High_Protein,-0.3,-0.1,5.2,8.2
Male,25-35,180-190,83,26,Beginner,3-5_times,Strength_Training,Multivitamin,Standard,6,2,High_Protein,0.5,0,2.2,6.2
Female,Under_25,180-190,71,19,Advanced,More_than_5,Strength_Training,BCAA,Whey_Based,4,2,Regular,0.8,-0.9,6.8,8.7
Male,25-35,170-180,79,27,Intermediate,3-5_times,Endurance,Fish_Oil,Algae_DHA,3,3,Low_Carb,-0.2,-1.1,2.3,8.3
Male,25-35,170-180,77,27,Intermediate,More_than_5,HIIT,Energy_Drink,Sugar_Free,5,2,Regular,0,0,7.2,10
Female,25-35,170-180,65,21,Beginner,3-5_times,Strength_Training,Whey_Protein,Concentrate,6,4,Regular,3.3,-1.3,4.4,10
Male,25-35,180-190,78,21,Intermediate,3-5_times,Strength_Training,Creatine,Monohydrate,5,2,High_Protein,6.7,0,13.2,10
Male,25-35,160-170,68,25,Beginner,More_than_5,Strength_Training,Whey_Protein,Isolate,8,7,High_Protein,5.3,-1.6,6.1,10
Male,Under_25,160-170,53,18,Intermediate,3-5_times,Strength_Training,Whey_Protein,Concentrate,8,7,Regular,5.1,-1.9,5.1,10
Male,25-35,180-190,82,15,Intermediate,3-5_times,HIIT,Creatine,Monohydrate,6,7,High_Protein,2.4,-0.1,10.5,10
Male,Under_25,170-180,81,24,Beginner,Less_than_3,Endurance,Creatine,Monohydrate,8,2,Regular,0.8,-0.2,4.5,8.9
Female,25-35,160-170,53,21,Beginner,Less_than_3,Endurance,Whey_Protein,Concentrate,6,5,Low_Carb,0.7,-0.5,2.5,8.1
Female,Under_25,170-180,84,22,Intermediate,3-5_times,Endurance,Whey_Protein,Hydrolyzed,5,5,Regular,1.8,-0.7,6.7,10
Male,Over_35,170-180,62,20,Intermediate,3-5_times,Strength_Training,Whey_Protein,Concentrate,6,6,Regular,4.3,-1.2,8.1,10
Male,Over_35,160-170,55,25,Intermediate,3-5_times,Flexibility,BCAA,Whey_Based,7,4,Regular,0.2,-0.3,3.1,8.5
Male,Under_25,160-170,72,17,Beginner,3-5_times,Strength_Training,Fish_Oil,Deep_Sea,8,3,High_Protein,0,-0.6,1,8
Male,Under_25,160-170,66,12,Intermediate,3-5_times,HIIT,Energy_Drink,Sugar_Free,6,6,Regular,-0.4,0,5.4,9.5
Male,Under_25,170-180,78,18,Advanced,Less_than_3,HIIT,Creatine,HCL,3,6,Regular,1.8,-0.2,9.1,10
Male,25-35,170-180,71,16,Intermediate,3-5_times,Strength_Training,Whey_Protein,Concentrate,4,2,Vegan,5.1,-1.5,4.7,10
Male,Under_25,170-180,70,12,Intermediate,3-5_times,HIIT,Creatine,HCL,5,3,Regular,1.4,-0.2,10.4,10
Female,Under_25,Above_190,90,28,Advanced,3-5_times,Strength_Training,Creatine,Monohydrate,5,1,High_Protein,7.1,0,17.7,10
Male,25-35,170-180,63,15,Beginner,3-5_times,Strength_Training,Whey_Protein,Concentrate,5,5,Regular,3.6,-1.1,5,10
Female,Under_25,160-170,67,27,Intermediate,Less_than_3,HIIT,Energy_Drink,Sugar,5,4,Regular,-0.2,-0.2,5.2,8.4
Female,25-35,170-180,60,23,Advanced,3-5_times,Strength_Training,Whey_Protein,Concentrate,8,3,Regular,6.4,-2.6,8.2,10
Female,Over_35,170-180,74,30,Beginner,3-5_times,Strength_Training,Whey_Protein,Isolate,4,4,Regular,3.2,-0.9,5,10
Male,Under_25,170-180,65,23,Intermediate,3-5_times,Endurance,Fish_Oil,Deep_Sea,6,1,Regular,-0.5,-1.3,3.2,9.1
Male,25-35,170-180,80,25,Beginner,3-5_times,Endurance,BCAA,Whey_Based,8,5,High_Protein,-0.1,-0.2,4.7,8.7
Female,Under_25,Above_190,108,18,Intermediate,Less_than_3,Endurance,BCAA,Whey_Based,8,5,Regular,-0.4,-0.4,3.5,8.9
Female,Under_25,Above_190,90,25,Beginner,More_than_5,Endurance,L_Carnitine,Capsule,6,5,Regular,-0.3,-3.6,7.2,10
Female,Under_25,150-160,63,19,Intermediate,Less_than_3,Strength_Training,Creatine,HCL,3,6,Regular,4.5,0.2,8.9,10
Male,25-35,160-170,65,23,Advanced,Less_than_3,Strength_Training,Multivitamin,Sport_Enhanced,8,1,High_Protein,0.1,0.2,2.9,6.6
Male,Under_25,150-160,52,13,Intermediate,3-5_times,Strength_Training,Multivitamin,Standard,8,5,High_Protein,-0.2,0,3.2,6.2
Female,Under_25,160-170,68,27,Beginner,3-5_times,Flexibility,Whey_Protein,Concentrate,3,3,Regular,1.7,-0.7,2.1,8.5
Female,Under_25,180-190,75,26,Advanced,3-5_times,HIIT,Pre_Workout,Regular,3,3,Regular,-0.4,0,16.6,10
Female,25-35,160-170,69,25,Beginner,3-5_times,Flexibility,Energy_Drink,Sugar_Free,6,6,High_Protein,0.3,-0.1,2.1,8
Male,25-35,170-180,67,26,Beginner,3-5_times,Strength_Training,Creatine,Monohydrate,5,5,Low_Carb,2.8,0,8.4,10
Male,Under_25,180-190,71,15,Beginner,3-5_times,HIIT,Energy_Drink,Sugar_Free,3,4,Low_Carb,-0.5,-0.1,4.3,8.7
Female,25-35,160-170,74,31,Intermediate,Less_than_3,Strength_Training,Fish_Oil,Deep_Sea,5,7,Regular,0.4,-0.5,0.4,8.1
Male,Over_35,160-170,59,19,Intermediate,Less_than_3,HIIT,Multivitamin,Standard,3,6,Low_Carb,-0.2,-0.1,2.9,6.2
Male,Under_25,180-190,92,12,Advanced,3-5_times,HIIT,Whey_Protein,Concentrate,6,7,Regular,1.8,-3,6.3,10
Female,Under_25,170-180,65,26,Advanced,More_than_5,HIIT,Multivitamin,Standard,3,5,Low_Carb,-0.3,-0.3,6.3,7.3
Male,Under_25,170-180,75,24,Beginner,3-5_times,Strength_Training,Creatine,Monohydrate,8,3,Vegan,4,0,9.2,10
Male,25-35,160-170,58,24,Intermediate,3-5_times,Strength_Training,Energy_Drink,Sugar,4,2,Regular,0.6,0,5.8,9.9
Female,25-35,180-190,84,22,Intermediate,More_than_5,HIIT,Whey_Protein,Concentrate,8,2,Regular,3.3,-2.7,8.2,10
Male,25-35,170-180,64,24,Intermediate,3-5_times,Flexibility,L_Carnitine,Liquid,3,3,Regular,0.4,-2.1,2.3,7.8
Male,25-35,160-170,55,26,Intermediate,More_than_5,Endurance,Pre_Workout,Caffeine_Free,3,3,Low_Carb,-0.3,-0.2,16.6,10
Female,Over_35,150-160,54,34,Intermediate,3-5_times,HIIT,Creatine,Monohydrate,6,3,High_Protein,1.5,-0.1,12.1,10
Female,Over_35,170-180,65,27,Intermediate,3-5_times,Flexibility,Whey_Protein,Concentrate,4,4,Regular,1.5,-0.7,3.3,8.8
Female,Under_25,160-170,66,27,Advanced,3-5_times,Strength_Training,Whey_Protein,Isolate,3,3,Regular,6.1,-2.6,9.4,10
Male,Under_25,160-170,74,21,Advanced,More_than_5,Strength_Training,Creatine,Monohydrate,3,1,Vegan,8.2,0,18.4,10
Male,Under_25,170-180,71,16,Intermediate,Less_than_3,HIIT,Creatine,Monohydrate,3,6,Regular,1,-0.1,8.6,10
Female,Under_25,180-190,80,27,Intermediate,Less_than_3,Strength_Training,Whey_Protein,Concentrate,7,4,Regular,3.5,-1.2,5,10
Male,Over_35,170-180,83,24,Advanced,3-5_times,HIIT,Whey_Protein,Concentrate,8,4,Low_Carb,2,-1,8.9,10
Male,Under_25,180-190,79,19,Intermediate,More_than_5,Strength_Training,Creatine,Monohydrate,6,1,Regular,9.9,0,14.2,10
Male,25-35,170-180,65,17,Beginner,3-5_times,Strength_Training,Whey_Protein,Concentrate,4,3,Regular,3.5,-1.6,5.1,10
Male,Under_25,180-190,85,13,Advanced,Less_than_3,Endurance,Pre_Workout,Regular,6,5,Regular,-0.2,-0.1,10.2,10
Male,25-35,180-190,86,23,Intermediate,Less_than_3,Strength_Training,BCAA,Whey_Based,7,3,Regular,0.5,0,2.8,7.3
Female,25-35,170-180,62,30,Intermediate,Less_than_3,HIIT,Energy_Drink,Sugar,3,2,High_Protein,-0.3,-0.2,3.7,7.5
Male,Under_25,150-160,64,23,Beginner,3-5_times,HIIT,Fish_Oil,Deep_Sea,3,7,Regular,-0.4,-0.8,1.7,8.5
Male,25-35,150-160,57,15,Beginner,3-5_times,Strength_Training,Whey_Protein,Isolate,5,1,Low_Carb,2.1,-0.6,5.2,10
Male,25-35,180-190,84,24,Intermediate,Less_than_3,Strength_Training,Whey_Protein,Isolate,4,3,Vegan,3.1,-0.8,5.1,10
Male,Under_25,170-180,73,12,Beginner,3-5_times,Strength_Training,Creatine,Monohydrate,4,4,Regular,3.9,0,9.8,10
Female,25-35,Above_190,105,20,Beginner,Less_than_3,Strength_Training,Multivitamin,Sport_Enhanced,4,1,High_Protein,0.4,0,1.8,6.3
Female,Under_25,170-180,81,28,Beginner,More_than_5,HIIT,Energy_Drink,Sugar_Free,5,4,Regular,-0.3,-0.1,4.4,8.2
Female,Under_25,160-170,71,18,Beginner,More_than_5,HIIT,BCAA,Whey_Based,6,7,High_Protein,-0.4,-0.5,6.1,9.8
Male,Under_25,170-180,71,23,Intermediate,3-5_times,Strength_Training,BCAA,Whey_Based,8,2,Regular,0.5,-0.2,5.7,9.7
Female,25-35,170-180,78,27,Beginner,Less_than_3,Strength_Training,Creatine,Monohydrate,8,2,Low_Carb,3,0.1,7,10
Male,Under_25,170-180,67,20,Intermediate,Less_than_3,Strength_Training,BCAA,Whey_Based,6,5,Vegan,0.3,-0.3,3.2,9
Male,Under_25,150-160,63,17,Advanced,Less_than_3,Endurance,BCAA,Whey_Based,3,3,High_Protein,0,-0.6,4.8,8.5
Male,25-35,180-190,91,23,Intermediate,More_than_5,Strength_Training,Whey_Protein,Hydrolyzed,5,4,Regular,5,-2.8,8.6,10
Male,25-35,180-190,86,19,Advanced,Less_than_3,Endurance,Energy_Drink,Sugar_Free,4,5,Vegan,-0.6,-0.2,1.4,7.2
Female,Over_35,170-180,65,31,Beginner,3-5_times,Strength_Training,Creatine,Monohydrate,6,5,Regular,4.4,-0.1,8.9,10
Male,Under_25,180-190,89,19,Intermediate,Less_than_3,HIIT,BCAA,Whey_Based,5,1,Regular,-0.1,-0.6,3.7,7.9
Female,Over_35,170-180,82,34,Advanced,More_than_5,Strength_Training,Whey_Protein,Concentrate,3,5,High_Protein,8.3,-2.5,14.5,10
Female,Over_35,160-170,54,29,Beginner,3-5_times,Endurance,Whey_Protein,Concentrate,3,2,High_Protein,1,-1,5,10
Male,Under_25,160-170,67,23,Intermediate,3-5_times,HIIT,Whey_Protein,Concentrate,5,1,Regular,2.2,-1.7,4.9,9.5
Male,Under_25,160-170,62,13,Intermediate,3-5_times,HIIT,Creatine,Monohydrate,8,7,High_Protein,1.6,-0.2,11.4,10
Female,25-35,150-160,62,25,Beginner,3-5_times,Endurance,Whey_Protein,Concentrate,3,6,Regular,1.5,-0.9,3.6,10
Male,Under_25,170-180,60,24,Beginner,3-5_times,Endurance,Creatine,Monohydrate,5,7,Regular,1.3,-0.4,4.1,10
Male,Over_35,160-170,54,21,Advanced,3-5_times,Endurance,Whey_Protein,Concentrate,3,7,Regular,3.1,-1,7,10
Female,25-35,160-170,60,21,Advanced,3-5_times,Endurance,Creatine,Monohydrate,7,5,Low_Carb,1.4,-0.1,12.8,10
Male,Under_25,160-170,56,12,Beginner,3-5_times,Strength_Training,Energy_Drink,Sugar,3,2,High_Protein,0.8,0,3.5,9.1
Male,Under_25,170-180,67,19,Intermediate,3-5_times,HIIT,Creatine,Monohydrate,8,3,Regular,1.9,-0.2,8.9,10
Female,25-35,170-180,60,26,Intermediate,More_than_5,HIIT,BCAA,Whey_Based,8,3,Low_Carb,-0.1,-0.3,8.4,9.3
Male,25-35,160-170,68,19,Beginner,3-5_times,Endurance,BCAA,Vegan,4,6,High_Protein,-0.5,-0.4,4,8.1
Male,25-35,Above_190,103,24,Intermediate,3-5_times,HIIT,Creatine,Monohydrate,3,5,High_Protein,2.9,-0.3,10.9,10
Male,25-35,170-180,79,25,Advanced,3-5_times,HIIT,Whey_Protein,Hydrolyzed,6,4,Regular,3,-2,6.4,10
Female,25-35,180-190,83,20,Intermediate,Less_than_3,Endurance,Whey_Protein,Isolate,7,1,Regular,0.1,-1,3.6,9.8
Male,25-35,170-180,68,20,Intermediate,3-5_times,Strength_Training,Fish_Oil,Deep_Sea,4,2,Vegan,0.2,-1,1.2,8.4
Male,Under_25,170-180,67,13,Beginner,Less_than_3,Strength_Training,Energy_Drink,Sugar,8,4,Regular,0,0.1,2.6,8.5
Female,Under_25,170-180,67,27,Intermediate,3-5_times,Strength_Training,Whey_Protein,Concentrate,5,6,Regular,5.1,-2,7,10
Male,Under_25,160-170,61,17,Beginner,3-5_times,Strength_Training,Whey_Protein,Isolate,7,7,High_Protein,3.8,-1,5.4,10
Male,25-35,170-180,75,25,Intermediate,More_than_5,Strength_Training,BCAA,Whey_Based,3,6,Low_Carb,0.7,-0.2,7.5,9.4
Female,Under_25,170-180,84,21,Advanced,3-5_times,Flexibility,Creatine,HCL,4,2,Low_Carb,2.8,0,5.6,9.6
Female,Under_25,170-180,64,20,Intermediate,Less_than_3,Endurance,Whey_Protein,Concentrate,3,5,Regular,1.7,-1.1,3.9,9.8
Male,Over_35,180-190,78,23,Beginner,More_than_5,Endurance,Energy_Drink,Sugar_Free,5,4,Low_Carb,-0.4,-0.1,1.5,7.6
Female,Under_25,160-170,59,21,Beginner,More_than_5,Endurance,Fish_Oil,Deep_Sea,6,4,High_Protein,-0.6,-1.1,3.2,7.8
Male,Under_25,Above_190,102,13,Intermediate,3-5_times,HIIT,Creatine,Monohydrate,3,4,High_Protein,1.7,-0.2,9.2,10
Female,Over_35,180-190,74,27,Beginner,3-5_times,Strength_Training,BCAA,Whey_Based,3,3,Regular,0.5,-0.3,4.5,7.8
Male,Under_25,170-180,80,18,Beginner,3-5_times,Strength_Training,Creatine,HCL,3,4,Low_Carb,3.7,0.1,8.2,10
Male,25-35,150-160,52,27,Beginner,More_than_5,Strength_Training,Pre_Workout,Regular,6,1,High_Protein,0.3,0,11.9,10
Female,25-35,180-190,79,31,Intermediate,More_than_5,Strength_Training,Creatine,Monohydrate,4,1,Regular,7.7,0,15,10
Female,Under_25,170-180,61,20,Beginner,Less_than_3,HIIT,BCAA,Whey_Based,6,3,Low_Carb,-0.5,-0.3,2.3,7.5
Male,Over_35,170-180,78,28,Intermediate,More_than_5,Strength_Training,Whey_Protein,Concentrate,3,7,Regular,6.8,-2.3,9.8,10
Male,25-35,150-160,55,20,Advanced,More_than_5,Flexibility,Whey_Protein,Hydrolyzed,8,2,Low_Carb,3.9,-0.7,4.2,9.2
Male,25-35,170-180,78,19,Advanced,3-5_times,HIIT,Whey_Protein,Isolate,6,6,Low_Carb,2.8,-1.3,6.4,10
Male,Under_25,160-170,56,18,Intermediate,3-5_times,Flexibility,Whey_Protein,Concentrate,3,7,Regular,3.2,-0.4,3.5,8.8
Male,Under_25,160-170,71,13,Beginner,3-5_times,HIIT,Fish_Oil,Algae_DHA,8,1,Low_Carb,-0.2,-0.6,2.3,8.1
Female,Over_35,170-180,77,25,Intermediate,3-5_times,Strength_Training,Whey_Protein,Isolate,8,2,Vegan,4.1,-1.7,5.5,10
Female,Under_25,170-180,62,22,Beginner,More_than_5,HIIT,BCAA,Whey_Based,4,1,Low_Carb,-0.2,-0.5,6.3,9.6
Male,25-35,170-180,77,18,Beginner,Less_than_3,HIIT,Energy_Drink,Sugar_Free,3,4,Regular,-0.1,-0.4,2.7,8.4
Male,25-35,170-180,65,23,Beginner,3-5_times,HIIT,Creatine,Monohydrate,7,5,Low_Carb,1.3,-0.1,6,10
Female,Under_25,180-190,72,26,Intermediate,3-5_times,HIIT,Creatine,HCL,8,2,Regular,1.6,-0.1,10.5,10
Female,25-35,170-180,73,27,Beginner,More_than_5,Strength_Training,BCAA,Vegan,5,3,High_Protein,1,-0.5,4.7,9.7
Male,25-35,170-180,78,27,Beginner,More_than_5,HIIT,Whey_Protein,Concentrate,5,2,High_Protein,1.6,-2,4.6,10
Male,Under_25,180-190,72,12,Intermediate,Less_than_3,HIIT,BCAA,Vegan,7,3,High_Protein,-0.1,-0.5,4.3,8.1
Male,Under_25,Above_190,97,22,Beginner,3-5_times,Strength_Training,Pre_Workout,Caffeine_Free,8,6,Regular,0.2,0,9.1,10
Male,Under_25,180-190,75,20,Intermediate,3-5_times,Flexibility,Creatine,Monohydrate,8,6,High_Protein,2.9,0.1,4.5,9.3
Female,25-35,170-180,84,31,Advanced,3-5_times,HIIT,Pre_Workout,Regular,4,4,Vegan,-0.6,-0.3,14.1,10
Male,Under_25,160-170,67,12,Intermediate,3-5_times,Strength_Training,Creatine,HCL,5,6,Low_Carb,4.5,0,12.4,10
Male,Under_25,180-190,90,21,Beginner,Less_than_3,Strength_Training,Creatine,Monohydrate,5,3,High_Protein,3.7,0,6.1,10
Female,Under_25,160-170,73,29,Intermediate,More_than_5,Strength_Training,Whey_Protein,Concentrate,4,3,High_Protein,7.1,-1.4,9.3,10
Male,Under_25,170-180,84,14,Beginner,3-5_times,Strength_Training,BCAA,Whey_Based,5,2,High_Protein,1.1,-0.2,3.9,8.1
Male,Under_25,170-180,63,24,Beginner,3-5_times,Strength_Training,Energy_Drink,Sugar_Free,6,1,Regular,0.2,0.1,3.2,8.5
Male,Under_25,150-160,48,19,Beginner,More_than_5,Flexibility,Whey_Protein,Concentrate,4,6,Regular,1.6,-0.6,2.3,9.5
Male,Over_35,160-170,59,19,Advanced,Less_than_3,Endurance,Creatine,Monohydrate,3,1,Low_Carb,1.9,-0.1,7.3,10
Female,Under_25,180-190,93,29,Intermediate,3-5_times,Strength_Training,BCAA,Whey_Based,5,5,High_Protein,0.6,-0.1,4.1,9.5
Male,25-35,170-180,69,19,Beginner,More_than_5,Flexibility,BCAA,Whey_Based,3,2,Regular,0.4,-0.3,1.7,8.5
Male,Under_25,160-170,57,18,Intermediate,3-5_times,Strength_Training,Energy_Drink,Sugar_Free,5,6,Regular,0.1,-0.2,3.8,7.6
Male,25-35,170-180,80,23,Beginner,3-5_times,Flexibility,Creatine,Monohydrate,3,2,Regular,2.6,0.1,4.2,9.8
Female,25-35,170-180,69,30,Intermediate,3-5_times,Flexibility,Creatine,HCL,3,3,Low_Carb,2.4,0,5.2,10
Male,25-35,180-190,86,18,Intermediate,Less_than_3,Endurance,Whey_Protein,Concentrate,8,2,High_Protein,0.9,-0.5,4.9,9.8
Male,Under_25,160-170,62,22,Intermediate,More_than_5,HIIT,L_Carnitine,Capsule,6,4,High_Protein,-0.3,-6.1,10.8,10
Male,Under_25,150-160,55,13,Beginner,Less_than_3,Strength_Training,Creatine,Monohydrate,7,1,Regular,3.4,-0.2,5.9,10
Male,Under_25,170-180,84,24,Advanced,3-5_times,Endurance,BCAA,Whey_Based,8,1,Low_Carb,0,-0.5,7.3,9.9
Female,Over_35,160-170,58,22,Advanced,3-5_times,Strength_Training,Creatine,Monohydrate,4,2,Low_Carb,6,-0.1,17.3,10
Male,25-35,150-160,58,18,Beginner,3-5_times,Endurance,Pre_Workout,Regular,8,5,Regular,-0.2,-0.1,8.1,10
Male,25-35,170-180,77,18,Intermediate,Less_than_3,Endurance,Creatine,HCL,3,6,High_Protein,1.7,-0.1,5.5,10
Male,Under_25,160-170,57,19,Intermediate,3-5_times,Strength_Training,Creatine,Monohydrate,7,7,Regular,5.5,-0.1,10.9,10
Male,25-35,170-180,63,20,Beginner,3-5_times,HIIT,Whey_Protein,Concentrate,6,2,Regular,1.2,-1.7,4.5,10
Female,Under_25,180-190,85,20,Beginner,3-5_times,Endurance,Creatine,HCL,5,6,Low_Carb,1.1,-0.1,6.3,10
Male,25-35,180-190,86,19,Intermediate,Less_than_3,HIIT,Creatine,Monohydrate,5,7,Low_Carb,1.3,-0.1,7.3,10
Male,Under_25,170-180,63,22,Intermediate,3-5_times,Strength_Training,Whey_Protein,Isolate,4,7,Regular,5.4,-1.6,7.2,10
Female,25-35,170-180,77,26,Beginner,3-5_times,Strength_Training,BCAA,Whey_Based,3,5,Vegan,0.2,-0.4,3.6,8.7
Female,Under_25,Above_190,80,23,Beginner,3-5_times,Endurance,BCAA,Whey_Based,7,5,Regular,-0.2,-0.4,4.3,8.6
Male,Under_25,170-180,72,24,Intermediate,More_than_5,Strength_Training,Whey_Protein,Isolate,4,5,Regular,6.3,-2.8,10.3,10
Female,Under_25,170-180,74,25,Intermediate,Less_than_3,Strength_Training,Energy_Drink,Sugar,5,4,Low_Carb,0.3,0,3.6,8.6
Female,Under_25,170-180,74,22,Intermediate,Less_than_3,HIIT,Whey_Protein,Hydrolyzed,6,3,Regular,1.6,-1.3,4.6,9.7
Male,Under_25,180-190,74,24,Advanced,More_than_5,HIIT,Whey_Protein,Isolate,4,3,Regular,2.8,-2.7,12,10
Male,Over_35,160-170,67,19,Beginner,Less_than_3,Strength_Training,Creatine,HCL,8,3,High_Protein,3.7,0,6.9,10
Male,25-35,160-170,51,26,Intermediate,More_than_5,Strength_Training,Creatine,Monohydrate,7,7,Regular,8.9,-0.1,14.2,10
Male,25-35,160-170,57,18,Beginner,3-5_times,Strength_Training,BCAA,Whey_Based,4,5,High_Protein,0.5,-0.3,3.5,8.3
Male,25-35,180-190,79,21,Beginner,Less_than_3,Strength_Training,Multivitamin,Standard,3,1,Vegan,0.4,0.1,1.9,6.4
Male,25-35,160-170,58,24,Intermediate,3-5_times,Strength_Training,BCAA,Whey_Based,3,3,Regular,0.5,-0.4,4.5,9.6
Male,Under_25,180-190,90,12,Intermediate,More_than_5,Endurance,Creatine,HCL,6,1,High_Protein,3.6,-0.2,12.1,10
Female,Under_25,160-170,67,27,Advanced,More_than_5,Strength_Training,Creatine,Monohydrate,4,2,High_Protein,10.4,0,23.7,10
Male,Over_35,150-160,48,22,Beginner,More_than_5,Strength_Training,Pre_Workout,Regular,6,1,High_Protein,0,0,9.9,10
Male,25-35,170-180,68,16,Intermediate,3-5_times,Strength_Training,BCAA,Vegan,7,1,High_Protein,0.7,-0.4,6.2,9.3
Male,Over_35,170-180,84,25,Beginner,3-5_times,Flexibility,Whey_Protein,Hydrolyzed,5,7,Regular,1.1,-0.7,1.9,8.3
Female,Under_25,170-180,70,24,Intermediate,3-5_times,Strength_Training,Creatine,Monohydrate,4,6,Regular,6.1,0,11.1,10
Male,Under_25,180-190,85,18,Intermediate,Less_than_3,Strength_Training,L_Carnitine,Capsule,5,2,Regular,0.4,-1.9,2.7,8.6
Male,Over_35,180-190,82,24,Beginner,3-5_times,Endurance,Energy_Drink,Sugar_Free,6,1,Regular,-0.2,-0.1,1.4,7.4
Female,Under_25,160-170,62,25,Beginner,3-5_times,Strength_Training,Whey_Protein,Concentrate,7,4,High_Protein,3.9,-1.1,4,10
Female,Under_25,160-170,66,24,Beginner,3-5_times,Strength_Training,Whey_Protein,Concentrate,8,5,Low_Carb,3,-0.7,2.9,10
Male,Under_25,160-170,56,20,Intermediate,More_than_5,HIIT,Creatine,Monohydrate,3,6,Regular,2.8,-0.3,11.7,10
Male,Under_25,170-180,72,12,Advanced,3-5_times,Strength_Training,BCAA,Vegan,6,4,High_Protein,1.3,-0.3,7.4,10
Female,Under_25,170-180,81,25,Beginner,Less_than_3,Flexibility,Whey_Protein,Isolate,8,1,Regular,1.5,-0.4,1.1,8.9
Female,25-35,180-190,70,24,Intermediate,3-5_times,Endurance,L_Carnitine,Capsule,8,5,Regular,-0.4,-3.2,7.1,10
Male,Over_35,170-180,74,19,Intermediate,3-5_times,Endurance,Pre_Workout,Regular,5,4,High_Protein,-0.7,-0.1,10.2,10
Male,25-35,170-180,84,22,Intermediate,3-5_times,Endurance,Whey_Protein,Concentrate,7,1,Regular,1.8,-0.7,4.9,10
Male,25-35,170-180,79,15,Intermediate,Less_than_3,Strength_Training,Creatine,Monohydrate,5,4,Regular,3.7,0.1,9,10
Female,Over_35,Above_190,87,33,Advanced,3-5_times,Endurance,Whey_Protein,Concentrate,3,2,Regular,1.4,-1.2,6.8,10
Male,Under_25,170-180,78,13,Beginner,Less_than_3,Strength_Training,Whey_Protein,Isolate,3,5,Regular,2.4,-0.8,3.4,10
Male,25-35,170-180,75,22,Advanced,3-5_times,Strength_Training,Whey_Protein,Concentrate,4,5,High_Protein,6.8,-1.5,10.3,10
Male,Under_25,160-170,52,12,Intermediate,Less_than_3,Flexibility,Whey_Protein,Hydrolyzed,8,2,High_Protein,1.5,-0.8,2.2,8.8
Male,Under_25,170-180,76,13,Intermediate,3-5_times,HIIT,Creatine,HCL,3,4,High_Protein,2.7,-0.1,9.9,10
Male,25-35,Above_190,100,22,Advanced,3-5_times,Strength_Training,BCAA,Whey_Based,7,4,Low_Carb,0.6,-0.5,6.4,8.6
Male,Under_25,Above_190,91,15,Beginner,Less_than_3,Endurance,Energy_Drink,Sugar_Free,5,1,Low_Carb,-0.2,-0.2,1.3,7.5
Male,25-35,170-180,77,24,Beginner,More_than_5,Strength_Training,Creatine,Monohydrate,3,2,Low_Carb,4.8,0,12.1,10
Male,25-35,180-190,92,20,Intermediate,Less_than_3,Strength_Training,Multivitamin,Standard,3,6,Regular,0.3,-0.1,1.8,7.4
Male,Under_25,160-170,57,15,Beginner,Less_than_3,HIIT,Fish_Oil,Deep_Sea,4,6,Regular,-0.4,-0.9,1.6,7.9
Male,Under_25,170-180,71,20,Beginner,3-5_times,Endurance,Pre_Workout,Regular,7,5,Low_Carb,-0.5,-0.1,7.9,10
Female,Under_25,150-160,55,19,Advanced,Less_than_3,Strength_Training,Whey_Protein,Concentrate,8,3,Low_Carb,2.7,-0.9,5.8,10
Male,Under_25,180-190,78,13,Beginner,More_than_5,Strength_Training,BCAA,Whey_Based,5,1,Low_Carb,0.5,-0.4,5.5,8
Male,Under_25,170-180,73,20,Beginner,Less_than_3,Strength_Training,Whey_Protein,Concentrate,5,6,Regular,2.2,-0.6,2.5,10
Male,25-35,160-170,64,25,Intermediate,More_than_5,Strength_Training,Pre_Workout,Regular,4,5,Regular,0,0,14.4,10
Male,Over_35,170-180,64,28,Beginner,3-5_times,Endurance,BCAA,Vegan,5,3,High_Protein,-0.5,-0.4,3.7,9.2
Male,Under_25,160-170,58,15,Advanced,3-5_times,Strength_Training,Creatine,HCL,3,6,Low_Carb,6.5,-0.1,16.8,10
Female,Under_25,160-170,60,24,Intermediate,3-5_times,Endurance,Creatine,HCL,6,1,Low_Carb,2.5,-0.2,8.1,10
Male,Under_25,170-180,60,12,Beginner,3-5_times,HIIT,Whey_Protein,Hydrolyzed,8,6,Regular,1,-1.1,3.7,9.7
Male,25-35,160-170,54,16,Advanced,3-5_times,HIIT,BCAA,Whey_Based,8,2,Low_Carb,-0.5,-0.6,7.9,10
Male,Under_25,170-180,63,17,Beginner,More_than_5,Endurance,Creatine,HCL,8,3,Regular,1.7,-0.2,6.9,10
Male,Over_35,170-180,79,20,Beginner,3-5_times,Strength_Training,Creatine,HCL,3,3,High_Protein,4.8,0.1,8.9,10
Male,Under_25,170-180,65,12,Intermediate,3-5_times,Strength_Training,Pre_Workout,Regular,8,2,Regular,-0.2,0.3,11.4,10
Female,Under_25,160-170,69,26,Advanced,3-5_times,Strength_Training,Whey_Protein,Concentrate,5,3,Regular,5.8,-2.1,10,10
Male,Under_25,170-180,63,13,Beginner,Less_than_3,HIIT,Whey_Protein,Hydrolyzed,8,1,Low_Carb,0.4,-0.7,2.5,9.9
Female,Under_25,170-180,66,27,Intermediate,3-5_times,Flexibility,Whey_Protein,Isolate,3,1,High_Protein,2.3,-1.2,2.6,7.8
Male,Over_35,Above_190,109,18,Intermediate,More_than_5,HIIT,BCAA,Whey_Based,5,3,Regular,-0.3,-0.7,7.2,10
Female,Under_25,180-190,74,28,Beginner,3-5_times,Endurance,Whey_Protein,Isolate,8,6,High_Protein,0.6,-0.7,4.8,9.6
Male,25-35,170-180,82,26,Intermediate,More_than_5,Strength_Training,Creatine,Monohydrate,7,7,Regular,8.5,0,15.6,10
Male,25-35,160-170,58,24,Intermediate,Less_than_3,Strength_Training,Energy_Drink,Sugar_Free,3,7,Regular,0.2,-0.1,3.8,8.7
Male,Under_25,160-170,67,24,Beginner,3-5_times,Strength_Training,BCAA,Whey_Based,4,3,Regular,0.6,-0.2,3.7,7.7
Female,25-35,180-190,83,25,Intermediate,3-5_times,Endurance,Whey_Protein,Concentrate,3,3,Regular,2,-0.7,5.7,9.4
Female,25-35,160-170,58,30,Intermediate,Less_than_3,Strength_Training,Creatine,Monohydrate,7,3,High_Protein,5.5,0,10.4,10
Female,Under_25,180-190,73,29,Intermediate,Less_than_3,Flexibility,Whey_Protein,Concentrate,5,2,Low_Carb,1.7,-0.5,1.6,9.5
Male,Under_25,170-180,84,23,Intermediate,3-5_times,Strength_Training,Whey_Protein,Isolate,8,4,Regular,4.6,-1.4,7.6,10
Male,25-35,170-180,71,23,Advanced,Less_than_3,Strength_Training,Pre_Workout,Regular,8,1,High_Protein,0.4,0,9.1,10
Female,Under_25,160-170,58,29,Intermediate,3-5_times,Strength_Training,Multivitamin,Standard,3,6,Regular,0.3,0,3.4,7.3
Female,25-35,170-180,65,22,Beginner,Less_than_3,Strength_Training,Whey_Protein,Isolate,4,7,Low_Carb,1.8,-0.6,3.3,10
Male,25-35,180-190,76,15,Intermediate,3-5_times,Endurance,Multivitamin,Standard,6,7,Regular,-0.6,-0.3,3.2,6.2
Male,25-35,150-160,54,18,Beginner,More_than_5,Strength_Training,BCAA,Whey_Based,4,5,High_Protein,0.1,-0.4,5.5,8.8
Female,25-35,160-170,54,21,Intermediate,More_than_5,HIIT,Creatine,HCL,8,2,Regular,2.5,-0.1,12.9,10
Male,Under_25,170-180,61,19,Intermediate,3-5_times,Endurance,BCAA,Vegan,4,5,Regular,-0.3,-0.6,5.9,9.1
Male,Under_25,150-160,47,24,Intermediate,3-5_times,Strength_Training,Whey_Protein,Concentrate,6,4,Regular,5.1,-1.7,5.5,10
Female,Under_25,160-170,54,29,Beginner,3-5_times,Strength_Training,Creatine,Monohydrate,7,7,Vegan,4.9,0,7.4,10
Male,Under_25,160-170,50,16,Advanced,3-5_times,Endurance,Fish_Oil,Deep_Sea,7,3,Low_Carb,-0.1,-1,3.6,8.4
Male,Over_35,170-180,72,19,Advanced,Less_than_3,Strength_Training,BCAA,Whey_Based,8,1,Vegan,0.7,-0.4,4.9,8
Male,Under_25,170-180,74,12,Beginner,More_than_5,Strength_Training,BCAA,Whey_Based,3,6,Vegan,0.2,-0.3,4.3,8.4
Male,Over_35,160-170,58,18,Intermediate,3-5_times,HIIT,Multivitamin,Standard,4,1,High_Protein,-0.5,0.1,3.5,7
Male,25-35,160-170,52,27,Beginner,3-5_times,Endurance,Fish_Oil,Deep_Sea,8,4,Regular,-0.3,-1,2.5,7.7
Male,Under_25,160-170,62,13,Advanced,More_than_5,HIIT,Whey_Protein,Isolate,4,3,Regular,3.6,-3.4,8.5,10
Male,Under_25,180-190,70,17,Intermediate,Less_than_3,Flexibility,Fish_Oil,Deep_Sea,5,2,Regular,0.6,-0.3,0.4,7.4
Female,Under_25,160-170,61,23,Beginner,More_than_5,HIIT,Creatine,Monohydrate,8,6,High_Protein,1.8,-0.3,9.1,10
Male,25-35,180-190,82,17,Intermediate,3-5_times,Endurance,Pre_Workout,Caffeine_Free,3,7,Regular,-0.6,-0.2,12.6,10
Male,Under_25,170-180,80,18,Intermediate,3-5_times,Endurance,Fish_Oil,Deep_Sea,4,1,High_Protein,-0.5,-1.2,3.2,8
Male,Under_25,160-170,55,14,Intermediate,3-5_times,Strength_Training,Fish_Oil,Deep_Sea,6,3,Low_Carb,0.2,-0.3,1.3,7.5
Female,25-35,170-180,76,24,Advanced,3-5_times,Strength_Training,Creatine,Monohydrate,3,5,Regular,7.6,0,13.5,10
Female,Under_25,170-180,78,18,Advanced,3-5_times,Flexibility,Pre_Workout,Regular,6,1,Regular,0.2,0.1,6.7,10
Male,Under_25,170-180,80,17,Beginner,3-5_times,Endurance,Creatine,Monohydrate,6,4,Regular,0.7,-0.3,5.3,10
Male,25-35,170-180,72,16,Intermediate,Less_than_3,Endurance,Creatine,Monohydrate,6,7,High_Protein,1.2,-0.3,7.3,10
Female,Under_25,170-180,72,25,Advanced,3-5_times,Strength_Training,Whey_Protein,Concentrate,3,1,Regular,5.9,-2.2,8.5,10
Male,Over_35,170-180,83,21,Intermediate,Less_than_3,Flexibility,Whey_Protein,Isolate,4,5,Vegan,1.8,-0.2,2.2,9.5
Male,Under_25,170-180,66,17,Intermediate,3-5_times,Strength_Training,Pre_Workout,Caffeine_Free,6,6,Low_Carb,0.3,0,12,10
Male,Under_25,150-160,64,13,Beginner,Less_than_3,Flexibility,L_Carnitine,Liquid,4,5,Regular,0.3,-1.1,1.9,9.4
Female,Over_35,160-170,67,29,Advanced,3-5_times,Strength_Training,Whey_Protein,Isolate,8,7,Low_Carb,5.1,-1,8.8,10
Male,25-35,160-170,56,23,Intermediate,Less_than_3,HIIT,Creatine,Monohydrate,5,1,High_Protein,0.9,-0.3,8,10
Male,25-35,150-160,52,19,Intermediate,Less_than_3,HIIT,Creatine,Monohydrate,7,3,Low_Carb,1.1,0,6.3,9.4
Male,25-35,170-180,73,18,Intermediate,More_than_5,HIIT,Whey_Protein,Concentrate,8,5,Low_Carb,1,-1.4,8.9,10
Male,25-35,160-170,51,16,Intermediate,More_than_5,HIIT,BCAA,Whey_Based,7,6,Low_Carb,-0.2,-0.3,9.4,9.2
Male,Under_25,160-170,56,23,Beginner,3-5_times,Strength_Training,Creatine,HCL,4,6,Regular,3.6,0,6.2,10
Female,25-35,170-180,78,21,Beginner,3-5_times,Endurance,Creatine,Monohydrate,7,5,Regular,0.8,-0.1,5.9,10
Male,Under_25,170-180,84,18,Beginner,Less_than_3,HIIT,Energy_Drink,Sugar_Free,4,5,Regular,-0.5,-0.3,2.6,7.5
Male,Over_35,170-180,70,22,Intermediate,Less_than_3,Strength_Training,Creatine,Monohydrate,6,3,Low_Carb,3.2,0,8.1,10
Female,Over_35,150-160,50,30,Intermediate,3-5_times,HIIT,Whey_Protein,Isolate,8,2,High_Protein,1.6,-2.2,6.7,10
Male,Under_25,170-180,72,15,Beginner,More_than_5,Strength_Training,Whey_Protein,Isolate,7,2,Regular,4.5,-1.8,5.4,10
Male,Under_25,170-180,77,16,Advanced,3-5_times,HIIT,Multivitamin,Standard,6,6,Low_Carb,-0.1,-0.1,4.8,8.4
Male,Under_25,160-170,69,22,Intermediate,More_than_5,Endurance,Fish_Oil,Deep_Sea,7,1,Regular,-0.5,-1.3,5.7,10
Female,25-35,180-190,80,23,Intermediate,Less_than_3,Endurance,Creatine,Monohydrate,4,4,Regular,0.8,-0.2,6.1,10
Female,Under_25,160-170,69,26,Intermediate,More_than_5,Endurance,Whey_Protein,Concentrate,4,6,Regular,2.6,-1.4,7,10
Male,Under_25,170-180,76,24,Beginner,3-5_times,Endurance,L_Carnitine,Capsule,5,3,Regular,0,-2.9,6.1,10
Male,Under_25,160-170,62,22,Intermediate,Less_than_3,Strength_Training,Whey_Protein,Concentrate,7,5,Low_Carb,2.5,-1.1,4.8,10
Male,Under_25,170-180,75,21,Beginner,More_than_5,Strength_Training,L_Carnitine,Liquid,4,3,Regular,0.2,-2.5,2.6,8.1
Female,Under_25,160-170,55,18,Beginner,3-5_times,Flexibility,BCAA,Vegan,4,4,Regular,0.1,-0.1,1.1,7
Female,25-35,180-190,88,25,Beginner,Less_than_3,Strength_Training,Whey_Protein,Concentrate,6,5,Regular,2.1,-1,3.1,10
Male,25-35,180-190,70,25,Advanced,3-5_times,Flexibility,BCAA,Whey_Based,6,6,Low_Carb,0.1,-0.3,3.6,8
Male,Under_25,180-190,87,14,Beginner,3-5_times,HIIT,Creatine,Monohydrate,7,6,Regular,1.2,-0.2,5.6,10
Male,25-35,170-180,81,21,Intermediate,More_than_5,Endurance,Creatine,HCL,5,4,Regular,4.1,-0.1,10.8,10
Female,Over_35,170-180,66,22,Beginner,3-5_times,Strength_Training,Energy_Drink,Sugar,8,5,Regular,0.4,-0.1,3.9,8.1
Male,Under_25,170-180,74,17,Advanced,3-5_times,Flexibility,Energy_Drink,Sugar_Free,7,4,Low_Carb,0.2,-0.1,3.1,7.8
Female,25-35,180-190,93,26,Intermediate,3-5_times,Strength_Training,Whey_Protein,Concentrate,7,3,High_Protein,6.2,-1.6,7.5,10
Male,Over_35,180-190,75,22,Beginner,3-5_times,Strength_Training,Creatine,Monohydrate,7,3,High_Protein,5.3,0,10.8,10
Female,Over_35,160-170,50,24,Advanced,3-5_times,Strength_Training,Creatine,Monohydrate,5,4,Regular,6.9,0,14.8,10
Male,Under_25,170-180,65,24,Intermediate,3-5_times,Strength_Training,BCAA,Vegan,3,1,Vegan,0.5,-0.5,3.2,8.8
Male,Under_25,Above_190,97,13,Beginner,More_than_5,HIIT,Creatine,Monohydrate,6,4,High_Protein,2.7,-0.2,10.8,10
Female,25-35,160-170,66,21,Intermediate,3-5_times,Flexibility,Pre_Workout,Regular,3,2,Low_Carb,0.3,0,5.8,10
Male,Under_25,170-180,71,12,Beginner,3-5_times,Strength_Training,Creatine,HCL,5,4,Regular,3.9,-0.1,7.4,10
Female,25-35,170-180,62,31,Beginner,More_than_5,Endurance,Pre_Workout,Regular,7,2,Regular,-0.2,-0.3,8.8,10
Female,Under_25,170-180,68,18,Intermediate,3-5_times,Strength_Training,Whey_Protein,Isolate,8,4,High_Protein,5.6,-1.3,5.9,10
Male,Over_35,160-170,68,26,Advanced,3-5_times,Strength_Training,Creatine,HCL,5,4,Regular,8.2,0,14.6,10
Male,Under_25,160-170,72,17,Beginner,3-5_times,HIIT,Whey_Protein,Concentrate,6,4,Regular,0.3,-0.8,4.9,9.6
Male,Under_25,170-180,79,18,Beginner,3-5_times,HIIT,BCAA,Whey_Based,5,4,High_Protein,0,-0.3,4,7.6
Female,Under_25,150-160,64,23,Beginner,3-5_times,HIIT,Whey_Protein,Concentrate,8,4,Regular,0.8,-1.6,3.9,9.3
Male,25-35,Above_190,90,25,Intermediate,3-5_times,HIIT,Creatine,Monohydrate,7,7,High_Protein,3.3,-0.1,9.5,10
Male,25-35,150-160,60,23,Intermediate,More_than_5,Strength_Training,Whey_Protein,Hydrolyzed,8,1,Regular,7.5,-2.5,8.2,10
Female,25-35,160-170,73,28,Intermediate,Less_than_3,HIIT,BCAA,Vegan,4,7,Regular,-0.4,-0.3,5,9
Male,25-35,Above_190,97,18,Intermediate,3-5_times,Strength_Training,Creatine,Monohydrate,7,1,Regular,4.4,0,10.8,10
Male,Over_35,160-170,73,25,Beginner,3-5_times,HIIT,Whey_Protein,Hydrolyzed,4,2,Regular,0.8,-1.6,3.9,9.1
Male,Under_25,170-180,69,15,Advanced,Less_than_3,Strength_Training,BCAA,Whey_Based,5,3,Regular,0.8,-0.3,4,9
Male,25-35,180-190,78,21,Beginner,3-5_times,Endurance,BCAA,Whey_Based,6,2,Regular,-0.5,-0.4,4.3,9
Male,Over_35,Above_190,105,21,Intermediate,More_than_5,Strength_Training,BCAA,Whey_Based,8,2,Regular,0.7,-0.5,7,9.8
Female,Under_25,170-180,84,26,Intermediate,3-5_times,HIIT,Creatine,Monohydrate,6,5,High_Protein,2.6,-0.2,12.1,10
Male,Under_25,170-180,78,14,Intermediate,Less_than_3,Endurance,BCAA,Whey_Based,4,1,Regular,-0.2,-0.4,2.8,7.7
Female,Over_35,180-190,77,22,Beginner,3-5_times,Endurance,BCAA,Whey_Based,5,3,Low_Carb,0,-0.3,4.3,8.6
Male,Under_25,170-180,60,19,Beginner,3-5_times,Strength_Training,Fish_Oil,Deep_Sea,3,1,High_Protein,0.3,-0.6,0.6,7.7
Female,Over_35,170-180,84,32,Beginner,More_than_5,Strength_Training,L_Carnitine,Capsule,3,2,Regular,0.3,-1.8,3.3,9
Male,Over_35,180-190,71,26,Beginner,More_than_5,Strength_Training,Pre_Workout,Regular,7,4,Regular,-0.1,0.2,12.1,10
Female,Over_35,170-180,66,26,Intermediate,Less_than_3,Strength_Training,Creatine,Monohydrate,8,3,Low_Carb,4.1,-0.1,8.7,10
Male,Under_25,160-170,61,13,Beginner,3-5_times,Endurance,Whey_Protein,Hydrolyzed,6,2,Low_Carb,0.8,-0.6,3.2,9.5
Male,Under_25,160-170,61,16,Intermediate,3-5_times,Endurance,Creatine,Monohydrate,4,2,Regular,2.9,-0.4,8.5,10
Female,Under_25,150-160,54,26,Beginner,3-5_times,Strength_Training,Multivitamin,Sport_Enhanced,5,1,Regular,0.2,0.1,2.3,6.6
Female,Over_35,170-180,60,30,Intermediate,3-5_times,Strength_Training,Creatine,Monohydrate,6,1,High_Protein,5.8,-0.1,11.7,10
Female,Under_25,160-170,72,23,Beginner,3-5_times,HIIT,Whey_Protein,Isolate,6,3,Regular,0.6,-1.5,4.5,10
Male,Under_25,170-180,67,19,Intermediate,Less_than_3,Endurance,Creatine,Monohydrate,3,7,High_Protein,1.9,-0.3,7.8,10
Male,25-35,Above_190,102,26,Beginner,3-5_times,Strength_Training,Creatine,Monohydrate,8,5,Regular,4,0,9.1,10
Female,25-35,180-190,70,22,Intermediate,Less_than_3,HIIT,Whey_Protein,Isolate,8,6,Regular,0.6,-1.5,2,9.3
Male,Under_25,160-170,62,22,Beginner,3-5_times,Strength_Training,Whey_Protein,Hydrolyzed,8,1,Regular,2.8,-1.4,3.9,9.9
Male,Over_35,170-180,64,26,Intermediate,3-5_times,Endurance,Creatine,HCL,4,3,High_Protein,2.1,-0.2,9.3,10
Female,25-35,160-170,55,21,Beginner,Less_than_3,Strength_Training,Whey_Protein,Hydrolyzed,3,7,Regular,2.1,-0.9,3,9.5
Male,25-35,170-180,77,22,Beginner,3-5_times,Endurance,Pre_Workout,Caffeine_Free,5,6,Regular,-0.4,-0.5,8.1,10
Male,25-35,150-160,49,27,Intermediate,Less_than_3,Strength_Training,BCAA,Vegan,3,6,High_Protein,0.6,-0.3,3.3,7.6
Male,Under_25,170-180,82,17,Beginner,Less_than_3,Strength_Training,Whey_Protein,Isolate,6,2,Regular,2.2,-0.8,3.8,10
Male,25-35,160-170,70,23,Intermediate,Less_than_3,Strength_Training,Creatine,Monohydrate,5,1,Regular,3.4,0.1,8.1,10
Male,25-35,160-170,74,18,Intermediate,Less_than_3,Endurance,Whey_Protein,Concentrate,6,7,Regular,0.7,-0.8,3.2,9.6
Male,Under_25,170-180,82,18,Intermediate,3-5_times,Endurance,Creatine,Monohydrate,6,6,High_Protein,1.6,-0.2,10.5,10
Female,25-35,160-170,59,23,Beginner,3-5_times,Flexibility,Multivitamin,Standard,7,1,High_Protein,0.5,-0.1,0.9,7
Female,Under_25,170-180,64,24,Intermediate,More_than_5,Strength_Training,Creatine,Monohydrate,3,1,Regular,6.3,-0.1,17.6,10
Female,25-35,160-170,50,30,Intermediate,3-5_times,Endurance,Multivitamin,Sport_Enhanced,3,6,Low_Carb,-0.4,-0.2,4.9,7.6
Male,25-35,170-180,60,26,Intermediate,More_than_5,Strength_Training,L_Carnitine,Liquid,4,2,Regular,0,-2.6,4.3,8.4
Female,Under_25,180-190,74,20,Beginner,Less_than_3,Endurance,L_Carnitine,Capsule,3,2,Regular,-0.4,-2,3.4,10
Male,Under_25,160-170,66,24,Intermediate,More_than_5,HIIT,Creatine,HCL,6,3,Regular,3.5,-0.3,13.8,10
Male,Under_25,160-170,70,14,Beginner,3-5_times,HIIT,Multivitamin,Standard,8,5,Low_Carb,-0.2,-0.3,2.5,6.8
Male,Under_25,170-180,65,23,Advanced,Less_than_3,HIIT,Whey_Protein,Hydrolyzed,7,6,Regular,1.2,-2.1,6,10
Female,Under_25,150-160,48,26,Beginner,3-5_times,Strength_Training,Whey_Protein,Concentrate,3,1,Regular,3.5,-1.1,4.6,10
Female,25-35,160-170,74,24,Intermediate,3-5_times,Endurance,Fish_Oil,Deep_Sea,5,6,High_Protein,-0.4,-1.6,2.9,9.5
Female,Over_35,150-160,60,29,Intermediate,3-5_times,Strength_Training,Multivitamin,Standard,7,1,Regular,0.2,0.1,2.6,6.1
Male,Under_25,170-180,83,19,Intermediate,3-5_times,HIIT,Creatine,Monohydrate,4,2,Low_Carb,2.3,-0.2,10.5,10
Male,25-35,170-180,81,18,Advanced,3-5_times,Flexibility,BCAA,Whey_Based,7,5,Regular,0.3,-0.7,3.5,8.2
Male,Over_35,160-170,60,25,Beginner,More_than_5,Strength_Training,Creatine,Monohydrate,8,6,Regular,4.9,-0.1,10.9,10
Male,25-35,160-170,73,27,Beginner,3-5_times,Flexibility,BCAA,Whey_Based,8,5,High_Protein,0.1,-0.2,1.2,6.4
Male,25-35,180-190,94,26,Beginner,3-5_times,Flexibility,Creatine,Monohydrate,6,7,High_Protein,2,0,3.9,10
Female,25-35,160-170,55,22,Beginner,More_than_5,Flexibility,Pre_Workout,Regular,8,2,High_Protein,0,0.1,6.9,10
Male,Under_25,170-180,62,12,Intermediate,Less_than_3,Strength_Training,L_Carnitine,Capsule,3,7,Regular,0.4,-1.5,2.1,8
Male,25-35,170-180,75,18,Beginner,3-5_times,Strength_Training,Creatine,Monohydrate,5,4,Regular,4.4,0.1,9.1,10
Male,25-35,170-180,81,21,Beginner,Less_than_3,HIIT,Creatine,HCL,8,3,Regular,0.7,-0.4,4.8,9.6
Male,Over_35,180-190,78,22,Beginner,3-5_times,Strength_Training,BCAA,Whey_Based,8,6,High_Protein,0.5,-0.3,4.2,8.6
Male,Under_25,150-160,62,23,Intermediate,3-5_times,HIIT,Pre_Workout,Regular,6,4,Regular,0.1,0,12.3,10
Female,25-35,160-170,56,23,Beginner,3-5_times,Endurance,Whey_Protein,Concentrate,7,3,Low_Carb,0.7,-0.5,3.1,10
Male,25-35,170-180,69,15,Beginner,3-5_times,HIIT,Creatine,Monohydrate,6,2,Regular,1.9,-0.2,6.8,10
Female,Under_25,150-160,45,22,Intermediate,3-5_times,HIIT,L_Carnitine,Liquid,6,3,Low_Carb,-0.2,-2.9,8.6,10
Male,Under_25,160-170,56,19,Beginner,3-5_times,HIIT,Creatine,Monohydrate,5,1,Vegan,2,-0.3,5.4,9.7
Female,25-35,160-170,57,25,Beginner,3-5_times,HIIT,Whey_Protein,Concentrate,6,3,High_Protein,0.9,-1.8,4.5,10
Male,25-35,170-180,79,24,Advanced,3-5_times,Flexibility,Pre_Workout,Regular,3,1,Regular,0.5,-0.1,5.1,10
Female,Under_25,170-180,65,22,Beginner,3-5_times,Strength_Training,Creatine,HCL,3,5,Regular,3.5,0.1,6.4,10
Male,Under_25,170-180,68,12,Beginner,3-5_times,HIIT,BCAA,Whey_Based,7,7,Low_Carb,-0.3,-0.3,3.7,8.2
Male,25-35,180-190,82,18,Advanced,More_than_5,HIIT,Whey_Protein,Hydrolyzed,4,6,Low_Carb,2.7,-2.7,10.5,10
Male,Under_25,170-180,81,24,Beginner,3-5_times,Endurance,Whey_Protein,Concentrate,6,7,High_Protein,1,-0.8,3.3,8.5
Male,25-35,180-190,75,16,Beginner,Less_than_3,Strength_Training,Whey_Protein,Concentrate,4,3,Regular,1.4,-0.9,2.9,9.7
Male,Under_25,170-180,60,23,Advanced,3-5_times,Endurance,Whey_Protein,Concentrate,7,5,Vegan,1.4,-1.6,6.1,10
Female,Under_25,170-180,65,22,Beginner,3-5_times,Strength_Training,Whey_Protein,Hydrolyzed,5,2,Regular,3.7,-0.9,4.3,10
Female,25-35,170-180,60,25,Beginner,3-5_times,Strength_Training,Creatine,Monohydrate,8,3,Regular,4.2,-0.2,9.4,10
Male,25-35,180-190,70,19,Beginner,3-5_times,HIIT,Energy_Drink,Sugar_Free,7,6,Low_Carb,-0.2,-0.2,4,8.2
Female,25-35,180-190,74,31,Beginner,Less_than_3,HIIT,Whey_Protein,Concentrate,6,7,Regular,1.1,-1.1,3.1,9.4
Male,Under_25,160-170,50,16,Beginner,3-5_times,HIIT,Creatine,Monohydrate,3,4,Low_Carb,0.7,-0.1,5,10
Male,Under_25,160-170,67,21,Intermediate,3-5_times,Strength_Training,Whey_Protein,Concentrate,4,5,Low_Carb,3.1,-1.5,6.3,10
Male,Under_25,Above_190,103,16,Intermediate,3-5_times,Strength_Training,L_Carnitine,Liquid,6,2,Regular,0.7,-2.1,1.6,9.6
Female,Under_25,180-190,73,18,Intermediate,3-5_times,Strength_Training,Whey_Protein,Isolate,8,6,Low_Carb,3.9,-1.2,7.2,10
Male,25-35,180-190,84,20,Beginner,3-5_times,Strength_Training,Creatine,HCL,4,1,High_Protein,5,0.1,9.9,10
Female,25-35,180-190,77,26,Beginner,3-5_times,HIIT,BCAA,Vegan,3,4,High_Protein,-0.2,-0.4,4.6,8.7
Male,Over_35,150-160,49,22,Beginner,3-5_times,HIIT,Fish_Oil,Deep_Sea,5,1,Regular,-0.2,-1.1,1.8,7.7
Male,Under_25,Above_190,104,18,Beginner,3-5_times,Flexibility,Creatine,Monohydrate,8,2,Low_Carb,1.9,0,3.4,9.7
Female,Under_25,170-180,65,22,Intermediate,3-5_times,HIIT,Pre_Workout,Regular,3,5,Regular,-0.4,-0.3,13.6,10
Male,Under_25,160-170,60,21,Intermediate,More_than_5,Strength_Training,Whey_Protein,Concentrate,7,3,Regular,5.1,-3,8.1,10
Female,Under_25,170-180,60,27,Intermediate,Less_than_3,Endurance,Creatine,Monohydrate,8,2,Regular,1.3,-0.4,3.9,10
Male,Over_35,180-190,94,25,Intermediate,3-5_times,Strength_Training,Creatine,Monohydrate,7,6,High_Protein,6.7,0,13.4,10
Female,25-35,Above_190,103,24,Beginner,3-5_times,Strength_Training,Whey_Protein,Hydrolyzed,8,5,High_Protein,3.6,-1,4,10
Female,Under_25,170-180,62,20,Beginner,3-5_times,Endurance,Whey_Protein,Concentrate,4,1,Low_Carb,0.9,-0.6,4.4,9
Male,25-35,170-180,79,16,Intermediate,More_than_5,Flexibility,Creatine,Monohydrate,7,4,Regular,4,-0.2,5.1,9.9
Female,Over_35,180-190,72,23,Intermediate,3-5_times,Strength_Training,Fish_Oil,Deep_Sea,3,7,High_Protein,-0.1,-0.6,1.3,7
Male,Under_25,180-190,92,16,Intermediate,3-5_times,Endurance,Whey_Protein,Concentrate,6,2,High_Protein,1.3,-0.9,4.7,9.5
Female,Over_35,160-170,52,24,Beginner,3-5_times,HIIT,BCAA,Vegan,5,7,Regular,-0.1,-0.5,5.1,8
Male,25-35,150-160,46,21,Beginner,More_than_5,Flexibility,Whey_Protein,Concentrate,6,5,Regular,2.6,-0.7,3,7.9
Female,25-35,180-190,83,29,Intermediate,3-5_times,Strength_Training,Whey_Protein,Isolate,4,5,High_Protein,5.7,-1.4,7.8,10
Male,Under_25,170-180,78,21,Advanced,3-5_times,Strength_Training,Whey_Protein,Concentrate,6,7,Regular,7.4,-1.8,6.2,10
Male,25-35,170-180,60,18,Intermediate,3-5_times,Endurance,Whey_Protein,Isolate,6,6,Regular,0.9,-1.3,3.8,9.6
Male,25-35,170-180,64,21,Intermediate,3-5_times,HIIT,Pre_Workout,Regular,8,4,High_Protein,0.1,-0.1,16.4,10
Female,Under_25,160-170,67,22,Beginner,3-5_times,Endurance,Whey_Protein,Isolate,5,5,Regular,1,-0.5,3.9,8.9
Female,Under_25,160-170,64,27,Intermediate,3-5_times,Strength_Training,Pre_Workout,Regular,3,7,High_Protein,0.4,-0.1,13.8,10
Male,Under_25,180-190,94,15,Beginner,Less_than_3,Strength_Training,Energy_Drink,Sugar_Free,7,4,Regular,0.2,-0.1,2.5,7.9
Female,Under_25,170-180,78,23,Intermediate,Less_than_3,Flexibility,Multivitamin,Standard,8,7,Regular,0.2,0.2,1.2,6.4
Male,25-35,170-180,67,22,Intermediate,Less_than_3,HIIT,BCAA,Whey_Based,3,5,High_Protein,-0.5,-0.4,3.7,8.2
Female,25-35,170-180,68,30,Intermediate,3-5_times,Strength_Training,Multivitamin,Sport_Enhanced,5,2,Regular,0,0,3.4,7.3
Female,Under_25,180-190,78,29,Advanced,3-5_times,Strength_Training,Creatine,Monohydrate,7,7,Regular,8.6,-0.1,15.7,10
Male,Under_25,180-190,79,19,Intermediate,Less_than_3,HIIT,BCAA,Vegan,3,1,Low_Carb,0.1,-0.3,4,8
Male,25-35,180-190,86,18,Beginner,3-5_times,Endurance,Energy_Drink,Sugar_Free,7,6,Vegan,-0.4,-0.4,1.9,8.5
Female,Under_25,180-190,76,20,Intermediate,3-5_times,Strength_Training,Whey_Protein,Isolate,7,7,Vegan,4,-0.9,5.7,10
Male,Under_25,170-180,79,20,Intermediate,3-5_times,HIIT,Creatine,Monohydrate,8,1,Regular,2.4,-0.3,9,10
Female,25-35,160-170,56,26,Intermediate,Less_than_3,Strength_Training,Whey_Protein,Hydrolyzed,8,7,Regular,3.5,-0.9,3.9,10
Female,Under_25,170-180,63,22,Beginner,3-5_times,Strength_Training,Multivitamin,Standard,4,7,Low_Carb,0,0.1,2.3,5.8
Male,Under_25,170-180,64,24,Intermediate,3-5_times,Endurance,Whey_Protein,Concentrate,8,7,High_Protein,1.3,-0.6,6,10
Female,25-35,170-180,71,27,Advanced,3-5_times,HIIT,Multivitamin,Standard,4,1,High_Protein,-0.2,-0.2,4.8,7.3
Female,Under_25,170-180,61,21,Advanced,Less_than_3,HIIT,Creatine,HCL,4,3,Regular,2.3,-0.2,9.4,10
Male,25-35,170-180,61,19,Beginner,3-5_times,Strength_Training,Creatine,Monohydrate,4,7,Regular,3.8,0.1,5,10
Female,Under_25,160-170,66,19,Intermediate,More_than_5,HIIT,Whey_Protein,Concentrate,4,4,Regular,2.5,-2.4,8.3,10
Female,Under_25,180-190,77,27,Advanced,Less_than_3,Endurance,Creatine,HCL,5,7,Regular,1.2,0,8.5,10
Male,Over_35,170-180,80,19,Intermediate,3-5_times,Flexibility,BCAA,Whey_Based,8,5,Regular,0,-0.4,1.7,6.9
Female,Under_25,180-190,92,21,Intermediate,More_than_5,Strength_Training,Creatine,Monohydrate,7,5,Regular,6.3,0,15.4,10
Male,25-35,160-170,66,27,Intermediate,3-5_times,Strength_Training,Whey_Protein,Isolate,4,7,High_Protein,5.9,-1,5.2,10
Male,25-35,170-180,64,19,Intermediate,More_than_5,Strength_Training,Whey_Protein,Isolate,6,4,Regular,6.8,-2.2,8.3,10
Male,Under_25,170-180,64,19,Beginner,3-5_times,Endurance,Creatine,Monohydrate,7,4,Regular,1.5,-0.1,5.3,10
Male,25-35,150-160,51,25,Beginner,3-5_times,HIIT,Fish_Oil,Deep_Sea,8,1,Regular,-0.3,-1.5,1.9,8.5
Male,25-35,160-170,73,18,Advanced,3-5_times,Strength_Training,Creatine,Monohydrate,6,4,Regular,6.4,-0.1,15.2,10
Male,Under_25,170-180,74,23,Intermediate,Less_than_3,HIIT,Multivitamin,Standard,8,7,Low_Carb,-0.4,-0.1,2.6,6.2
Female,25-35,160-170,53,31,Beginner,3-5_times,Flexibility,Pre_Workout,Regular,6,3,High_Protein,0.3,0,4.1,9.1
Male,Under_25,170-180,76,20,Intermediate,More_than_5,Flexibility,Energy_Drink,Sugar,3,4,Regular,0,-0.1,3.9,7.2
Female,Under_25,170-180,79,19,Intermediate,Less_than_3,Strength_Training,Whey_Protein,Concentrate,8,6,Low_Carb,2.3,-0.7,3.6,9.9
Male,Under_25,170-180,62,19,Intermediate,3-5_times,Strength_Training,Fish_Oil,Deep_Sea,8,3,Regular,0.2,-0.6,1,7
Male,Under_25,170-180,67,21,Advanced,3-5_times,Strength_Training,BCAA,Whey_Based,3,7,Regular,0.6,-0.4,6.9,8.6
Male,Under_25,170-180,72,19,Intermediate,Less_than_3,HIIT,Creatine,Monohydrate,8,2,Regular,2.2,-0.1,6.8,10
Male,Under_25,180-190,75,21,Beginner,3-5_times,HIIT,Energy_Drink,Sugar,6,1,Regular,-0.3,0,4.8,8.2
Male,Under_25,160-170,58,12,Intermediate,Less_than_3,HIIT,BCAA,Whey_Based,5,7,High_Protein,-0.5,-0.5,4.6,8.8
Female,25-35,170-180,65,27,Beginner,3-5_times,HIIT,BCAA,Whey_Based,3,3,High_Protein,-0.6,-0.4,4.1,9.1
Male,Under_25,160-170,58,17,Advanced,3-5_times,Flexibility,Whey_Protein,Concentrate,8,5,High_Protein,1.9,-1,2.7,8.6
Male,25-35,170-180,71,27,Intermediate,3-5_times,Strength_Training,Whey_Protein,Isolate,6,4,Regular,4.2,-1.7,6.6,10
Female,25-35,160-170,51,28,Advanced,3-5_times,Endurance,BCAA,Whey_Based,5,1,Regular,-0.3,-0.4,6.3,8.3
Female,25-35,170-180,64,20,Beginner,3-5_times,Strength_Training,Creatine,Monohydrate,4,5,High_Protein,4.5,-0.1,10.4,10
Male,Under_25,150-160,46,14,Intermediate,More_than_5,HIIT,Whey_Protein,Isolate,6,3,Low_Carb,2.3,-1.9,7.2,10
Male,Under_25,170-180,60,20,Beginner,3-5_times,Strength_Training,Whey_Protein,Isolate,3,4,Low_Carb,2.1,-0.6,4.6,9.5
Female,Under_25,180-190,76,23,Intermediate,Less_than_3,Strength_Training,BCAA,Vegan,5,2,High_Protein,0.7,-0.1,4.7,9.7
Male,Under_25,180-190,71,24,Beginner,3-5_times,Strength_Training,Energy_Drink,Sugar_Free,7,6,Regular,-0.1,-0.1,3.5,8.3
Male,Over_35,160-170,50,23,Intermediate,Less_than_3,Endurance,Fish_Oil,Deep_Sea,3,2,High_Protein,-0.2,-1.2,2.8,7.9
Male,Under_25,180-190,72,23,Intermediate,3-5_times,Strength_Training,Creatine,Monohydrate,4,1,Low_Carb,5.2,0,10.7,10
Male,Under_25,160-170,58,17,Beginner,3-5_times,Strength_Training,Whey_Protein,Concentrate,3,4,Regular,3.1,-1.2,5.1,10
Male,25-35,180-190,90,16,Advanced,More_than_5,Endurance,Whey_Protein,Isolate,6,7,High_Protein,2.4,-2.1,11.4,10
Male,Under_25,160-170,69,23,Intermediate,Less_than_3,Endurance,Multivitamin,Standard,6,3,High_Protein,-0.6,-0.1,2.6,5.9
Male,Over_35,170-180,66,18,Beginner,More_than_5,Strength_Training,Whey_Protein,Concentrate,3,1,Regular,4.6,-1,5.3,10
Male,25-35,170-180,72,21,Beginner,3-5_times,Strength_Training,Energy_Drink,Sugar,4,3,Regular,0.4,-0.1,3.8,9.1
Male,Over_35,170-180,66,25,Intermediate,More_than_5,Strength_Training,Pre_Workout,Regular,7,2,Regular,0.2,-0.1,15.8,10
Male,25-35,180-190,81,19,Beginner,3-5_times,HIIT,BCAA,Whey_Based,3,2,Regular,-0.3,-0.4,3.1,8.8
Male,Under_25,170-180,82,22,Beginner,3-5_times,Strength_Training,Whey_Protein,Concentrate,8,1,Low_Carb,2.8,-1,2.6,10
Male,Under_25,150-160,46,20,Intermediate,3-5_times,HIIT,Whey_Protein,Isolate,3,5,Regular,1.4,-2.1,5.1,9.8
Male,Under_25,170-180,66,17,Intermediate,3-5_times,Strength_Training,Fish_Oil,Deep_Sea,8,7,High_Protein,0,-0.9,0.8,8.2
Male,25-35,160-170,67,26,Beginner,More_than_5,HIIT,Energy_Drink,Sugar_Free,4,7,Low_Carb,-0.2,-0.2,6.5,8.4
Female,Under_25,170-180,68,19,Beginner,3-5_times,Strength_Training,Multivitamin,Standard,6,3,Regular,0.3,0.1,2.3,7.4
Male,Under_25,160-170,67,19,Beginner,Less_than_3,Strength_Training,Whey_Protein,Concentrate,8,4,Low_Carb,1,-0.6,3,9
Male,Over_35,170-180,60,29,Intermediate,3-5_times,Endurance,Whey_Protein,Concentrate,4,3,Regular,1.8,-1,4.6,9.7
Female,25-35,160-170,64,24,Intermediate,Less_than_3,Strength_Training,Multivitamin,Standard,7,1,Vegan,0.1,-0.1,2.3,7
Male,25-35,170-180,78,20,Beginner,Less_than_3,HIIT,Creatine,Monohydrate,4,4,High_Protein,1.2,-0.2,5.6,10
Female,25-35,170-180,79,26,Intermediate,3-5_times,Endurance,Creatine,Monohydrate,3,3,Low_Carb,1.1,-0.1,7.4,9.8
Male,Under_25,170-180,62,18,Beginner,Less_than_3,HIIT,Creatine,Monohydrate,4,2,Regular,0.7,-0.2,5.4,10
Female,Under_25,170-180,83,29,Intermediate,Less_than_3,Endurance,Whey_Protein,Isolate,6,2,Low_Carb,1.2,-0.6,3.9,8.8
Male,25-35,170-180,68,19,Advanced,Less_than_3,HIIT,Multivitamin,Standard,3,2,Regular,0.1,-0.2,3.5,6.3
Female,25-35,170-180,82,23,Intermediate,More_than_5,HIIT,Fish_Oil,Algae_DHA,8,4,Regular,-0.2,-2.1,3.1,8.6
Male,Over_35,180-190,74,25,Beginner,3-5_times,HIIT,Whey_Protein,Isolate,5,2,High_Protein,0.7,-1.1,4.5,9.9
Male,25-35,170-180,67,16,Advanced,More_than_5,Endurance,Whey_Protein,Hydrolyzed,3,5,Regular,2,-0.9,9.6,10
Female,Under_25,170-180,75,26,Beginner,3-5_times,Strength_Training,Creatine,Monohydrate,3,4,Regular,4.4,0.1,7.9,10
Female,Under_25,180-190,85,22,Beginner,Less_than_3,HIIT,Multivitamin,Sport_Enhanced,7,6,Regular,-0.1,-0.1,1.8,6.7
Female,25-35,150-160,47,20,Advanced,3-5_times,HIIT,Whey_Protein,Hydrolyzed,3,3,Regular,2.4,-2.4,8.7,10
Female,Under_25,180-190,77,19,Intermediate,Less_than_3,Strength_Training,L_Carnitine,Liquid,5,3,Regular,0.4,-1.6,1.6,9
Female,25-35,180-190,87,28,Beginner,3-5_times,Endurance,Creatine,Monohydrate,7,3,Regular,1.3,-0.3,4.8,10
Female,Under_25,170-180,60,28,Beginner,3-5_times,HIIT,Whey_Protein,Isolate,5,3,Regular,0.7,-1.6,4.7,9.8
Male,25-35,160-170,72,19,Advanced,Less_than_3,HIIT,Pre_Workout,Regular,5,6,Regular,-0.3,-0.2,12.3,10
Male,Under_25,160-170,73,12,Advanced,3-5_times,HIIT,Creatine,Monohydrate,5,3,High_Protein,2.3,-0.5,14.5,10
Male,25-35,170-180,68,20,Intermediate,3-5_times,Flexibility,Whey_Protein,Isolate,4,6,High_Protein,1.5,-0.7,2.3,8.4
Male,Under_25,170-180,78,12,Intermediate,3-5_times,Strength_Training,Creatine,HCL,7,7,High_Protein,6.7,0.1,15.9,10
Male,Under_25,170-180,70,22,Intermediate,3-5_times,HIIT,Creatine,Monohydrate,5,3,Regular,3.1,-0.3,10.7,10
Female,Over_35,160-170,60,30,Beginner,3-5_times,Strength_Training,Whey_Protein,Concentrate,5,6,High_Protein,3.5,-1.3,5.6,10
Male,25-35,Above_190,95,24,Advanced,3-5_times,Endurance,Whey_Protein,Concentrate,7,5,Regular,1.8,-1.4,7.9,10
Male,Under_25,170-180,75,20,Intermediate,3-5_times,Strength_Training,Pre_Workout,Caffeine_Free,6,7,Regular,0,0,12,10
Female,Under_25,180-190,75,23,Beginner,3-5_times,Strength_Training,Creatine,Monohydrate,8,5,High_Protein,3.4,-0.1,9.3,10
Female,Under_25,160-170,66,28,Beginner,Less_than_3,Strength_Training,Energy_Drink,Sugar_Free,3,2,Regular,0.1,0,2.3,8.7
Male,Under_25,170-180,80,17,Intermediate,3-5_times,Flexibility,BCAA,Whey_Based,6,1,Regular,0.4,-0.2,2.4,8.4
Female,Under_25,160-170,60,19,Beginner,More_than_5,Strength_Training,BCAA,Whey_Based,8,7,Regular,0.7,-0.2,5.7,9.4
Female,25-35,170-180,71,24,Intermediate,Less_than_3,Strength_Training,Energy_Drink,Sugar_Free,5,3,Regular,0.1,0.1,4.7,8
Male,25-35,160-170,62,20,Intermediate,3-5_times,Endurance,Creatine,Monohydrate,3,4,Low_Carb,1.5,-0.1,9.7,10
Female,25-35,Above_190,99,21,Advanced,3-5_times,Strength_Training,Whey_Protein,Concentrate,6,2,High_Protein,7.3,-1.6,7.9,10
Male,25-35,170-180,81,23,Intermediate,Less_than_3,Endurance,Creatine,Monohydrate,3,6,Regular,1.5,-0.2,5.1,10
Male,25-35,170-180,60,25,Beginner,Less_than_3,Strength_Training,Whey_Protein,Concentrate,3,3,Low_Carb,1.9,-0.7,3,10
Female,Over_35,160-170,72,27,Beginner,3-5_times,Strength_Training,Creatine,Monohydrate,5,6,Regular,3.5,0.1,9.2,10
Male,25-35,170-180,78,18,Intermediate,More_than_5,Flexibility,Multivitamin,Standard,6,5,Vegan,0,0,2.5,7.2
Female,Under_25,170-180,67,26,Intermediate,3-5_times,Endurance,BCAA,Whey_Based,7,7,High_Protein,-0.6,-0.5,4.4,7.6
Male,25-35,160-170,59,17,Advanced,3-5_times,Strength_Training,BCAA,Whey_Based,3,1,Low_Carb,0.7,-0.4,6.3,8.9
Female,25-35,170-180,73,26,Intermediate,Less_than_3,Flexibility,Pre_Workout,Regular,5,1,Regular,0.2,-0.1,3.3,9.6
Female,Under_25,170-180,71,25,Beginner,3-5_times,Strength_Training,Energy_Drink,Sugar_Free,4,5,Regular,0.4,0,3.9,8
Female,Under_25,160-170,74,19,Intermediate,3-5_times,Endurance,L_Carnitine,Liquid,3,4,High_Protein,-0.5,-4.6,7.8,10
Male,25-35,160-170,54,19,Beginner,3-5_times,Flexibility,Creatine,Monohydrate,4,5,High_Protein,2,-0.1,4.8,9.1
Male,25-35,Above_190,94,25,Intermediate,Less_than_3,HIIT,Whey_Protein,Concentrate,3,2,High_Protein,1.6,-1.4,5.6,10
Male,Under_25,Above_190,86,17,Advanced,3-5_times,Strength_Training,Energy_Drink,Sugar,3,3,High_Protein,0.4,0.1,7.2,9.4
Female,Under_25,180-190,78,23,Intermediate,Less_than_3,Strength_Training,Fish_Oil,Deep_Sea,6,3,High_Protein,0.5,-0.4,0.5,6.6
Male,Over_35,160-170,55,25,Beginner,3-5_times,Strength_Training,BCAA,Vegan,4,5,Regular,1,-0.3,4.4,9.7
Male,Under_25,160-170,62,13,Beginner,Less_than_3,HIIT,Creatine,HCL,6,4,High_Protein,1.1,-0.1,5.7,10
Male,Under_25,170-180,81,19,Advanced,3-5_times,Strength_Training,Multivitamin,Sport_Enhanced,7,5,Regular,0.4,-0.1,4.5,7.4
Female,Under_25,160-170,68,19,Advanced,3-5_times,HIIT,Energy_Drink,Sugar_Free,8,4,High_Protein,-0.2,-0.1,8.6,8.7
Male,Under_25,180-190,73,19,Advanced,More_than_5,HIIT,Creatine,Monohydrate,6,4,Low_Carb,2.9,-0.1,16.5,10
Male,25-35,Above_190,89,23,Beginner,3-5_times,Flexibility,Creatine,Monohydrate,3,5,Regular,2.3,0,1.9,9.3
Male,25-35,180-190,76,20,Intermediate,More_than_5,Strength_Training,Pre_Workout,Regular,6,1,Low_Carb,0.2,0.1,18.4,10
Male,Under_25,180-190,83,12,Beginner,3-5_times,HIIT,BCAA,Whey_Based,7,1,Regular,-0.2,-0.3,4,9
Female,Over_35,160-170,51,25,Advanced,3-5_times,Endurance,Pre_Workout,Caffeine_Free,4,6,Regular,-0.8,-0.3,12.9,10
Male,25-35,170-180,76,24,Intermediate,3-5_times,Endurance,Whey_Protein,Concentrate,8,1,Regular,1.1,-1.2,4.2,10
Male,25-35,180-190,91,26,Intermediate,Less_than_3,Endurance,Fish_Oil,Deep_Sea,3,7,High_Protein,-0.2,-1,2.4,7.5
Male,25-35,160-170,53,15,Intermediate,3-5_times,Endurance,Multivitamin,Standard,6,4,Regular,-0.3,-0.2,3.4,7.6
Male,Under_25,180-190,87,17,Beginner,3-5_times,Strength_Training,Multivitamin,Sport_Enhanced,6,5,Regular,0.4,0,2,6.3
Male,25-35,170-180,62,24,Advanced,More_than_5,Flexibility,Energy_Drink,Sugar,7,6,Regular,0.5,0,3.8,8.3
Female,Under_25,170-180,61,26,Intermediate,3-5_times,Flexibility,BCAA,Whey_Based,8,4,Regular,0.3,-0.2,2.7,7.1
Female,Under_25,170-180,71,22,Intermediate,More_than_5,Strength_Training,BCAA,Whey_Based,5,6,Low_Carb,0.8,-0.3,7.2,9
Male,25-35,170-180,78,25,Beginner,Less_than_3,Strength_Training,BCAA,Vegan,5,6,Regular,0.5,0,2.1,7.8
Male,Under_25,180-190,82,19,Advanced,More_than_5,Endurance,Creatine,Monohydrate,5,5,High_Protein,4.7,-0.1,13.3,10
Male,Under_25,170-180,78,17,Advanced,Less_than_3,Endurance,Pre_Workout,Regular,4,5,High_Protein,-0.5,-0.2,10.3,10
Male,Under_25,170-180,60,24,Advanced,Less_than_3,Strength_Training,Whey_Protein,Concentrate,3,3,High_Protein,5.8,-1.1,7.5,10
Female,Over_35,160-170,62,34,Beginner,Less_than_3,Strength_Training,Energy_Drink,Sugar_Free,8,5,Regular,0.2,0.1,2.2,7.7
Female,Under_25,150-160,52,27,Intermediate,Less_than_3,HIIT,Whey_Protein,Isolate,3,7,Regular,1.4,-1,3.7,9.6
Male,25-35,170-180,72,18,Intermediate,More_than_5,Strength_Training,Energy_Drink,Sugar_Free,6,6,Regular,0.3,-0.1,6.5,8.3
Male,25-35,160-170,71,26,Intermediate,3-5_times,Endurance,Whey_Protein,Concentrate,7,3,High_Protein,2,-1.2,5.4,10
Male,Under_25,160-170,64,24,Intermediate,3-5_times,Strength_Training,Pre_Workout,Caffeine_Free,4,2,Regular,0.1,0.1,12.5,10
Male,25-35,170-180,75,17,Advanced,Less_than_3,Strength_Training,Multivitamin,Standard,7,7,Regular,0.4,0.1,2.7,6.2
Male,25-35,170-180,74,25,Intermediate,Less_than_3,HIIT,Pre_Workout,Regular,8,1,High_Protein,-0.3,-0.2,8.7,10
Male,Under_25,170-180,84,15,Intermediate,More_than_5,Endurance,Pre_Workout,Caffeine_Free,7,3,Regular,-0.1,-0.3,11.8,10
Male,Under_25,170-180,77,22,Intermediate,More_than_5,Strength_Training,Whey_Protein,Isolate,6,1,Low_Carb,3.2,-1.9,8.1,10
Male,Under_25,170-180,77,21,Beginner,Less_than_3,Endurance,Multivitamin,Standard,7,6,Regular,-0.3,-0.2,1.9,6.3
Female,Over_35,Above_190,93,34,Beginner,3-5_times,Strength_Training,Creatine,HCL,6,6,Low_Carb,3.7,0,8.9,10
Female,Under_25,170-180,80,27,Intermediate,More_than_5,Strength_Training,Whey_Protein,Concentrate,6,4,Regular,7,-3,7,10
Female,25-35,160-170,60,23,Beginner,Less_than_3,Strength_Training,Whey_Protein,Isolate,8,1,Low_Carb,2.9,-0.4,4,9.7
Female,Under_25,180-190,91,27,Intermediate,Less_than_3,Flexibility,Whey_Protein,Isolate,3,7,Regular,1.9,-0.8,1.3,7.9
Male,25-35,170-180,79,20,Intermediate,3-5_times,Strength_Training,BCAA,Whey_Based,7,6,Regular,0.4,-0.2,6.6,8.9
Female,25-35,180-190,87,26,Intermediate,3-5_times,Strength_Training,Whey_Protein,Isolate,5,2,Vegan,4.2,-2.1,5.9,10
Male,25-35,170-180,83,16,Beginner,Less_than_3,Flexibility,Fish_Oil,Algae_DHA,6,1,High_Protein,0.4,-0.3,0.8,6.9
Male,Under_25,180-190,86,23,Intermediate,More_than_5,Endurance,Creatine,Monohydrate,4,1,High_Protein,3.5,-0.2,12.2,10
Male,25-35,170-180,78,15,Intermediate,Less_than_3,HIIT,Whey_Protein,Isolate,4,7,High_Protein,0.9,-1.4,3.7,9.4
Female,Under_25,160-170,50,24,Intermediate,3-5_times,Strength_Training,Creatine,Monohydrate,4,4,Low_Carb,4.3,0,11.5,10
Female,25-35,170-180,81,25,Intermediate,Less_than_3,Endurance,Multivitamin,Standard,6,4,Regular,-0.1,-0.1,2.5,7.4
Male,Under_25,170-180,81,19,Intermediate,3-5_times,Strength_Training,BCAA,Whey_Based,3,2,Regular,0.8,-0.4,3.9,8.2
Male,25-35,150-160,62,20,Beginner,3-5_times,Strength_Training,Creatine,Monohydrate,3,3,Regular,3.6,0.1,9.4,10
Male,Under_25,180-190,92,13,Beginner,Less_than_3,Endurance,Whey_Protein,Concentrate,5,5,High_Protein,0.7,-0.9,3.2,8.7
Female,Under_25,150-160,60,25,Intermediate,Less_than_3,HIIT,Creatine,Monohydrate,4,5,High_Protein,1.5,-0.2,8.9,10
Male,Under_25,170-180,61,20,Beginner,Less_than_3,Strength_Training,Energy_Drink,Sugar_Free,7,4,Regular,0.5,-0.1,2.1,7
Male,Under_25,170-180,73,21,Intermediate,Less_than_3,Strength_Training,BCAA,Vegan,7,3,Regular,0.6,-0.2,3.9,8.3
Male,25-35,170-180,63,20,Beginner,Less_than_3,Strength_Training,BCAA,Whey_Based,7,7,Vegan,0.1,0,2.8,7.3
Male,Under_25,180-190,92,15,Beginner,Less_than_3,HIIT,Pre_Workout,Caffeine_Free,4,3,Regular,-0.3,0,6.5,9.8
Male,Under_25,170-180,60,22,Intermediate,3-5_times,HIIT,BCAA,Vegan,7,7,High_Protein,-0.5,-0.8,6.5,10
Female,Under_25,170-180,81,21,Beginner,3-5_times,HIIT,Whey_Protein,Isolate,5,2,Low_Carb,0.6,-0.9,4.7,9.1
Male,Under_25,170-180,83,13,Beginner,Less_than_3,Strength_Training,Whey_Protein,Concentrate,3,1,High_Protein,3.7,-0.8,3.5,10
Female,25-35,160-170,72,21,Intermediate,Less_than_3,Strength_Training,Creatine,Monohydrate,8,2,High_Protein,5.8,-0.1,8.2,10
Female,25-35,170-180,79,25,Intermediate,Less_than_3,Endurance,Creatine,HCL,8,3,Regular,1.1,-0.1,6.6,10
Male,Under_25,180-190,87,20,Intermediate,Less_than_3,Strength_Training,Whey_Protein,Isolate,5,3,High_Protein,3.8,-1,3.2,10
Male,Under_25,170-180,76,23,Advanced,3-5_times,Strength_Training,Energy_Drink,Sugar_Free,4,3,Regular,0.1,-0.1,7,9.1
Female,25-35,170-180,79,29,Beginner,3-5_times,Strength_Training,Multivitamin,Standard,4,1,Regular,0.1,0.1,2.1,7
Female,25-35,160-170,60,30,Beginner,3-5_times,HIIT,Whey_Protein,Concentrate,8,1,Regular,0.9,-1.4,3.1,8.9
Male,Under_25,180-190,85,18,Advanced,3-5_times,Strength_Training,Energy_Drink,Sugar_Free,4,1,Regular,0.1,-0.1,6.9,9.8
Male,Under_25,170-180,83,12,Intermediate,More_than_5,Strength_Training,Creatine,HCL,8,7,High_Protein,9,0.1,17,10
Male,25-35,160-170,53,22,Intermediate,Less_than_3,Endurance,Creatine,Monohydrate,3,5,Regular,1.3,-0.2,5.3,9.2
Male,Over_35,160-170,54,27,Beginner,3-5_times,Endurance,Creatine,Monohydrate,3,5,Regular,2.1,-0.1,6.5,10
Male,25-35,150-160,51,20,Intermediate,3-5_times,Endurance,Creatine,Monohydrate,3,4,Low_Carb,2.1,-0.2,9.9,10
Male,Over_35,180-190,79,28,Intermediate,3-5_times,Strength_Training,Whey_Protein,Concentrate,3,2,High_Protein,5.4,-1.2,6.7,10
Female,Under_25,170-180,81,22,Advanced,Less_than_3,Strength_Training,Whey_Protein,Hydrolyzed,5,6,High_Protein,5.4,-0.8,7,10
Male,Over_35,Above_190,95,25,Intermediate,More_than_5,Endurance,Multivitamin,Sport_Enhanced,7,1,Regular,0.2,-0.2,5.7,7.5
Male,25-35,150-160,56,16,Intermediate,Less_than_3,Strength_Training,Creatine,Monohydrate,7,1,Vegan,3.8,0.1,8,10
Male,Under_25,150-160,49,13,Intermediate,3-5_times,Strength_Training,Pre_Workout,Regular,8,3,High_Protein,0.1,0.1,11.2,10
Female,Over_35,170-180,77,22,Beginner,3-5_times,HIIT,Creatine,Monohydrate,6,2,High_Protein,1.1,-0.2,7.4,10
Male,Over_35,160-170,63,25,Intermediate,3-5_times,HIIT,BCAA,Whey_Based,6,2,Regular,-0.2,-0.6,4.9,7.9
Male,25-35,170-180,74,26,Beginner,3-5_times,Flexibility,Creatine,Monohydrate,3,7,High_Protein,2,-0.2,4.4,9.1
Male,25-35,170-180,76,20,Intermediate,3-5_times,Strength_Training,Whey_Protein,Concentrate,6,1,High_Protein,5,-1.5,7.6,10
Female,25-35,160-170,60,25,Beginner,More_than_5,HIIT,Energy_Drink,Sugar,7,1,Regular,-0.1,-0.1,4.6,7.5
Female,Over_35,170-180,60,29,Advanced,Less_than_3,Strength_Training,Fish_Oil,Deep_Sea,7,5,Regular,0,-0.5,0.7,6.4
Male,25-35,170-180,74,21,Beginner,3-5_times,Strength_Training,L_Carnitine,Liquid,4,6,Regular,-0.2,-2,1.8,9.4
Male,25-35,170-180,65,23,Intermediate,More_than_5,Flexibility,Fish_Oil,Deep_Sea,4,1,Vegan,0.2,-0.9,1.4,7.9
Female,25-35,170-180,74,22,Beginner,3-5_times,HIIT,BCAA,Whey_Based,8,5,Regular,-0.3,-0.5,3.7,7.9
Female,Over_35,170-180,72,27,Beginner,3-5_times,Strength_Training,Whey_Protein,Isolate,5,4,Vegan,2.5,-1,3.8,10
Male,25-35,170-180,74,20,Beginner,Less_than_3,Strength_Training,L_Carnitine,Liquid,8,6,Regular,0.5,-1.1,1.8,8.8
Male,25-35,180-190,81,19,Intermediate,Less_than_3,HIIT,Whey_Protein,Concentrate,3,7,Low_Carb,0.5,-0.8,3.1,9.8
Female,25-35,180-190,77,30,Intermediate,More_than_5,Strength_Training,BCAA,Whey_Based,6,2,Regular,0.9,-0.4,8.7,9.2
Male,Under_25,170-180,76,23,Intermediate,More_than_5,Flexibility,Whey_Protein,Isolate,3,5,Regular,3.7,-0.9,3.2,9.2
Female,Under_25,180-190,77,28,Beginner,Less_than_3,Strength_Training,Creatine,Monohydrate,4,4,Regular,3.5,0,6.7,10
Male,25-35,180-190,70,18,Beginner,More_than_5,Flexibility,Creatine,HCL,8,6,High_Protein,2.7,0.1,4.4,9.6
Female,25-35,Above_190,100,28,Intermediate,Less_than_3,Strength_Training,Creatine,Monohydrate,6,6,Regular,5,0.2,9.8,10
Male,Over_35,180-190,75,19,Beginner,Less_than_3,Endurance,Creatine,Monohydrate,3,1,Regular,0.5,-0.3,4.7,10
Male,Under_25,160-170,55,16,Beginner,Less_than_3,Endurance,Whey_Protein,Concentrate,4,3,Vegan,0.9,-0.8,2.5,9.6
Female,25-35,180-190,72,27,Beginner,3-5_times,HIIT,Whey_Protein,Isolate,7,7,High_Protein,1.6,-1.2,4.4,10
Male,25-35,170-180,83,20,Beginner,3-5_times,HIIT,Energy_Drink,Sugar_Free,6,3,High_Protein,-0.4,-0.2,5.2,8.3
Female,Over_35,180-190,83,34,Beginner,3-5_times,Endurance,Whey_Protein,Concentrate,8,3,High_Protein,1.7,-0.7,4.3,10
Female,25-35,180-190,73,21,Intermediate,3-5_times,Flexibility,Creatine,Monohydrate,5,4,High_Protein,3.6,-0.1,4,9.2
Male,Over_35,170-180,63,29,Intermediate,3-5_times,Strength_Training,Whey_Protein,Isolate,8,1,Regular,4.1,-1.9,5.6,10
Male,Under_25,160-170,71,24,Beginner,3-5_times,Strength_Training,Whey_Protein,Isolate,7,6,Low_Carb,2.9,-0.9,4.5,9.8
Male,25-35,160-170,66,21,Intermediate,Less_than_3,HIIT,Multivitamin,Standard,5,2,Regular,-0.1,0,2.6,6.9
Male,Under_25,160-170,51,18,Beginner,3-5_times,Strength_Training,BCAA,Vegan,8,3,High_Protein,0.4,-0.1,4.5,8.8
Male,Over_35,160-170,68,20,Intermediate,3-5_times,Endurance,Creatine,HCL,5,4,Regular,1.4,-0.2,6.6,10
Male,Under_25,170-180,66,23,Beginner,More_than_5,Endurance,L_Carnitine,Capsule,8,7,High_Protein,-0.2,-3.5,7.2,10
Female,Under_25,180-190,75,24,Intermediate,More_than_5,HIIT,Whey_Protein,Concentrate,3,7,Low_Carb,1.4,-1.8,8.2,10
Male,Over_35,180-190,74,28,Intermediate,3-5_times,Endurance,Pre_Workout,Regular,5,6,High_Protein,-0.5,-0.4,12.8,10
Male,25-35,180-190,90,16,Intermediate,3-5_times,Strength_Training,BCAA,Vegan,8,6,Regular,0.1,-0.6,5.3,8.4
Male,25-35,180-190,78,18,Beginner,More_than_5,HIIT,Whey_Protein,Concentrate,6,3,High_Protein,1.9,-1.7,5.6,10
Female,25-35,170-180,68,23,Beginner,3-5_times,Flexibility,Whey_Protein,Concentrate,3,3,Regular,1.1,-0.6,2.4,9.6
Male,Under_25,170-180,78,14,Intermediate,More_than_5,Strength_Training,Whey_Protein,Isolate,4,6,Regular,5.8,-2.5,9.1,10
Male,25-35,160-170,68,25,Intermediate,More_than_5,HIIT,Whey_Protein,Hydrolyzed,3,2,High_Protein,2.9,-2.4,9.6,10
Male,Under_25,170-180,76,16,Beginner,Less_than_3,HIIT,Pre_Workout,Regular,3,6,Regular,-0.1,-0.1,5.5,10
Male,Under_25,180-190,88,23,Intermediate,Less_than_3,Strength_Training,Whey_Protein,Concentrate,6,6,Low_Carb,2.3,-0.8,4.3,10
Male,Under_25,160-170,64,15,Intermediate,3-5_times,HIIT,Multivitamin,Standard,8,5,High_Protein,-0.2,-0.2,4.6,6.8
Male,Over_35,180-190,76,22,Intermediate,3-5_times,HIIT,Fish_Oil,Deep_Sea,5,1,Regular,-0.1,-1.5,2.7,8.5
Male,Under_25,170-180,73,15,Beginner,3-5_times,Strength_Training,BCAA,Whey_Based,3,7,Regular,0.4,-0.3,3.1,8.8
Male,25-35,170-180,68,20,Intermediate,3-5_times,HIIT,Whey_Protein,Concentrate,8,4,Low_Carb,0.6,-1.1,5.5,10
Female,Under_25,160-170,68,19,Intermediate,More_than_5,HIIT,Creatine,Monohydrate,5,5,Regular,1.8,-0.4,14.3,10
Male,Under_25,170-180,82,22,Beginner,3-5_times,Strength_Training,Whey_Protein,Concentrate,7,3,Regular,1.6,-1.1,4.7,10
Male,25-35,160-170,57,19,Advanced,Less_than_3,Strength_Training,Multivitamin,Standard,8,7,Regular,0.4,0,3.1,8
Male,Under_25,160-170,72,15,Beginner,3-5_times,Endurance,Whey_Protein,Hydrolyzed,8,6,Regular,1,-0.8,3.5,10
Male,25-35,160-170,51,23,Intermediate,Less_than_3,Endurance,Creatine,HCL,5,3,Low_Carb,1.4,-0.1,6.1,10
Male,25-35,170-180,61,25,Beginner,Less_than_3,Endurance,Creatine,HCL,6,1,High_Protein,0.3,-0.2,1.8,8.2
Male,Under_25,160-170,59,20,Intermediate,Less_than_3,Strength_Training,BCAA,Vegan,5,4,Regular,0.3,0,3.8,9.2
Male,Under_25,150-160,49,24,Beginner,Less_than_3,HIIT,Fish_Oil,Deep_Sea,8,5,Low_Carb,-0.4,-0.6,1.2,8.4
Male,25-35,180-190,76,20,Beginner,3-5_times,Strength_Training,Multivitamin,Standard,6,7,Regular,0,0.1,2.8,7
Male,Under_25,170-180,68,23,Intermediate,Less_than_3,HIIT,Creatine,Monohydrate,3,7,Low_Carb,0.5,-0.1,5.2,9.2
Female,Under_25,180-190,87,28,Beginner,3-5_times,Endurance,Whey_Protein,Isolate,4,7,Regular,1,-0.8,3.4,10
Female,25-35,170-180,62,26,Advanced,More_than_5,Endurance,Creatine,HCL,3,4,Vegan,4,-0.2,16.2,10
Male,25-35,160-170,65,21,Intermediate,Less_than_3,Strength_Training,L_Carnitine,Liquid,5,5,High_Protein,0.3,-1.2,2.7,9.4
Male,25-35,170-180,64,23,Beginner,3-5_times,HIIT,Multivitamin,Standard,5,4,Vegan,-0.2,-0.4,2.5,6.1
Female,25-35,180-190,84,20,Beginner,Less_than_3,Strength_Training,BCAA,Whey_Based,7,2,Regular,0.7,-0.2,2.5,9
Male,25-35,160-170,74,27,Beginner,More_than_5,Strength_Training,Creatine,Monohydrate,5,3,Regular,4.5,-0.2,12.5,10
Female,Under_25,160-170,71,23,Intermediate,3-5_times,Strength_Training,Whey_Protein,Isolate,8,7,High_Protein,6.3,-1.4,7.4,10
Female,Under_25,180-190,93,28,Intermediate,Less_than_3,Strength_Training,Whey_Protein,Concentrate,4,5,High_Protein,3.9,-0.8,3.9,10
Male,Under_25,170-180,63,12,Beginner,3-5_times,Strength_Training,Creatine,Monohydrate,4,1,High_Protein,5.1,-0.1,11,10
Female,Over_35,160-170,56,34,Beginner,3-5_times,HIIT,Whey_Protein,Isolate,7,1,Regular,0.2,-1.5,4.9,9.8
Female,Under_25,160-170,62,27,Beginner,Less_than_3,Endurance,Energy_Drink,Sugar_Free,6,3,High_Protein,-0.5,-0.2,1.4,8.5
Female,Over_35,180-190,80,28,Intermediate,3-5_times,Endurance,Whey_Protein,Concentrate,5,6,Regular,2.1,-0.8,4.5,10
Male,Under_25,170-180,62,19,Beginner,3-5_times,HIIT,BCAA,Whey_Based,5,1,Regular,-0.2,-0.6,3.9,8.7
Female,Over_35,160-170,50,30,Intermediate,3-5_times,Strength_Training,Energy_Drink,Sugar,6,6,Regular,-0.3,0,6.7,9.1
Male,Under_25,170-180,62,23,Beginner,3-5_times,Endurance,Whey_Protein,Concentrate,5,6,High_Protein,0.2,-0.9,4.6,9.5
Female,Over_35,170-180,78,34,Intermediate,More_than_5,HIIT,Creatine,HCL,5,1,High_Protein,2.5,-0.1,14.6,10
Male,25-35,170-180,73,15,Beginner,More_than_5,HIIT,BCAA,Whey_Based,4,4,High_Protein,-0.1,-0.5,7.3,8.6
Female,Under_25,160-170,58,26,Intermediate,More_than_5,Flexibility,Creatine,Monohydrate,4,5,Low_Carb,3.7,0,7.4,10
Female,25-35,160-170,61,28,Beginner,Less_than_3,Strength_Training,BCAA,Whey_Based,4,7,High_Protein,0.2,-0.1,2.1,8
Female,25-35,170-180,82,22,Intermediate,More_than_5,Strength_Training,Whey_Protein,Isolate,3,1,Low_Carb,4.7,-0.9,7.2,10
Male,25-35,170-180,72,16,Intermediate,3-5_times,HIIT,Energy_Drink,Sugar_Free,8,6,Low_Carb,-0.1,-0.1,5.6,8.1
Male,25-35,170-180,77,25,Beginner,3-5_times,Strength_Training,Creatine,Monohydrate,7,4,Regular,3.1,0.1,7.4,10
Male,Under_25,170-180,79,21,Beginner,3-5_times,Strength_Training,Pre_Workout,Regular,6,3,Low_Carb,0.1,0,7.3,10
Female,Over_35,150-160,58,32,Beginner,Less_than_3,Endurance,Creatine,HCL,7,4,High_Protein,0.5,-0.2,3.9,10
Female,25-35,170-180,70,30,Intermediate,3-5_times,Flexibility,Whey_Protein,Concentrate,4,5,Regular,1.8,-0.7,2.3,8
Male,Under_25,160-170,70,12,Intermediate,3-5_times,Endurance,Whey_Protein,Isolate,6,1,Regular,1.6,-0.6,5.9,10
Male,Under_25,160-170,66,18,Intermediate,3-5_times,HIIT,Creatine,Monohydrate,5,1,High_Protein,2.5,-0.1,9.1,10
Female,25-35,160-170,52,29,Beginner,Less_than_3,HIIT,Whey_Protein,Isolate,7,2,Regular,0.8,-0.8,2.6,9.4
Male,Under_25,150-160,50,20,Beginner,Less_than_3,Endurance,Energy_Drink,Sugar_Free,6,7,High_Protein,-0.4,-0.4,1,7.5
Female,25-35,160-170,54,24,Intermediate,3-5_times,HIIT,Energy_Drink,Sugar_Free,4,3,High_Protein,-0.6,-0.3,6.3,9.8
Male,25-35,180-190,86,22,Intermediate,Less_than_3,Flexibility,Multivitamin,Standard,4,2,Low_Carb,0.2,0.1,0.9,6.6
Male,Under_25,180-190,78,16,Beginner,3-5_times,Strength_Training,Energy_Drink,Sugar_Free,3,6,High_Protein,0.6,0,5.1,9.4
Male,Under_25,170-180,64,19,Beginner,3-5_times,Strength_Training,Creatine,Monohydrate,6,5,Regular,4.4,0.2,9.1,10
Female,25-35,160-170,63,27,Intermediate,3-5_times,HIIT,Energy_Drink,Sugar,4,1,High_Protein,-0.2,-0.2,5.4,7.8
Female,Over_35,180-190,92,27,Beginner,3-5_times,Strength_Training,Whey_Protein,Concentrate,8,5,Regular,2.3,-1.4,4.5,10
Male,Under_25,170-180,83,17,Advanced,Less_than_3,Flexibility,Energy_Drink,Sugar,7,2,High_Protein,-0.1,-0.1,2.4,7.1
Male,25-35,170-180,80,21,Beginner,More_than_5,Strength_Training,Multivitamin,Standard,8,4,High_Protein,0.3,0.1,2.8,6.2
Male,Under_25,180-190,71,20,Intermediate,3-5_times,Endurance,Pre_Workout,Regular,3,2,Regular,-0.3,-0.2,11.7,10
Male,25-35,150-160,46,25,Intermediate,3-5_times,Strength_Training,Creatine,Monohydrate,6,7,High_Protein,8.2,-0.1,10.8,10
Female,Over_35,180-190,93,31,Beginner,Less_than_3,Strength_Training,Creatine,HCL,7,4,Regular,2.5,0.1,5.8,10
Male,Under_25,160-170,70,18,Intermediate,Less_than_3,HIIT,Whey_Protein,Concentrate,4,1,Regular,0.4,-1.7,3.2,9.8
Female,Over_35,170-180,69,24,Advanced,3-5_times,HIIT,Pre_Workout,Regular,7,6,Low_Carb,-0.4,-0.2,16.3,10
Female,25-35,170-180,73,30,Beginner,3-5_times,Flexibility,Pre_Workout,Regular,5,6,Regular,0.4,-0.1,2,9.6
Male,Over_35,170-180,81,28,Intermediate,3-5_times,Strength_Training,Whey_Protein,Hydrolyzed,4,2,Regular,5.1,-1.8,6.1,10
Female,25-35,170-180,70,30,Beginner,3-5_times,HIIT,Whey_Protein,Concentrate,4,7,Regular,1,-1.2,3.7,9.6
Female,Under_25,170-180,73,22,Advanced,3-5_times,Strength_Training,Whey_Protein,Hydrolyzed,4,5,High_Protein,6.1,-1.6,8.7,10
Female,Over_35,160-170,51,27,Beginner,Less_than_3,Endurance,Creatine,HCL,6,5,High_Protein,1.3,-0.2,2.2,8.3
Female,Over_35,160-170,67,27,Beginner,3-5_times,Strength_Training,Fish_Oil,Deep_Sea,7,7,Vegan,0,-0.7,1,6.3
Female,25-35,170-180,67,23,Advanced,More_than_5,Endurance,Creatine,Monohydrate,7,1,Regular,3,-0.1,14.7,10
Male,Under_25,180-190,92,16,Beginner,3-5_times,Strength_Training,Whey_Protein,Concentrate,6,7,Regular,4.5,-1.2,5.6,10
Female,Under_25,160-170,62,22,Beginner,More_than_5,Flexibility,Energy_Drink,Sugar,8,1,Regular,0.3,0.1,2.6,8.8
Male,Over_35,160-170,56,18,Beginner,Less_than_3,Endurance,Creatine,Monohydrate,3,6,Regular,0.9,-0.3,4.5,10
Female,Under_25,160-170,72,20,Intermediate,More_than_5,Strength_Training,Multivitamin,Standard,3,6,High_Protein,0.4,0.1,3.7,7.2
Male,Over_35,180-190,85,23,Beginner,More_than_5,Strength_Training,Pre_Workout,Regular,6,5,Low_Carb,0.1,0,12.5,10
Male,25-35,170-180,72,22,Beginner,3-5_times,HIIT,BCAA,Vegan,6,6,Regular,-0.1,-0.5,3.3,7.3
Male,25-35,180-190,89,18,Advanced,Less_than_3,Endurance,L_Carnitine,Capsule,4,4,High_Protein,-0.2,-3.6,6.6,10
Male,Under_25,170-180,66,16,Intermediate,3-5_times,Endurance,Energy_Drink,Sugar,5,3,High_Protein,-0.6,-0.1,1.7,8.2
Female,25-35,160-170,50,27,Beginner,More_than_5,Strength_Training,BCAA,Whey_Based,5,3,Regular,0.5,-0.3,3.9,8.8
Female,Over_35,180-190,77,28,Beginner,Less_than_3,Strength_Training,Fish_Oil,Deep_Sea,4,7,Low_Carb,0,-0.4,0.7,6.6
Female,Under_25,150-160,58,24,Advanced,Less_than_3,Strength_Training,Pre_Workout,Regular,4,1,Regular,0.3,0,9.6,10
Male,25-35,Above_190,80,24,Intermediate,3-5_times,Strength_Training,BCAA,Vegan,8,4,Regular,0.5,-0.4,4.3,8.4
Female,25-35,150-160,52,22,Intermediate,3-5_times,Strength_Training,BCAA,Whey_Based,4,2,Vegan,0.7,-0.2,5.7,8.8
Male,Under_25,170-180,74,24,Advanced,3-5_times,HIIT,Creatine,Monohydrate,5,4,High_Protein,1.7,-0.3,14,10
Female,25-35,170-180,81,22,Intermediate,Less_than_3,HIIT,Whey_Protein,Concentrate,8,1,High_Protein,1,-1.2,3.4,8.6
Male,Under_25,170-180,83,20,Beginner,3-5_times,HIIT,Whey_Protein,Isolate,5,3,High_Protein,1.3,-0.8,5.5,10
Female,Under_25,180-190,82,29,Intermediate,Less_than_3,Strength_Training,BCAA,Vegan,8,7,Regular,0.8,-0.4,3.4,7.6
Male,25-35,160-170,69,17,Intermediate,More_than_5,Endurance,Whey_Protein,Concentrate,7,2,Regular,2.8,-1.6,5.8,9.7
Male,25-35,160-170,63,27,Intermediate,3-5_times,HIIT,Whey_Protein,Hydrolyzed,6,4,Regular,1.5,-1.3,3.5,10
Male,Over_35,170-180,75,22,Beginner,3-5_times,Strength_Training,Whey_Protein,Concentrate,3,4,Regular,3.2,-1.6,4.9,10
Female,Under_25,150-160,56,28,Intermediate,Less_than_3,Strength_Training,Creatine,Monohydrate,6,2,Low_Carb,3.5,0,8,10
Male,Under_25,160-170,65,19,Advanced,3-5_times,Strength_Training,Pre_Workout,Regular,3,4,High_Protein,0.3,0.2,19.4,10
Female,Under_25,160-170,63,21,Advanced,3-5_times,Strength_Training,Creatine,Monohydrate,6,3,Vegan,7.9,0,13.9,10
Male,25-35,180-190,79,24,Intermediate,Less_than_3,HIIT,BCAA,Whey_Based,3,1,Regular,0.1,-0.7,4.4,8.5
Female,Under_25,170-180,83,22,Advanced,Less_than_3,Strength_Training,Whey_Protein,Isolate,7,4,Regular,4,-1.2,5.7,10
Male,25-35,180-190,78,27,Beginner,3-5_times,Flexibility,Pre_Workout,Regular,5,1,Regular,0.1,-0.1,4.4,10
Female,Over_35,170-180,77,24,Intermediate,Less_than_3,Strength_Training,Multivitamin,Standard,6,3,Regular,0.6,0,2.4,7.7
Male,Over_35,170-180,62,22,Intermediate,Less_than_3,Strength_Training,Creatine,Monohydrate,4,1,Regular,4.1,0,7.6,10
Male,Over_35,160-170,72,18,Beginner,3-5_times,HIIT,Whey_Protein,Isolate,5,3,Regular,0.3,-1.3,3.4,10
Male,Under_25,180-190,79,24,Intermediate,Less_than_3,HIIT,Whey_Protein,Concentrate,7,3,High_Protein,1.6,-1.3,4.1,9.6
Male,25-35,160-170,68,25,Intermediate,3-5_times,HIIT,Whey_Protein,Concentrate,6,7,Regular,1.6,-1.7,7.3,10
Female,25-35,160-170,61,22,Beginner,3-5_times,HIIT,BCAA,Whey_Based,6,7,Regular,-0.5,-0.5,3.8,8.7
Male,25-35,170-180,76,25,Advanced,3-5_times,Strength_Training,Creatine,HCL,7,1,Low_Carb,6.6,0,14.5,10
Female,25-35,170-180,72,29,Intermediate,More_than_5,HIIT,Whey_Protein,Concentrate,3,4,High_Protein,2.5,-2.7,8.7,10
Female,25-35,160-170,54,22,Intermediate,3-5_times,HIIT,Creatine,Monohydrate,5,5,Regular,1.6,-0.2,9.7,10
Female,Under_25,170-180,63,24,Intermediate,3-5_times,HIIT,BCAA,Whey_Based,6,4,Regular,-0.3,-0.6,5.7,8.3
Male,Under_25,Above_190,90,17,Beginner,Less_than_3,Flexibility,Creatine,Monohydrate,3,3,Regular,1.8,0,2.5,8.4
Female,25-35,170-180,75,21,Intermediate,3-5_times,Strength_Training,Creatine,Monohydrate,8,4,High_Protein,8.4,0.1,14,10
Male,Over_35,160-170,50,26,Beginner,3-5_times,Strength_Training,Creatine,Monohydrate,5,7,High_Protein,5.3,0,10.1,10
Male,Under_25,170-180,79,20,Beginner,Less_than_3,HIIT,L_Carnitine,Capsule,6,3,Low_Carb,0.1,-1.3,3.1,9.3
Male,Under_25,160-170,73,17,Beginner,Less_than_3,Strength_Training,Whey_Protein,Isolate,3,4,Vegan,2.3,-0.9,3,10
Male,25-35,170-180,77,22,Intermediate,3-5_times,Strength_Training,Whey_Protein,Concentrate,8,7,Regular,4,-2.4,6.4,10
Female,25-35,180-190,87,21,Beginner,3-5_times,HIIT,Multivitamin,Standard,3,4,High_Protein,-1,-0.3,2.3,6.5
Male,25-35,170-180,70,17,Intermediate,Less_than_3,Strength_Training,Whey_Protein,Hydrolyzed,5,6,Regular,3.1,-1.3,5,10
Male,Under_25,170-180,82,16,Intermediate,Less_than_3,Strength_Training,BCAA,Whey_Based,6,4,Regular,0.6,-0.2,3.9,8.1
Female,25-35,170-180,69,23,Beginner,3-5_times,Strength_Training,Pre_Workout,Regular,8,1,High_Protein,0.6,0,9.1,10
Male,Over_35,160-170,67,28,Intermediate,3-5_times,HIIT,Energy_Drink,Sugar_Free,8,3,Regular,-0.2,-0.1,6.9,9.4
Female,Under_25,150-160,59,18,Advanced,3-5_times,Strength_Training,BCAA,Whey_Based,7,6,High_Protein,1.7,-0.3,7.7,9.6
Male,Under_25,180-190,89,17,Advanced,3-5_times,Strength_Training,Whey_Protein,Concentrate,7,6,Regular,6.1,-2.4,10.9,10
Male,25-35,160-170,72,20,Advanced,3-5_times,HIIT,BCAA,Whey_Based,5,4,Regular,-0.5,-0.6,7.8,8.8
Male,Under_25,180-190,81,23,Beginner,3-5_times,Strength_Training,Fish_Oil,Deep_Sea,6,5,Regular,0.3,-0.4,0.6,8.3
Male,25-35,160-170,68,21,Advanced,3-5_times,Flexibility,Creatine,Monohydrate,8,3,Regular,2.3,0,5,9.7
Female,25-35,180-190,79,31,Beginner,3-5_times,Endurance,Whey_Protein,Concentrate,6,1,High_Protein,1.3,-0.6,3,9.3
Male,25-35,160-170,54,23,Beginner,3-5_times,Flexibility,Whey_Protein,Concentrate,3,1,Regular,1.8,-0.1,1.5,8.4
Male,Under_25,160-170,56,20,Intermediate,Less_than_3,Strength_Training,Creatine,Monohydrate,7,5,Regular,4.9,0.1,8.7,10
Female,25-35,180-190,82,21,Advanced,Less_than_3,Flexibility,BCAA,Whey_Based,5,2,Regular,0.3,-0.4,1.9,8.5
Male,25-35,160-170,63,18,Advanced,3-5_times,Strength_Training,BCAA,Whey_Based,3,5,Regular,0.8,-0.4,6.4,8.4
Male,Under_25,Above_190,104,18,Intermediate,3-5_times,Strength_Training,Energy_Drink,Sugar,6,6,Regular,-0.2,0.1,5.3,9.4
Male,Under_25,Above_190,105,16,Beginner,Less_than_3,Strength_Training,BCAA,Whey_Based,4,6,Regular,0.4,-0.2,3.1,8.7
Male,25-35,180-190,78,26,Beginner,3-5_times,HIIT,Multivitamin,Standard,6,2,Low_Carb,0.1,-0.2,2.6,7
Male,Under_25,160-170,73,12,Beginner,3-5_times,Strength_Training,Energy_Drink,Sugar_Free,4,7,Low_Carb,0.1,0,2.8,7.2
Male,Under_25,170-180,70,22,Advanced,More_than_5,Strength_Training,Energy_Drink,Sugar,8,3,Regular,0,0,9.8,9.6
Male,25-35,170-180,77,24,Intermediate,3-5_times,Strength_Training,BCAA,Whey_Based,4,4,Low_Carb,0.3,-0.4,5.4,8.6
Male,Under_25,170-180,81,19,Beginner,3-5_times,Strength_Training,Whey_Protein,Isolate,5,1,High_Protein,4.3,-0.8,4.9,10
Male,Over_35,170-180,61,26,Advanced,Less_than_3,Strength_Training,Whey_Protein,Concentrate,8,4,Vegan,4.3,-1.3,6.1,10
Female,25-35,170-180,66,27,Intermediate,3-5_times,Flexibility,Creatine,Monohydrate,8,5,High_Protein,2.4,0,3.2,10
Male,Under_25,160-170,64,19,Intermediate,Less_than_3,Strength_Training,Whey_Protein,Isolate,4,1,Vegan,2.7,-1.5,3.8,10
Male,Over_35,170-180,77,20,Intermediate,Less_than_3,Endurance,Creatine,Monohydrate,3,4,Regular,1.9,-0.2,7.2,10
Female,Under_25,160-170,65,18,Beginner,Less_than_3,Strength_Training,Creatine,Monohydrate,3,7,Regular,3.2,0,4.7,10
Female,Under_25,170-180,64,25,Beginner,More_than_5,Strength_Training,Fish_Oil,Deep_Sea,5,4,Regular,0.3,-0.6,1.1,6.9
Male,Over_35,170-180,61,27,Intermediate,Less_than_3,Endurance,Whey_Protein,Concentrate,6,5,Regular,1.4,-1.1,4.5,10
Female,Under_25,170-180,67,18,Intermediate,3-5_times,Strength_Training,Whey_Protein,Concentrate,3,3,Regular,4.1,-2.3,7.2,10
Female,25-35,170-180,63,30,Intermediate,More_than_5,Strength_Training,Pre_Workout,Caffeine_Free,7,2,Regular,0.1,0.1,17.6,10
Male,Over_35,150-160,55,28,Beginner,3-5_times,Strength_Training,BCAA,Whey_Based,3,1,High_Protein,0.6,-0.2,5.1,8.8
Female,25-35,170-180,60,21,Intermediate,More_than_5,Strength_Training,Whey_Protein,Isolate,6,5,High_Protein,8.1,-2.2,9.9,10
Male,25-35,170-180,69,19,Beginner,3-5_times,Strength_Training,BCAA,Whey_Based,8,1,Regular,0.6,-0.2,3.7,9.4
Female,Under_25,170-180,67,20,Intermediate,Less_than_3,Strength_Training,BCAA,Vegan,4,7,Regular,0.8,-0.3,4,8.6
Male,Under_25,170-180,68,21,Beginner,3-5_times,HIIT,Creatine,Monohydrate,3,7,Regular,2,-0.1,6.6,10
Male,Over_35,150-160,56,26,Intermediate,Less_than_3,Endurance,BCAA,Vegan,4,4,High_Protein,-0.2,-0.5,3.5,8.2
Male,25-35,180-190,86,27,Beginner,More_than_5,HIIT,Whey_Protein,Concentrate,4,4,Vegan,1.8,-1.6,5.1,9.9
Male,Under_25,160-170,60,21,Intermediate,More_than_5,Strength_Training,Creatine,Monohydrate,6,6,Regular,7.8,-0.1,13.8,10
Female,25-35,180-190,80,24,Beginner,More_than_5,Strength_Training,Whey_Protein,Concentrate,3,1,Regular,3.3,-1.2,5.3,10
Male,Under_25,180-190,78,14,Intermediate,More_than_5,HIIT,BCAA,Whey_Based,3,5,High_Protein,-0.2,-0.4,9.5,9.8
Female,Under_25,160-170,53,19,Beginner,Less_than_3,HIIT,Pre_Workout,Regular,3,4,High_Protein,-0.3,-0.1,4.3,9.9
Male,25-35,180-190,80,19,Intermediate,Less_than_3,Flexibility,Energy_Drink,Sugar_Free,4,4,High_Protein,0.4,0,1.7,8.2
Female,25-35,160-170,65,28,Beginner,Less_than_3,Endurance,Energy_Drink,Sugar,8,3,High_Protein,-0.1,-0.3,1,8.3
Male,25-35,180-190,70,17,Advanced,Less_than_3,HIIT,BCAA,Vegan,3,3,Regular,-0.4,-0.4,4.5,7.9
Male,25-35,160-170,62,25,Intermediate,3-5_times,HIIT,Energy_Drink,Sugar_Free,8,6,Regular,-0.7,-0.3,5.8,8.4
Male,25-35,160-170,51,15,Beginner,Less_than_3,Strength_Training,Whey_Protein,Concentrate,6,1,Low_Carb,2.7,-0.6,3.4,9.7
Male,25-35,170-180,69,22,Advanced,More_than_5,Strength_Training,Whey_Protein,Isolate,7,1,High_Protein,8.9,-1.9,13.4,10
Male,25-35,170-180,69,16,Advanced,3-5_times,Strength_Training,BCAA,Whey_Based,5,1,High_Protein,1,-0.4,6.9,10
Male,Under_25,170-180,69,15,Intermediate,3-5_times,HIIT,Creatine,HCL,7,6,High_Protein,2.9,-0.1,13.1,10
Male,Under_25,Above_190,85,23,Intermediate,Less_than_3,Endurance,Multivitamin,Standard,7,6,Vegan,-0.4,-0.4,3.2,7.2
Female,25-35,150-160,53,30,Intermediate,3-5_times,HIIT,Whey_Protein,Concentrate,6,6,Regular,2.3,-1.4,6.4,10
Female,25-35,Above_190,102,22,Beginner,Less_than_3,HIIT,Multivitamin,Standard,5,4,Regular,-0.2,-0.1,1.7,6.4
Female,25-35,170-180,82,28,Beginner,3-5_times,HIIT,Whey_Protein,Isolate,4,7,Regular,0.7,-1.3,5.4,9.8
Male,25-35,180-190,78,24,Intermediate,3-5_times,Strength_Training,Creatine,Monohydrate,5,3,Regular,7,-0.1,12.7,10
Male,25-35,160-170,50,25,Advanced,3-5_times,Strength_Training,Whey_Protein,Hydrolyzed,4,5,Low_Carb,4.5,-2.1,8,10
Male,Over_35,170-180,83,27,Intermediate,More_than_5,Flexibility,Whey_Protein,Concentrate,6,2,Regular,3.5,-1.2,3.1,9.4
Male,25-35,150-160,46,15,Intermediate,Less_than_3,Flexibility,Whey_Protein,Hydrolyzed,8,1,Regular,1.1,-0.5,1.1,7.7
Female,Under_25,180-190,80,20,Intermediate,3-5_times,Strength_Training,Energy_Drink,Sugar,5,4,High_Protein,0.5,0,6,9.5
Male,Under_25,Above_190,109,19,Intermediate,3-5_times,Strength_Training,Creatine,Monohydrate,3,1,Regular,5.7,0.1,13.7,10
Female,25-35,160-170,62,21,Beginner,3-5_times,HIIT,Pre_Workout,Caffeine_Free,4,6,Regular,-0.2,-0.3,8.9,10
Male,Under_25,170-180,73,20,Intermediate,Less_than_3,Flexibility,Energy_Drink,Sugar,6,6,Regular,0.4,-0.1,1.7,7.2
Male,Under_25,160-170,70,16,Advanced,3-5_times,HIIT,Whey_Protein,Isolate,4,3,High_Protein,1,-1.9,9.8,10
Male,25-35,180-190,85,22,Intermediate,More_than_5,Endurance,BCAA,Whey_Based,5,5,Regular,-0.3,-0.7,5.7,10
Male,25-35,180-190,77,25,Beginner,3-5_times,Endurance,Whey_Protein,Isolate,7,4,High_Protein,1.4,-1.1,4.2,9.8
Female,25-35,160-170,61,30,Beginner,Less_than_3,Strength_Training,BCAA,Whey_Based,3,7,High_Protein,0.7,-0.2,2.7,8.5
Male,25-35,170-180,72,25,Beginner,Less_than_3,Endurance,Multivitamin,Standard,7,3,Regular,-0.8,-0.1,2,7.1
Male,Under_25,170-180,61,21,Beginner,Less_than_3,Strength_Training,BCAA,Whey_Based,5,7,Regular,0.2,-0.2,2.3,7.5
Female,Under_25,170-180,84,27,Beginner,3-5_times,Strength_Training,Whey_Protein,Isolate,7,2,Regular,3.5,-1.3,5.2,10
Male,25-35,150-160,60,22,Beginner,More_than_5,Strength_Training,BCAA,Whey_Based,3,2,Low_Carb,0.5,-0.2,4.4,9
Female,25-35,180-190,87,20,Beginner,3-5_times,HIIT,BCAA,Whey_Based,6,6,Regular,-0.3,-0.6,4.2,8
Female,25-35,160-170,67,24,Intermediate,3-5_times,Strength_Training,Creatine,Monohydrate,8,7,Regular,6.7,0,12.2,10
Female,Under_25,160-170,72,18,Intermediate,3-5_times,Strength_Training,Fish_Oil,Deep_Sea,5,2,Regular,-0.1,-0.6,1.5,6.9
Male,25-35,180-190,84,27,Beginner,3-5_times,Strength_Training,BCAA,Vegan,6,4,High_Protein,0.2,-0.2,4.4,7.7
Male,Under_25,160-170,56,17,Advanced,3-5_times,Endurance,Creatine,HCL,4,2,Regular,3.1,-0.3,12.4,10
Male,25-35,170-180,68,25,Intermediate,Less_than_3,HIIT,Creatine,Monohydrate,3,5,Regular,2,-0.3,6.4,10
Female,25-35,150-160,56,29,Intermediate,3-5_times,HIIT,BCAA,Whey_Based,8,2,Regular,-0.5,-0.5,5.6,8
Male,Under_25,170-180,78,21,Beginner,3-5_times,Strength_Training,Whey_Protein,Isolate,5,3,High_Protein,4.1,-1,5.8,10
Female,25-35,170-180,69,25,Beginner,More_than_5,Strength_Training,L_Carnitine,Capsule,6,7,High_Protein,0.1,-2.1,3.3,8.2
Male,25-35,180-190,76,17,Beginner,3-5_times,Endurance,Whey_Protein,Isolate,8,4,Regular,0.9,-0.8,3.8,10
Female,Under_25,180-190,93,23,Intermediate,Less_than_3,Strength_Training,Creatine,HCL,5,3,High_Protein,4.9,0.1,9.3,10
Male,Under_25,180-190,74,22,Beginner,3-5_times,Strength_Training,Creatine,Monohydrate,8,5,High_Protein,4.9,0.2,10.9,10
Male,Over_35,180-190,77,19,Intermediate,Less_than_3,Endurance,Creatine,HCL,4,4,Regular,1,-0.1,6,10
Female,Under_25,170-180,79,22,Beginner,3-5_times,HIIT,Whey_Protein,Isolate,8,7,Regular,1.2,-1.7,2.9,10
Female,Under_25,Above_190,87,24,Intermediate,More_than_5,HIIT,Creatine,HCL,3,1,High_Protein,1.7,-0.1,12.3,10
Male,25-35,180-190,80,20,Intermediate,Less_than_3,Strength_Training,Whey_Protein,Isolate,5,6,Regular,3.5,-1.1,3.7,10
Male,Over_35,160-170,66,26,Intermediate,3-5_times,Flexibility,Whey_Protein,Concentrate,6,1,Regular,3,-0.5,3.2,9.8
Female,Under_25,160-170,64,28,Intermediate,3-5_times,Strength_Training,Creatine,Monohydrate,7,4,High_Protein,7.3,0.1,13.2,10
Female,25-35,180-190,86,29,Beginner,3-5_times,HIIT,Multivitamin,Standard,3,3,High_Protein,-0.4,-0.1,3.4,6.7
Female,25-35,180-190,89,28,Beginner,Less_than_3,Strength_Training,Creatine,Monohydrate,3,6,Regular,3.1,-0.1,6.4,10
Female,Under_25,180-190,87,21,Advanced,More_than_5,Strength_Training,Whey_Protein,Concentrate,6,5,Regular,7.7,-2.9,12.3,10
Male,Under_25,170-180,74,19,Intermediate,3-5_times,Strength_Training,Fish_Oil,Deep_Sea,4,5,High_Protein,0,-0.6,1.2,7.1
Male,Under_25,170-180,68,12,Intermediate,More_than_5,Strength_Training,Creatine,Monohydrate,5,3,Low_Carb,5.9,0.1,15,10
Male,Under_25,180-190,88,18,Intermediate,3-5_times,HIIT,Whey_Protein,Concentrate,7,6,High_Protein,2.1,-1.7,7.8,10
Female,Under_25,170-180,68,27,Intermediate,Less_than_3,Endurance,Fish_Oil,Deep_Sea,6,6,Regular,-0.2,-1.2,2,8.8
Female,Under_25,160-170,71,24,Beginner,More_than_5,HIIT,Creatine,HCL,4,6,Regular,1.5,-0.3,10,10
Female,25-35,160-170,53,21,Intermediate,Less_than_3,HIIT,Fish_Oil,Deep_Sea,5,4,Vegan,-0.3,-1.2,1.3,7.2
Male,Under_25,160-170,61,20,Beginner,More_than_5,Strength_Training,Creatine,Monohydrate,7,3,Vegan,5.2,0,12.1,10
Female,Over_35,180-190,72,29,Intermediate,3-5_times,HIIT,Whey_Protein,Concentrate,3,5,Vegan,0.9,-2.1,6.1,10
Male,Under_25,180-190,90,15,Beginner,Less_than_3,Strength_Training,L_Carnitine,Capsule,3,1,Regular,0.3,-1.3,1.7,8.5
Male,Under_25,180-190,92,23,Beginner,Less_than_3,HIIT,BCAA,Whey_Based,7,7,High_Protein,-0.3,-0.1,3.2,7.3
Male,25-35,170-180,70,22,Advanced,3-5_times,Strength_Training,Creatine,Monohydrate,8,7,Regular,7.2,-0.1,14.9,10
Male,Under_25,160-170,55,13,Intermediate,3-5_times,Strength_Training,L_Carnitine,Liquid,5,4,Regular,0.2,-3.2,2.3,9.6
Male,Over_35,170-180,66,19,Advanced,Less_than_3,Flexibility,Whey_Protein,Hydrolyzed,7,3,Regular,2.5,-0.7,3.1,9.6
Male,Under_25,160-170,57,19,Intermediate,3-5_times,HIIT,Creatine,Monohydrate,4,4,Regular,2.9,-0.3,11.4,10
Female,Under_25,160-170,58,27,Intermediate,3-5_times,Strength_Training,Multivitamin,Standard,4,4,High_Protein,0.1,0,3.9,6.3
Male,Under_25,180-190,82,19,Advanced,More_than_5,Strength_Training,Multivitamin,Standard,3,6,High_Protein,0.4,0,5,7.4
Female,25-35,170-180,78,26,Intermediate,3-5_times,Strength_Training,Creatine,Monohydrate,5,6,Low_Carb,4.9,0,12.9,10
Male,Under_25,170-180,66,12,Beginner,3-5_times,HIIT,Creatine,HCL,5,7,Regular,1.1,-0.2,6.4,10
Male,25-35,170-180,63,23,Intermediate,More_than_5,HIIT,Whey_Protein,Concentrate,7,7,Regular,1.5,-2.3,7.6,10
Male,Over_35,160-170,50,23,Beginner,Less_than_3,Endurance,BCAA,Whey_Based,8,1,Regular,-0.4,-0.4,2.2,7.9
Male,Under_25,160-170,50,16,Intermediate,3-5_times,Endurance,Whey_Protein,Isolate,7,6,High_Protein,1.3,-1.1,6,9.8
Male,25-35,170-180,84,17,Beginner,More_than_5,Endurance,Pre_Workout,Regular,6,6,High_Protein,-0.3,-0.1,10.9,10
Female,Under_25,160-170,50,29,Intermediate,3-5_times,Flexibility,Creatine,Monohydrate,5,6,Regular,2.1,0,5.1,10
Male,Under_25,170-180,67,17,Intermediate,Less_than_3,HIIT,Fish_Oil,Deep_Sea,4,4,Regular,-0.4,-1.5,1.7,7.4
Male,25-35,150-160,50,27,Beginner,3-5_times,Flexibility,Whey_Protein,Concentrate,4,1,High_Protein,2.1,-0.4,2.1,9.5
Male,Under_25,170-180,82,15,Beginner,3-5_times,Endurance,Creatine,Monohydrate,4,6,High_Protein,2.1,-0.4,7.4,10
Male,Under_25,170-180,62,20,Beginner,3-5_times,Strength_Training,Whey_Protein,Concentrate,8,1,High_Protein,4.1,-0.9,5.6,10
Male,25-35,150-160,45,23,Intermediate,Less_than_3,HIIT,Whey_Protein,Concentrate,8,5,Regular,0.9,-1.4,4.3,10
Female,Under_25,180-190,94,24,Beginner,3-5_times,Strength_Training,Fish_Oil,Algae_DHA,8,1,Regular,0.3,-1.1,0.9,8.4
Female,25-35,180-190,84,28,Beginner,3-5_times,Endurance,Whey_Protein,Isolate,8,5,Low_Carb,0.8,-0.6,3.7,8.6
Male,Under_25,180-190,91,16,Advanced,3-5_times,HIIT,Multivitamin,Standard,8,7,Regular,-0.8,-0.3,5.8,8.9
Male,Under_25,170-180,71,15,Intermediate,More_than_5,Strength_Training,Whey_Protein,Hydrolyzed,5,4,High_Protein,5.7,-2.4,10.4,10
Male,Under_25,180-190,78,14,Intermediate,3-5_times,Flexibility,Creatine,Monohydrate,3,6,Regular,2.3,0,4.4,9.5
Female,25-35,170-180,77,27,Intermediate,More_than_5,Endurance,Whey_Protein,Concentrate,3,4,Low_Carb,2.7,-0.8,7.2,10
Female,Under_25,180-190,81,27,Advanced,More_than_5,Strength_Training,BCAA,Whey_Based,5,6,Vegan,0.5,-0.9,7.3,10
Female,25-35,170-180,73,28,Intermediate,3-5_times,Strength_Training,Whey_Protein,Isolate,6,5,Regular,4.8,-2.1,6.8,10
Male,25-35,170-180,74,15,Beginner,3-5_times,Flexibility,Whey_Protein,Hydrolyzed,3,5,Regular,1.9,-0.8,1.3,7.6
Female,Over_35,170-180,60,24,Intermediate,Less_than_3,HIIT,Multivitamin,Standard,3,4,Regular,-0.1,-0.2,2.4,7.7
Male,25-35,170-180,84,20,Intermediate,Less_than_3,Endurance,BCAA,Vegan,6,2,High_Protein,-0.7,-0.5,4.2,8.5
Male,Under_25,150-160,58,16,Intermediate,3-5_times,Strength_Training,Whey_Protein,Concentrate,6,5,High_Protein,6.7,-1.7,6.2,10
Male,25-35,180-190,72,27,Intermediate,3-5_times,Strength_Training,L_Carnitine,Capsule,8,3,Regular,0.3,-2.9,3,9.7
Female,Under_25,150-160,50,21,Intermediate,Less_than_3,Flexibility,Creatine,Monohydrate,6,3,Regular,2.6,0.1,2.5,9.7
Male,25-35,160-170,69,25,Intermediate,3-5_times,Strength_Training,Creatine,HCL,4,4,High_Protein,7.3,0.2,11.6,10
Male,Under_25,170-180,79,24,Beginner,More_than_5,Endurance,Creatine,Monohydrate,4,4,High_Protein,1.7,-0.3,9.8,10
Female,Under_25,170-180,61,25,Intermediate,3-5_times,Endurance,Whey_Protein,Concentrate,5,2,Regular,1.9,-0.9,5.3,10
Male,Under_25,170-180,73,23,Intermediate,Less_than_3,Endurance,Creatine,Monohydrate,5,7,Regular,1.9,0,4.9,10
Male,Under_25,170-180,74,14,Beginner,Less_than_3,Strength_Training,Fish_Oil,Deep_Sea,5,4,Regular,0.2,-0.4,0.6,7.1
Male,25-35,160-170,66,25,Beginner,3-5_times,Strength_Training,Energy_Drink,Sugar_Free,5,6,Regular,0.2,0.2,3.2,7.5
Female,Under_25,180-190,94,25,Intermediate,More_than_5,Strength_Training,Whey_Protein,Isolate,4,4,High_Protein,6.3,-2.3,11.7,10
Male,Under_25,160-170,54,14,Intermediate,More_than_5,Endurance,Pre_Workout,Regular,7,7,Regular,0,-0.3,13.4,10
Male,25-35,170-180,68,15,Intermediate,3-5_times,Strength_Training,Whey_Protein,Concentrate,7,2,Regular,4.7,-1.5,8,10
Female,Over_35,170-180,71,27,Intermediate,3-5_times,Strength_Training,BCAA,Whey_Based,4,4,Regular,0.6,-0.3,5,9.4
Female,Under_25,170-180,72,23,Beginner,More_than_5,Strength_Training,Whey_Protein,Isolate,8,1,Low_Carb,3.3,-1.4,4.3,10
Female,Under_25,160-170,68,21,Beginner,Less_than_3,HIIT,Multivitamin,Standard,3,6,Regular,-0.4,-0.4,1.8,7.3
Female,25-35,180-190,73,24,Beginner,Less_than_3,HIIT,Creatine,HCL,6,7,Regular,0.8,-0.2,4.9,9.9
Female,Under_25,180-190,71,29,Beginner,More_than_5,Strength_Training,BCAA,Vegan,7,5,Regular,0.8,-0.2,5.1,8.4
Male,Under_25,160-170,53,23,Intermediate,3-5_times,Strength_Training,BCAA,Whey_Based,7,7,Regular,0.3,-0.2,4.5,8.5
Male,Under_25,160-170,58,21,Beginner,Less_than_3,Strength_Training,Pre_Workout,Regular,3,3,High_Protein,-0.1,-0.1,6.2,10
Female,Under_25,160-170,63,18,Intermediate,Less_than_3,Strength_Training,Energy_Drink,Sugar_Free,5,4,Vegan,0.1,0,3.6,8.2
Male,Under_25,170-180,74,14,Beginner,More_than_5,Strength_Training,Whey_Protein,Concentrate,4,4,Low_Carb,4.3,-1.6,5.7,10
Female,Over_35,160-170,57,27,Intermediate,Less_than_3,Strength_Training,Pre_Workout,Regular,5,6,Vegan,0.5,0.1,8.6,10
Female,Under_25,180-190,81,25,Intermediate,More_than_5,Endurance,Whey_Protein,Concentrate,6,7,High_Protein,1.4,-1.5,8.2,10
Female,Under_25,170-180,64,22,Advanced,3-5_times,Strength_Training,BCAA,Vegan,7,2,High_Protein,1.1,-0.3,5.4,9.1
Female,25-35,150-160,60,31,Beginner,Less_than_3,Strength_Training,Energy_Drink,Sugar_Free,3,2,Regular,0.3,-0.1,2.1,8.7
Female,25-35,Above_190,95,21,Advanced,Less_than_3,Strength_Training,Whey_Protein,Isolate,6,6,Regular,4.9,-1.6,7.1,10
Female,25-35,180-190,71,25,Intermediate,More_than_5,Strength_Training,Energy_Drink,Sugar_Free,8,7,Regular,0.1,0,7.7,9.8
Male,Under_25,160-170,65,18,Intermediate,3-5_times,Strength_Training,Creatine,Monohydrate,8,7,High_Protein,5.3,0,14.2,10
Male,25-35,170-180,78,21,Advanced,3-5_times,Strength_Training,Creatine,Monohydrate,7,4,Vegan,6.9,-0.3,15.1,10
Male,Over_35,170-180,73,19,Beginner,Less_than_3,Strength_Training,Whey_Protein,Isolate,5,6,Regular,2.2,-1.1,3.9,9.6
Male,Under_25,180-190,70,13,Intermediate,Less_than_3,HIIT,Energy_Drink,Sugar_Free,4,4,High_Protein,-0.1,-0.4,4,7.7
Male,Under_25,170-180,65,19,Advanced,3-5_times,Strength_Training,Energy_Drink,Sugar_Free,6,4,Low_Carb,0.2,0,6.5,9.6
Male,25-35,180-190,74,26,Beginner,3-5_times,Strength_Training,L_Carnitine,Liquid,5,1,High_Protein,0.3,-1.3,2.9,8.8
Male,25-35,180-190,85,20,Intermediate,3-5_times,Strength_Training,Creatine,HCL,4,4,Regular,4.2,0.1,12,10
Male,25-35,170-180,67,18,Beginner,3-5_times,Strength_Training,Energy_Drink,Sugar_Free,6,2,Regular,0,0,3.8,8
Female,Over_35,180-190,75,24,Beginner,More_than_5,HIIT,Creatine,Monohydrate,5,6,Vegan,2.4,-0.2,9.4,10
Female,Under_25,170-180,83,27,Intermediate,3-5_times,Strength_Training,Whey_Protein,Isolate,8,1,Regular,4.2,-1.6,7.6,10
Male,Under_25,170-180,80,23,Beginner,3-5_times,Strength_Training,Whey_Protein,Isolate,7,2,Regular,2.8,-1.9,3.1,10
Female,Under_25,180-190,91,22,Advanced,More_than_5,Endurance,Whey_Protein,Concentrate,5,4,Low_Carb,1.6,-0.8,9.1,10
Male,Under_25,180-190,91,14,Beginner,Less_than_3,HIIT,BCAA,Whey_Based,5,5,Regular,-0.3,-0.3,3.5,8.7
Male,Under_25,170-180,73,12,Beginner,3-5_times,Endurance,Whey_Protein,Isolate,6,6,Regular,0.9,-0.5,3.9,10
Male,25-35,180-190,73,20,Intermediate,3-5_times,Endurance,L_Carnitine,Liquid,6,1,Low_Carb,-0.4,-3.1,6.8,10
Male,Over_35,160-170,54,29,Beginner,3-5_times,Strength_Training,Creatine,Monohydrate,7,3,Low_Carb,3,0.1,8,10
Male,Over_35,170-180,83,24,Beginner,More_than_5,HIIT,BCAA,Vegan,3,3,Vegan,-0.3,-0.5,5.9,9.2
Male,Under_25,170-180,80,19,Beginner,3-5_times,Strength_Training,Creatine,Monohydrate,7,7,Regular,3.7,0.1,9.6,10
Male,Under_25,170-180,71,12,Advanced,More_than_5,Strength_Training,Whey_Protein,Concentrate,7,2,Regular,8.4,-2.8,11.9,10
Male,25-35,170-180,77,20,Intermediate,3-5_times,HIIT,Energy_Drink,Sugar_Free,7,6,Low_Carb,-0.2,-0.1,5.3,8.1
Male,Under_25,Above_190,86,12,Intermediate,Less_than_3,Endurance,L_Carnitine,Liquid,4,5,Regular,-0.4,-2.8,4.9,10
Female,Under_25,150-160,50,22,Intermediate,3-5_times,HIIT,L_Carnitine,Capsule,3,2,Low_Carb,-0.5,-3.1,6.5,10
Female,25-35,180-190,86,22,Beginner,More_than_5,Endurance,Pre_Workout,Caffeine_Free,4,7,High_Protein,-0.4,-0.2,9.9,10
Male,Under_25,Above_190,89,23,Intermediate,3-5_times,HIIT,Whey_Protein,Hydrolyzed,3,2,Regular,1.9,-2,5.9,10
Male,Under_25,170-180,62,12,Intermediate,3-5_times,Flexibility,L_Carnitine,Capsule,4,6,High_Protein,0.2,-1.9,3.6,9.5
Male,Under_25,170-180,72,20,Beginner,3-5_times,Endurance,BCAA,Whey_Based,8,5,High_Protein,-0.3,-0.3,2.8,7.6
Male,Under_25,160-170,59,12,Advanced,More_than_5,Strength_Training,Creatine,HCL,3,4,High_Protein,12.5,0.1,19.2,10
Female,Over_35,150-160,56,33,Beginner,More_than_5,Strength_Training,Creatine,Monohydrate,5,5,High_Protein,5,0.1,12.2,10
Male,25-35,170-180,61,26,Beginner,More_than_5,HIIT,Creatine,Monohydrate,5,4,High_Protein,2.2,-0.1,8.9,10
Male,25-35,150-160,60,19,Intermediate,3-5_times,HIIT,Energy_Drink,Sugar,4,5,Regular,-0.3,-0.4,6.4,8.3
Male,Under_25,160-170,63,16,Beginner,More_than_5,Strength_Training,Creatine,Monohydrate,4,2,High_Protein,7.2,0,12.2,10
Male,Over_35,160-170,55,21,Advanced,More_than_5,HIIT,Fish_Oil,Algae_DHA,3,1,Regular,-0.1,-2.1,3.9,9.9
Female,Under_25,180-190,75,28,Beginner,More_than_5,Endurance,Creatine,HCL,3,3,Low_Carb,1.8,-0.2,8.2,10
Female,Under_25,160-170,53,25,Intermediate,3-5_times,Strength_Training,Fish_Oil,Deep_Sea,3,2,Regular,0.4,-1,1.2,7.1
Female,Under_25,180-190,90,21,Advanced,Less_than_3,Strength_Training,Multivitamin,Standard,5,2,Regular,0,-0.1,3.2,7.6
Male,Under_25,160-170,53,13,Beginner,More_than_5,HIIT,Fish_Oil,Deep_Sea,6,4,Regular,-0.2,-1.1,2.1,7.7
Female,25-35,160-170,70,31,Intermediate,Less_than_3,Strength_Training,Whey_Protein,Isolate,8,7,Regular,3,-0.9,4.9,10
Male,Over_35,170-180,80,28,Beginner,Less_than_3,Strength_Training,BCAA,Whey_Based,3,1,Regular,0.5,0,2.8,7.4
Male,Under_25,170-180,61,12,Beginner,3-5_times,Endurance,Whey_Protein,Concentrate,7,1,Vegan,1.4,-0.8,1.9,9.7
Female,25-35,160-170,69,27,Beginner,3-5_times,HIIT,Whey_Protein,Hydrolyzed,5,7,Vegan,1.6,-1.4,3.9,9.5
Male,25-35,160-170,72,25,Intermediate,3-5_times,Strength_Training,Multivitamin,Standard,6,3,Low_Carb,0.3,0.1,2.9,8
Male,25-35,170-180,79,15,Intermediate,Less_than_3,Strength_Training,Whey_Protein,Isolate,5,4,Regular,2.4,-1.3,5.5,10
Female,Under_25,180-190,82,21,Intermediate,More_than_5,Strength_Training,BCAA,Vegan,8,3,Low_Carb,0.3,-0.3,6.3,8.9
Male,Under_25,180-190,94,16,Intermediate,3-5_times,Strength_Training,Whey_Protein,Isolate,8,6,Regular,4.4,-1.5,7,10
Male,25-35,170-180,70,23,Beginner,3-5_times,Endurance,Energy_Drink,Sugar_Free,7,6,Regular,-0.3,-0.2,1.3,8.2
Male,Under_25,170-180,75,16,Beginner,Less_than_3,HIIT,Creatine,Monohydrate,3,7,Low_Carb,0.7,-0.2,4.6,9.5
Female,Under_25,160-170,73,27,Beginner,3-5_times,Strength_Training,BCAA,Whey_Based,3,7,Regular,0.5,-0.4,4.1,9.3
Male,Over_35,170-180,81,19,Intermediate,Less_than_3,Strength_Training,Creatine,Monohydrate,4,2,Regular,3.6,0,10,10
Male,25-35,170-180,78,17,Advanced,3-5_times,Endurance,Whey_Protein,Concentrate,8,3,Regular,2.7,-1.5,5.5,10
Male,Under_25,160-170,50,17,Beginner,3-5_times,HIIT,Creatine,Monohydrate,5,3,Regular,1.6,-0.4,7.7,10
Female,25-35,170-180,79,29,Beginner,3-5_times,Strength_Training,BCAA,Whey_Based,3,1,Regular,0.5,-0.2,2.8,7.3
Male,25-35,170-180,63,19,Intermediate,3-5_times,HIIT,Creatine,Monohydrate,8,2,Low_Carb,1.2,-0.1,8.4,10
Male,Under_25,Above_190,89,21,Beginner,3-5_times,Strength_Training,Whey_Protein,Isolate,4,3,High_Protein,4.1,-0.7,4.8,10
Male,Under_25,180-190,87,22,Beginner,3-5_times,Strength_Training,Energy_Drink,Sugar_Free,4,2,Regular,0,0.1,2.8,8.1
Female,Under_25,160-170,51,25,Intermediate,3-5_times,Strength_Training,Creatine,Monohydrate,7,2,Regular,5.1,-0.1,12,10
Male,Over_35,150-160,47,21,Beginner,3-5_times,Flexibility,Whey_Protein,Concentrate,8,7,High_Protein,1.1,-0.7,2,8.4
Female,Under_25,170-180,71,18,Beginner,3-5_times,Strength_Training,Whey_Protein,Isolate,5,5,High_Protein,3.7,-1.3,4.9,10
Male,Under_25,Above_190,95,22,Beginner,3-5_times,Endurance,Whey_Protein,Isolate,5,6,High_Protein,1.2,-0.8,5,9.8
Male,25-35,180-190,83,20,Beginner,More_than_5,HIIT,BCAA,Whey_Based,3,4,Regular,-0.4,-0.6,4.8,9.5
Male,25-35,180-190,81,26,Beginner,Less_than_3,HIIT,Whey_Protein,Isolate,5,2,Regular,0.7,-0.7,3.2,8.9
Male,25-35,160-170,56,16,Advanced,3-5_times,HIIT,Whey_Protein,Isolate,3,7,Regular,1.3,-1.4,7.7,10
Female,25-35,170-180,83,28,Intermediate,3-5_times,Flexibility,Whey_Protein,Isolate,6,4,Low_Carb,2.2,-0.6,1.4,8.3
Male,Under_25,180-190,79,13,Beginner,More_than_5,Strength_Training,L_Carnitine,Liquid,7,5,Regular,0.3,-2.5,3.2,9.6
Male,Over_35,170-180,72,21,Beginner,Less_than_3,Strength_Training,Multivitamin,Standard,7,6,High_Protein,0.4,0.1,1.8,6
Female,Over_35,150-160,54,32,Advanced,More_than_5,HIIT,Creatine,Monohydrate,4,4,Low_Carb,2.9,-0.2,18.1,10
Male,Under_25,160-170,71,21,Advanced,Less_than_3,Flexibility,L_Carnitine,Capsule,5,5,Low_Carb,0.1,-1.7,2.2,9.2
Male,Over_35,170-180,70,22,Beginner,More_than_5,Strength_Training,Energy_Drink,Sugar_Free,6,4,Vegan,0.3,0,5.3,9.5
Male,25-35,170-180,73,15,Beginner,3-5_times,Strength_Training,BCAA,Whey_Based,3,7,High_Protein,0.5,-0.3,3.4,9.1
Male,25-35,170-180,71,18,Intermediate,More_than_5,Endurance,Creatine,HCL,4,4,Low_Carb,1.6,-0.1,10.5,10
Female,Under_25,Above_190,91,22,Intermediate,Less_than_3,Strength_Training,Whey_Protein,Hydrolyzed,6,6,Low_Carb,2.3,-0.7,5.4,10
Male,Under_25,170-180,64,17,Intermediate,3-5_times,HIIT,BCAA,Whey_Based,8,7,Regular,-0.2,-0.6,5.3,9.4
Female,Under_25,170-180,70,28,Beginner,More_than_5,HIIT,Creatine,Monohydrate,6,6,Low_Carb,1.2,-0.1,7.2,10
Female,Over_35,170-180,80,29,Advanced,More_than_5,Strength_Training,Creatine,Monohydrate,3,2,High_Protein,11.6,0,23.8,10
Female,Under_25,170-180,71,24,Beginner,Less_than_3,HIIT,Whey_Protein,Isolate,5,6,High_Protein,0.3,-1,2.5,8.4
Male,Over_35,180-190,71,21,Intermediate,3-5_times,HIIT,Creatine,Monohydrate,7,5,Low_Carb,2.1,-0.2,10.7,10
Female,Under_25,170-180,80,25,Intermediate,More_than_5,HIIT,L_Carnitine,Capsule,4,3,High_Protein,-0.5,-5.4,10.7,10
Female,25-35,Above_190,107,21,Beginner,More_than_5,Strength_Training,Whey_Protein,Concentrate,5,4,High_Protein,3.5,-1.7,6.6,10
Male,Over_35,150-160,61,22,Intermediate,Less_than_3,Strength_Training,Creatine,Monohydrate,8,3,Vegan,3.6,0.1,8.8,10
Male,Under_25,170-180,73,16,Advanced,3-5_times,Endurance,Whey_Protein,Isolate,6,1,Regular,1.9,-1.2,8.5,10
Female,Over_35,170-180,61,24,Beginner,More_than_5,Strength_Training,Whey_Protein,Isolate,8,1,High_Protein,5.4,-1.2,4.9,10
Male,Under_25,180-190,70,13,Intermediate,3-5_times,HIIT,Pre_Workout,Regular,6,7,Regular,-0.5,-0.1,13.1,10
Female,25-35,160-170,69,28,Intermediate,Less_than_3,Endurance,Fish_Oil,Deep_Sea,7,2,High_Protein,-0.4,-1.1,3.2,7.8
Male,25-35,170-180,62,27,Intermediate,Less_than_3,Endurance,Creatine,HCL,5,7,High_Protein,1.9,-0.1,7,10
Male,Over_35,160-170,56,19,Advanced,3-5_times,Strength_Training,Whey_Protein,Hydrolyzed,8,5,Low_Carb,5.3,-2.3,8.6,10
Female,Under_25,170-180,68,26,Intermediate,3-5_times,Strength_Training,BCAA,Vegan,8,6,High_Protein,0.5,-0.1,6.2,8.7
Male,25-35,160-170,56,18,Intermediate,Less_than_3,Flexibility,Whey_Protein,Isolate,8,5,High_Protein,0.4,-0.4,2,8.3
Female,Under_25,170-180,75,19,Intermediate,3-5_times,Flexibility,Whey_Protein,Isolate,3,7,High_Protein,2.2,-1.2,3.1,9.6
Male,25-35,170-180,70,22,Intermediate,More_than_5,HIIT,Whey_Protein,Hydrolyzed,6,5,Regular,2.6,-2.4,7.5,10
Female,Under_25,180-190,88,27,Advanced,Less_than_3,Strength_Training,Whey_Protein,Concentrate,6,5,Regular,5.3,-1.6,6.7,10
Female,Under_25,180-190,82,23,Beginner,3-5_times,Strength_Training,Fish_Oil,Deep_Sea,8,4,High_Protein,0.3,-0.4,0.9,7.6
Male,Over_35,Above_190,81,21,Advanced,More_than_5,Endurance,BCAA,Whey_Based,3,4,Regular,-0.4,-0.9,9.5,10
Female,Under_25,170-180,78,21,Intermediate,3-5_times,Flexibility,Whey_Protein,Concentrate,6,2,High_Protein,2.3,-0.7,2.3,8.7
Male,Under_25,170-180,65,12,Intermediate,3-5_times,HIIT,Pre_Workout,Regular,7,2,Low_Carb,-0.5,-0.2,13.7,10
Male,Under_25,180-190,85,17,Advanced,More_than_5,Strength_Training,Creatine,HCL,6,5,Regular,10.8,0.2,19.3,10
Male,Under_25,160-170,70,19,Beginner,Less_than_3,Strength_Training,Creatine,Monohydrate,4,2,Regular,2.5,0.1,5.5,10
Male,Over_35,Above_190,95,21,Intermediate,3-5_times,Flexibility,Whey_Protein,Concentrate,7,1,Regular,2.5,-0.4,3.2,9.6
Male,25-35,160-170,63,15,Beginner,3-5_times,HIIT,Pre_Workout,Regular,8,2,Low_Carb,-0.1,-0.1,10.2,10
Male,Under_25,150-160,60,13,Beginner,More_than_5,Strength_Training,Energy_Drink,Sugar_Free,6,7,High_Protein,-0.2,0,4.6,9.2
Male,Under_25,160-170,50,24,Advanced,Less_than_3,Endurance,Whey_Protein,Concentrate,5,3,Regular,1.3,-0.4,4.9,9.9
Male,Over_35,160-170,63,25,Intermediate,More_than_5,HIIT,Pre_Workout,Caffeine_Free,4,2,Regular,-0.2,0,14.2,10
Male,25-35,180-190,82,21,Intermediate,3-5_times,Strength_Training,Multivitamin,Standard,5,6,Vegan,0.4,0,3.1,6.9
Male,25-35,180-190,92,19,Intermediate,More_than_5,Strength_Training,Creatine,Monohydrate,6,2,Regular,9.1,-0.1,15,10
Male,Under_25,150-160,53,17,Intermediate,3-5_times,Flexibility,Whey_Protein,Concentrate,7,6,High_Protein,2.9,-0.3,2.9,8.9
Male,25-35,180-190,85,18,Intermediate,More_than_5,Strength_Training,Energy_Drink,Sugar_Free,4,1,Regular,0.2,0.1,6.9,10
Male,Under_25,180-190,77,24,Beginner,Less_than_3,Flexibility,Creatine,Monohydrate,5,7,Regular,1.1,0.1,2.1,10
Male,Over_35,160-170,53,22,Intermediate,3-5_times,Strength_Training,Creatine,HCL,6,4,High_Protein,7.1,0,16.2,10
Male,Under_25,150-160,53,12,Beginner,3-5_times,Strength_Training,Creatine,Monohydrate,7,1,Regular,4.3,0.1,9.2,10
Male,Under_25,160-170,64,20,Beginner,More_than_5,HIIT,Energy_Drink,Sugar_Free,7,6,Regular,-0.1,-0.3,5.1,9.1
Male,Under_25,160-170,56,14,Intermediate,3-5_times,Strength_Training,Creatine,Monohydrate,4,4,Low_Carb,4.6,-0.1,11.6,10
Male,Under_25,Above_190,100,24,Intermediate,Less_than_3,Strength_Training,Creatine,Monohydrate,5,3,High_Protein,5.2,0,10.3,10
Male,Under_25,170-180,75,12,Beginner,3-5_times,Strength_Training,BCAA,Whey_Based,5,2,High_Protein,0.4,-0.1,4.7,7.7
Female,25-35,170-180,64,21,Beginner,3-5_times,Strength_Training,Whey_Protein,Concentrate,5,7,High_Protein,4.9,-1.1,4.1,10
Male,Under_25,170-180,60,23,Beginner,Less_than_3,Flexibility,Multivitamin,Standard,4,5,Regular,0.2,-0.1,0.5,6.2
Male,Under_25,170-180,68,23,Intermediate,Less_than_3,Endurance,Creatine,Monohydrate,5,5,Regular,2.2,-0.1,5.8,9.8
Male,Under_25,170-180,75,12,Beginner,Less_than_3,HIIT,Creatine,Monohydrate,7,2,Regular,0.9,-0.3,5,10
Female,Under_25,170-180,83,23,Intermediate,Less_than_3,HIIT,Multivitamin,Standard,4,6,Regular,-0.5,-0.2,2.2,6.5
Male,Under_25,160-170,50,23,Intermediate,3-5_times,Strength_Training,Creatine,Monohydrate,6,2,Regular,6.9,0.1,14.2,10
Female,25-35,170-180,81,29,Intermediate,3-5_times,Endurance,Fish_Oil,Deep_Sea,3,1,High_Protein,-0.3,-1,2.7,7.6
Male,25-35,160-170,51,16,Beginner,3-5_times,Endurance,Whey_Protein,Isolate,7,3,High_Protein,1.3,-0.5,4.2,8.8
Female,25-35,170-180,72,25,Beginner,3-5_times,HIIT,Creatine,HCL,3,5,High_Protein,1.4,-0.3,8.1,10
Male,Under_25,Above_190,98,20,Beginner,More_than_5,Strength_Training,Whey_Protein,Concentrate,6,5,Regular,4.1,-1.5,6.1,10
Female,Under_25,150-160,60,18,Intermediate,Less_than_3,Strength_Training,Fish_Oil,Deep_Sea,7,2,Regular,0.5,-0.6,0.7,7.4
Male,Under_25,150-160,51,13,Beginner,More_than_5,Endurance,BCAA,Whey_Based,4,6,Regular,-0.7,-0.5,4.1,8.9
Male,Over_35,170-180,61,20,Beginner,Less_than_3,Endurance,Whey_Protein,Concentrate,7,5,Regular,0.7,-0.7,3.6,10
Female,25-35,170-180,75,22,Beginner,Less_than_3,Strength_Training,Fish_Oil,Deep_Sea,5,4,Regular,0.2,-0.5,0.4,8.1
Male,Over_35,160-170,52,19,Intermediate,Less_than_3,Endurance,Whey_Protein,Isolate,8,4,High_Protein,0.6,-0.9,3.8,9
Male,25-35,170-180,60,20,Intermediate,More_than_5,Flexibility,Whey_Protein,Isolate,5,6,Regular,3.7,-1.6,3,9.5
Female,25-35,170-180,74,30,Intermediate,3-5_times,Strength_Training,Multivitamin,Standard,7,7,Regular,0.1,-0.1,3.2,7.9
Female,25-35,180-190,82,21,Beginner,Less_than_3,Strength_Training,BCAA,Whey_Based,5,3,High_Protein,0.3,-0.2,3.2,9
Male,Under_25,180-190,84,13,Beginner,More_than_5,Strength_Training,Fish_Oil,Deep_Sea,3,5,High_Protein,0.3,-0.8,1,8.4
Male,Under_25,170-180,77,24,Beginner,3-5_times,Strength_Training,Pre_Workout,Regular,7,5,Regular,0.3,0,8.9,10
Female,Under_25,180-190,81,24,Intermediate,More_than_5,Flexibility,Whey_Protein,Concentrate,5,5,High_Protein,2.9,-0.8,2.8,8.1
Male,25-35,160-170,59,16,Advanced,3-5_times,HIIT,Creatine,Monohydrate,7,2,Regular,2.9,-0.5,14.5,10
Female,Under_25,170-180,67,26,Advanced,3-5_times,Flexibility,Whey_Protein,Hydrolyzed,3,4,Regular,3.4,-1.5,4.3,9.6
Male,Under_25,170-180,65,20,Beginner,More_than_5,Strength_Training,Multivitamin,Standard,3,5,High_Protein,0.2,0,3.7,8
Male,Under_25,160-170,63,19,Beginner,Less_than_3,HIIT,Multivitamin,Standard,7,3,Regular,0.1,-0.1,1.7,6.6
Female,25-35,160-170,67,25,Beginner,3-5_times,HIIT,Whey_Protein,Concentrate,3,1,High_Protein,1.4,-0.8,4.3,10
Male,25-35,160-170,55,21,Intermediate,3-5_times,HIIT,Whey_Protein,Isolate,3,1,Vegan,1.3,-2.4,6.2,10
Male,25-35,170-180,65,27,Intermediate,Less_than_3,Strength_Training,Whey_Protein,Hydrolyzed,6,1,Vegan,3.3,-1.3,3.2,10
Female,Under_25,170-180,71,29,Intermediate,Less_than_3,Flexibility,Whey_Protein,Isolate,3,4,Regular,2.2,-0.7,2.3,7.9
Male,Over_35,170-180,77,26,Intermediate,More_than_5,Strength_Training,Creatine,Monohydrate,8,6,Regular,6.8,0,15,10
Male,Over_35,170-180,76,20,Intermediate,Less_than_3,HIIT,Creatine,HCL,8,4,Regular,1.4,-0.1,5.4,9.3
Male,Over_35,160-170,62,24,Beginner,3-5_times,HIIT,Fish_Oil,Deep_Sea,8,6,Low_Carb,-0.2,-0.9,2.2,8.4
Female,Over_35,170-180,73,31,Beginner,3-5_times,Endurance,Creatine,Monohydrate,3,5,High_Protein,0.8,-0.1,3.9,10
Male,25-35,180-190,91,16,Intermediate,3-5_times,Endurance,Multivitamin,Standard,5,2,High_Protein,-0.1,-0.3,3.5,6.4
Female,Under_25,150-160,54,23,Beginner,More_than_5,Strength_Training,Whey_Protein,Concentrate,4,5,High_Protein,4.6,-1.4,5.5,10
Female,25-35,160-170,72,23,Intermediate,Less_than_3,Strength_Training,Whey_Protein,Isolate,3,3,High_Protein,3.8,-0.8,4.4,10
Male,25-35,170-180,76,22,Beginner,More_than_5,Strength_Training,Fish_Oil,Deep_Sea,8,6,Regular,0.4,-1.1,0.7,8.3
Male,Under_25,170-180,79,17,Beginner,3-5_times,Strength_Training,Whey_Protein,Hydrolyzed,8,2,Regular,3.8,-1.4,4.6,10
Male,Under_25,150-160,52,24,Beginner,3-5_times,Strength_Training,Creatine,Monohydrate,3,6,Regular,3.6,0.2,9.3,10
Male,Under_25,160-170,63,16,Intermediate,3-5_times,Strength_Training,Energy_Drink,Sugar,7,2,Regular,0.4,-0.2,5.8,9.5
Male,25-35,Above_190,105,26,Advanced,3-5_times,Strength_Training,Creatine,Monohydrate,8,5,Regular,5.5,0,14.2,10
Male,25-35,170-180,77,26,Advanced,More_than_5,Strength_Training,BCAA,Vegan,4,6,High_Protein,0.9,-0.7,7.6,9.8
Female,25-35,160-170,60,30,Beginner,3-5_times,HIIT,Energy_Drink,Sugar,6,1,Regular,-0.4,0,3.5,7.3
Female,Under_25,170-180,80,18,Beginner,Less_than_3,Strength_Training,Whey_Protein,Hydrolyzed,7,6,Regular,1.9,-0.9,2.8,9.7
Male,Over_35,170-180,61,24,Intermediate,More_than_5,Endurance,Whey_Protein,Isolate,3,5,Regular,2.4,-0.7,7.3,9.9
Male,Under_25,170-180,83,12,Intermediate,Less_than_3,HIIT,Multivitamin,Standard,7,6,Regular,-0.1,-0.2,3.4,7
Female,Under_25,170-180,76,28,Beginner,3-5_times,HIIT,Energy_Drink,Sugar,7,5,Regular,-0.4,-0.2,3.9,8.4
Female,25-35,180-190,79,29,Advanced,3-5_times,Endurance,Creatine,Monohydrate,4,6,High_Protein,2.4,-0.2,15.2,10
Female,25-35,170-180,73,31,Beginner,More_than_5,HIIT,Whey_Protein,Isolate,3,7,Low_Carb,1.1,-1.4,4.5,9.1
Male,Over_35,170-180,79,25,Intermediate,3-5_times,Endurance,L_Carnitine,Capsule,6,1,Regular,-0.2,-3.8,8.1,10
Male,25-35,180-190,93,24,Advanced,3-5_times,Endurance,Whey_Protein,Concentrate,7,1,High_Protein,2.3,-1.2,7,9.9
Female,Under_25,170-180,70,18,Advanced,More_than_5,Strength_Training,Creatine,Monohydrate,6,6,Regular,8.4,0,24,10
Female,Under_25,150-160,63,20,Intermediate,3-5_times,Flexibility,Whey_Protein,Concentrate,4,5,High_Protein,1.9,-0.8,2.2,9.3
Male,Under_25,Above_190,89,13,Intermediate,Less_than_3,Endurance,Whey_Protein,Isolate,5,7,Regular,1.6,-1,4.5,10
Male,Under_25,170-180,80,15,Beginner,3-5_times,HIIT,BCAA,Whey_Based,3,6,Regular,-0.3,-0.6,3.2,7.5
Female,Under_25,160-170,72,26,Beginner,Less_than_3,Flexibility,Multivitamin,Standard,7,5,Regular,-0.2,-0.1,0.7,6.6
Female,25-35,170-180,83,20,Beginner,3-5_times,Flexibility,Energy_Drink,Sugar_Free,3,1,Regular,0.2,-0.1,1.9,8.3
Female,Over_35,170-180,80,24,Intermediate,Less_than_3,Flexibility,Creatine,Monohydrate,8,2,High_Protein,1.6,0.1,3.4,9
Male,Over_35,150-160,54,18,Advanced,3-5_times,Strength_Training,L_Carnitine,Liquid,7,5,Low_Carb,0,-2.6,3.4,9.7
Female,Under_25,160-170,60,23,Advanced,3-5_times,HIIT,Pre_Workout,Regular,7,3,Regular,-0.2,-0.3,16.8,10
Male,Over_35,170-180,66,18,Beginner,3-5_times,Endurance,Fish_Oil,Algae_DHA,3,6,Regular,-0.5,-1.3,3,9.1
Male,Under_25,160-170,70,20,Intermediate,More_than_5,HIIT,Energy_Drink,Sugar_Free,8,2,High_Protein,-0.1,-0.2,6.6,8.4
Female,Under_25,160-170,74,27,Beginner,More_than_5,HIIT,Creatine,Monohydrate,8,1,Regular,1.1,-0.2,9.8,10
Male,25-35,160-170,59,15,Advanced,3-5_times,Strength_Training,Whey_Protein,Concentrate,6,7,Regular,5.9,-1.6,8.9,10
Female,Under_25,170-180,68,28,Advanced,3-5_times,HIIT,Whey_Protein,Hydrolyzed,8,4,High_Protein,3.1,-1.9,8.9,10
Female,25-35,170-180,60,25,Intermediate,Less_than_3,Flexibility,BCAA,Whey_Based,3,3,Low_Carb,0.2,0,1.7,6.6
Male,Under_25,170-180,78,21,Beginner,Less_than_3,Strength_Training,Creatine,HCL,6,2,Regular,2.9,0,6.3,10
Male,Under_25,160-170,56,23,Beginner,3-5_times,Strength_Training,Creatine,Monohydrate,3,7,Low_Carb,2.9,0,9,10
Male,Under_25,170-180,81,18,Beginner,3-5_times,Flexibility,Whey_Protein,Hydrolyzed,6,4,Regular,0.3,-0.6,2.9,8.9
Female,Under_25,180-190,85,21,Beginner,3-5_times,Strength_Training,BCAA,Whey_Based,6,7,Low_Carb,0.4,-0.3,3.3,7.2
Female,Under_25,180-190,70,20,Intermediate,3-5_times,Endurance,BCAA,Whey_Based,5,6,Regular,0,-0.5,5.3,9.7
Female,Under_25,150-160,58,29,Intermediate,3-5_times,Strength_Training,Fish_Oil,Deep_Sea,3,6,Vegan,0.5,-0.6,1.1,7.4
Female,Under_25,170-180,65,19,Beginner,More_than_5,Endurance,Pre_Workout,Regular,6,2,High_Protein,-0.4,-0.1,11.7,10
Male,Over_35,180-190,90,29,Beginner,Less_than_3,HIIT,Creatine,Monohydrate,5,5,Regular,1.7,-0.2,6.4,10
Male,Under_25,170-180,71,13,Intermediate,3-5_times,HIIT,Energy_Drink,Sugar_Free,7,1,High_Protein,-0.6,-0.1,6.6,8.3
Male,25-35,160-170,70,18,Beginner,More_than_5,Strength_Training,L_Carnitine,Capsule,7,4,Regular,0.1,-2.7,3.4,9.1
Male,Under_25,170-180,76,12,Intermediate,3-5_times,HIIT,Whey_Protein,Isolate,3,5,High_Protein,2.3,-1.5,5.9,10
Male,Under_25,160-170,53,24,Intermediate,Less_than_3,Strength_Training,Energy_Drink,Sugar_Free,3,6,Regular,0.3,-0.1,3.9,8.1
Male,Under_25,160-170,72,15,Intermediate,Less_than_3,Strength_Training,BCAA,Whey_Based,8,1,Regular,0.6,-0.3,3.6,8.1
Male,25-35,150-160,61,16,Advanced,More_than_5,Endurance,Energy_Drink,Sugar_Free,8,3,Regular,-0.2,-0.1,4.5,8.4
Female,Under_25,150-160,54,23,Beginner,3-5_times,Strength_Training,Multivitamin,Standard,4,3,Regular,0,0.1,2.3,7.2
Male,25-35,170-180,80,26,Beginner,3-5_times,Strength_Training,Pre_Workout,Caffeine_Free,7,4,High_Protein,-0.1,-0.1,8.1,10
Male,Under_25,180-190,93,21,Intermediate,3-5_times,Strength_Training,Whey_Protein,Concentrate,4,6,Low_Carb,4.4,-1.3,6.4,10
Male,Under_25,170-180,61,14,Intermediate,3-5_times,HIIT,Creatine,Monohydrate,5,3,High_Protein,2.6,-0.1,11.2,10
Female,Under_25,170-180,68,19,Intermediate,3-5_times,Strength_Training,Whey_Protein,Isolate,4,4,High_Protein,6.4,-2,5.1,10
Female,25-35,160-170,51,27,Beginner,Less_than_3,HIIT,BCAA,Vegan,7,1,Regular,-0.1,-0.2,2.9,8.1
Female,Over_35,170-180,70,29,Intermediate,3-5_times,Strength_Training,Creatine,Monohydrate,7,4,Regular,6.1,0.1,14,10
Male,Over_35,Above_190,104,25,Advanced,3-5_times,HIIT,BCAA,Vegan,7,5,High_Protein,0.1,-0.6,8.5,9.1
Female,25-35,160-170,65,20,Intermediate,3-5_times,Strength_Training,Whey_Protein,Concentrate,4,6,Regular,4.3,-1.3,6.7,10
Male,Over_35,180-190,93,19,Advanced,3-5_times,Flexibility,Multivitamin,Standard,3,6,Regular,0.3,-0.1,1.5,6.5
Female,Under_25,160-170,59,26,Beginner,3-5_times,Strength_Training,Fish_Oil,Deep_Sea,8,3,Low_Carb,0.2,-0.5,0.4,7.2
Male,25-35,160-170,67,24,Beginner,3-5_times,Endurance,Whey_Protein,Isolate,5,6,Regular,0.1,-0.6,4.6,9.4
Male,25-35,170-180,83,27,Intermediate,Less_than_3,HIIT,L_Carnitine,Capsule,3,4,Regular,-0.2,-3.5,3.3,10
Male,Under_25,170-180,72,18,Advanced,3-5_times,Flexibility,Creatine,Monohydrate,7,1,High_Protein,3.9,0,5.5,10
Male,25-35,180-190,88,20,Intermediate,3-5_times,HIIT,BCAA,Vegan,8,1,Low_Carb,-0.1,-0.4,7,10
Male,Under_25,150-160,48,16,Intermediate,Less_than_3,Strength_Training,Pre_Workout,Regular,5,3,Regular,-0.1,0.2,8.4,10
Male,25-35,180-190,77,26,Intermediate,3-5_times,HIIT,Whey_Protein,Concentrate,8,2,High_Protein,1,-1.4,7.4,10
Male,Under_25,170-180,62,12,Intermediate,3-5_times,Strength_Training,BCAA,Whey_Based,7,7,Regular,0.9,-0.2,4.1,9.3
Male,Over_35,170-180,81,20,Advanced,More_than_5,Flexibility,Creatine,Monohydrate,7,2,Low_Carb,4.4,0.1,9,10
Male,Under_25,170-180,76,17,Beginner,Less_than_3,Strength_Training,Creatine,Monohydrate,3,1,High_Protein,2.8,0.1,6,10
Male,Over_35,170-180,75,20,Advanced,More_than_5,Strength_Training,Whey_Protein,Concentrate,3,4,Regular,8.9,-2.1,9.8,10
Female,Over_35,170-180,76,29,Beginner,Less_than_3,Strength_Training,BCAA,Vegan,5,7,Regular,0.2,-0.2,2.3,8.7
Male,Under_25,170-180,71,22,Beginner,More_than_5,Endurance,Multivitamin,Standard,6,4,Low_Carb,-0.2,-0.1,3.8,6.5
Female,Under_25,160-170,66,19,Intermediate,3-5_times,Strength_Training,Pre_Workout,Regular,8,5,Regular,0,0,11.1,10
Female,Under_25,150-160,52,25,Intermediate,More_than_5,Strength_Training,Whey_Protein,Concentrate,4,4,Regular,6.1,-3.1,8.2,10
Female,Over_35,160-170,52,22,Intermediate,Less_than_3,Strength_Training,Whey_Protein,Hydrolyzed,5,5,High_Protein,3.2,-1.2,5.3,10
Male,25-35,160-170,60,18,Intermediate,Less_than_3,Strength_Training,BCAA,Whey_Based,6,7,Regular,0.3,-0.2,3.3,7.2
Female,Under_25,150-160,59,29,Beginner,3-5_times,Flexibility,Whey_Protein,Concentrate,5,2,Regular,1.9,-0.4,2.3,7.8
Female,Under_25,160-170,52,20,Intermediate,3-5_times,Strength_Training,Energy_Drink,Sugar_Free,7,3,Vegan,0.2,0.1,4.2,8.7
Female,Under_25,160-170,65,28,Beginner,3-5_times,Flexibility,BCAA,Whey_Based,4,7,Regular,0.3,-0.1,1.7,7.5
Female,Under_25,160-170,58,25,Beginner,Less_than_3,HIIT,Whey_Protein,Concentrate,4,6,Low_Carb,0.4,-0.9,2.8,10
Male,Under_25,170-180,74,24,Intermediate,3-5_times,Endurance,BCAA,Whey_Based,4,2,High_Protein,-0.5,-0.5,7.3,9.6
Male,Under_25,170-180,68,13,Intermediate,Less_than_3,HIIT,Multivitamin,Standard,4,3,Regular,-0.2,-0.3,2.2,7.5
Female,25-35,150-160,54,29,Intermediate,3-5_times,HIIT,Creatine,Monohydrate,7,7,Regular,1.5,-0.1,9.2,10
Female,Under_25,160-170,57,21,Intermediate,3-5_times,Strength_Training,Creatine,Monohydrate,3,4,Low_Carb,3.8,0,10.2,10
Female,25-35,170-180,77,23,Intermediate,Less_than_3,Endurance,BCAA,Whey_Based,8,1,Regular,-0.4,-0.4,3.7,7.9
Male,25-35,170-180,84,23,Advanced,3-5_times,Strength_Training,BCAA,Whey_Based,3,2,Regular,1.1,-0.3,7.1,9.6
Male,25-35,170-180,66,26,Intermediate,3-5_times,Strength_Training,Fish_Oil,Deep_Sea,5,6,Low_Carb,0.5,-0.3,1.1,7.1
Male,25-35,170-180,60,19,Beginner,Less_than_3,Endurance,Whey_Protein,Concentrate,3,5,High_Protein,0.8,-0.7,3.7,8.9
Male,25-35,170-180,73,20,Beginner,Less_than_3,Strength_Training,Fish_Oil,Deep_Sea,8,4,Regular,0.1,-0.5,0.7,7.6
Male,Under_25,150-160,56,23,Beginner,3-5_times,Endurance,Whey_Protein,Concentrate,6,6,Regular,1.2,-1,3.4,9
Female,Under_25,170-180,61,22,Advanced,Less_than_3,Strength_Training,Whey_Protein,Concentrate,5,1,Regular,4.4,-1.6,6.4,10
Male,25-35,170-180,70,22,Beginner,Less_than_3,Strength_Training,Energy_Drink,Sugar,4,4,Regular,0.5,0.1,2.7,7.1
Female,Under_25,180-190,78,23,Beginner,3-5_times,Strength_Training,Whey_Protein,Isolate,3,6,Regular,2.7,-1,4.7,10
Male,Under_25,180-190,88,20,Intermediate,3-5_times,HIIT,Whey_Protein,Concentrate,4,5,Low_Carb,1,-1,4.2,10
Male,Under_25,160-170,53,24,Intermediate,Less_than_3,HIIT,Multivitamin,Sport_Enhanced,8,7,High_Protein,0,-0.2,2.3,6.2
Male,Under_25,160-170,73,21,Advanced,More_than_5,Flexibility,BCAA,Vegan,6,1,Regular,0.3,-0.8,4.4,8.2
Male,25-35,150-160,57,22,Beginner,3-5_times,Flexibility,Multivitamin,Sport_Enhanced,3,1,Regular,0.1,-0.1,0.8,6.5
Male,Under_25,180-190,76,16,Intermediate,3-5_times,Strength_Training,Creatine,Monohydrate,6,3,Regular,6,0,12.9,10
Female,Under_25,170-180,64,29,Intermediate,3-5_times,Flexibility,Whey_Protein,Hydrolyzed,5,6,High_Protein,2,-0.8,2.4,8.5
Male,25-35,160-170,74,23,Beginner,3-5_times,Endurance,Creatine,Monohydrate,8,7,Regular,2.1,0,6.3,10
Female,Under_25,180-190,74,24,Advanced,Less_than_3,Strength_Training,Creatine,HCL,8,5,Regular,4.9,-0.1,7,10
Female,25-35,160-170,63,21,Beginner,Less_than_3,Endurance,Whey_Protein,Concentrate,3,1,Vegan,0.5,-0.6,1.8,9.8
Male,25-35,170-180,73,26,Intermediate,3-5_times,Strength_Training,Creatine,Monohydrate,5,3,Regular,5.5,0,13,10
Female,Under_25,170-180,63,20,Beginner,3-5_times,Strength_Training,Whey_Protein,Isolate,7,7,Regular,4.1,-1.2,4.7,10
Female,Over_35,170-180,69,24,Intermediate,3-5_times,Endurance,Whey_Protein,Isolate,7,6,Vegan,1.9,-1,4.9,10
Male,25-35,170-180,66,20,Intermediate,3-5_times,Endurance,BCAA,Whey_Based,5,6,Regular,-0.2,-0.4,4.7,7.8
Male,Over_35,150-160,61,23,Intermediate,Less_than_3,Strength_Training,Energy_Drink,Sugar,8,2,Regular,0.3,0.2,4.4,8.7
Male,Under_25,160-170,58,17,Intermediate,3-5_times,HIIT,BCAA,Whey_Based,8,2,Low_Carb,-0.1,-0.4,5.6,9.4
Male,25-35,160-170,71,26,Beginner,More_than_5,HIIT,BCAA,Whey_Based,4,3,Low_Carb,-0.2,-0.2,5,9.5
Female,Over_35,170-180,63,31,Advanced,3-5_times,Strength_Training,BCAA,Vegan,8,3,Regular,0.5,-0.6,5.8,9.1
Female,Under_25,170-180,75,23,Intermediate,3-5_times,Endurance,Whey_Protein,Concentrate,8,5,Regular,1.5,-1.3,5.8,10
Male,25-35,180-190,77,18,Beginner,Less_than_3,Strength_Training,Creatine,Monohydrate,8,4,Low_Carb,2.4,0,4.4,10
Female,25-35,170-180,75,27,Intermediate,3-5_times,Strength_Training,Whey_Protein,Hydrolyzed,4,5,High_Protein,5.9,-1.6,9.2,10
Male,Under_25,180-190,92,18,Intermediate,3-5_times,HIIT,BCAA,Whey_Based,6,6,Low_Carb,-0.3,-0.4,4.4,9.4
Female,Under_25,170-180,77,24,Intermediate,Less_than_3,Strength_Training,Creatine,Monohydrate,4,4,High_Protein,4.7,0.1,9.4,10
Female,25-35,150-160,51,28,Intermediate,3-5_times,HIIT,Whey_Protein,Hydrolyzed,8,5,Regular,3,-1.9,6.1,10
Male,Over_35,170-180,68,18,Intermediate,3-5_times,Endurance,Creatine,Monohydrate,5,7,Regular,2.1,-0.1,9.1,10
Female,Under_25,180-190,74,21,Intermediate,3-5_times,Endurance,BCAA,Vegan,3,5,Regular,-0.2,-0.4,5.9,8.2
Female,Over_35,170-180,72,30,Intermediate,More_than_5,HIIT,Creatine,Monohydrate,4,5,Regular,2.8,-0.3,14.3,10
Male,Under_25,180-190,81,18,Beginner,Less_than_3,HIIT,Energy_Drink,Sugar,8,3,Regular,-0.2,-0.2,2.5,7.1
Male,25-35,180-190,81,15,Advanced,Less_than_3,Strength_Training,BCAA,Whey_Based,3,2,High_Protein,0.6,-0.1,4.5,9.3
Male,Over_35,180-190,75,20,Advanced,More_than_5,Strength_Training,Whey_Protein,Concentrate,3,5,High_Protein,11,-2.2,12.8,10
Male,Under_25,170-180,72,20,Intermediate,3-5_times,Strength_Training,Whey_Protein,Hydrolyzed,3,1,High_Protein,5.2,-0.9,4.6,10
Male,Under_25,170-180,82,20,Beginner,Less_than_3,Endurance,Creatine,Monohydrate,4,7,Low_Carb,0.8,-0.2,4.4,9.4
Female,25-35,160-170,65,23,Intermediate,3-5_times,HIIT,Whey_Protein,Concentrate,4,2,Low_Carb,1.2,-1.6,6.3,10
Male,Under_25,180-190,75,13,Intermediate,Less_than_3,Flexibility,Whey_Protein,Concentrate,3,2,High_Protein,1.2,-0.7,1.5,7.9
Male,Under_25,170-180,69,18,Intermediate,Less_than_3,Flexibility,Pre_Workout,Regular,7,6,Regular,0.2,0,4.4,9.4
Male,Under_25,170-180,82,23,Beginner,3-5_times,HIIT,Creatine,HCL,7,1,Regular,1.7,-0.2,7.2,10
Female,25-35,160-170,50,30,Advanced,3-5_times,Flexibility,Creatine,HCL,4,6,High_Protein,3.3,-0.1,6.6,10
Female,Over_35,150-160,64,22,Intermediate,More_than_5,Strength_Training,Creatine,HCL,4,6,Regular,6.3,-0.3,14.8,10
Male,25-35,170-180,63,16,Intermediate,More_than_5,HIIT,L_Carnitine,Capsule,8,4,Regular,-0.2,-5.3,11,10
Male,Under_25,170-180,75,14,Intermediate,3-5_times,Strength_Training,Creatine,Monohydrate,3,3,Regular,6.7,-0.1,11.9,10
Male,Over_35,170-180,70,28,Beginner,Less_than_3,Endurance,Fish_Oil,Deep_Sea,8,7,Regular,-0.1,-0.9,1.2,7.1
Male,25-35,170-180,65,22,Intermediate,Less_than_3,Flexibility,Creatine,HCL,3,7,Regular,2.2,-0.1,3,9.7
Female,25-35,160-170,59,20,Intermediate,More_than_5,Strength_Training,Whey_Protein,Concentrate,3,3,Regular,6.8,-2.4,8.7,10
Male,Under_25,150-160,58,22,Intermediate,Less_than_3,Strength_Training,BCAA,Whey_Based,7,5,Regular,0.7,-0.3,4.7,8.2
Female,25-35,170-180,78,21,Beginner,Less_than_3,Strength_Training,Creatine,HCL,6,2,Regular,3.4,0,6.2,10
Male,Over_35,170-180,84,29,Beginner,Less_than_3,Strength_Training,Creatine,HCL,4,3,Regular,2.6,0.1,6.3,10
Male,Under_25,160-170,71,13,Advanced,Less_than_3,Strength_Training,Energy_Drink,Sugar_Free,3,6,Vegan,0.4,-0.2,5.4,8.2
Male,25-35,160-170,66,25,Beginner,3-5_times,Strength_Training,Creatine,Monohydrate,5,2,Regular,4.4,0.1,10.1,10
Female,25-35,160-170,53,28,Beginner,3-5_times,Flexibility,Fish_Oil,Deep_Sea,5,6,Regular,0.2,-0.7,0.4,7.6
Male,Over_35,170-180,79,25,Advanced,3-5_times,Endurance,L_Carnitine,Capsule,6,6,Regular,0,-5.6,8.2,10
Female,Over_35,170-180,63,25,Intermediate,3-5_times,Strength_Training,Whey_Protein,Concentrate,3,7,Regular,4.9,-2.5,6.9,10
Male,25-35,180-190,74,26,Beginner,3-5_times,Endurance,Creatine,HCL,5,3,Vegan,1.1,-0.2,5.3,10
Female,Under_25,150-160,52,21,Beginner,3-5_times,Strength_Training,Multivitamin,Sport_Enhanced,7,1,Regular,0,-0.1,2.7,7
Male,Under_25,170-180,78,14,Beginner,3-5_times,HIIT,BCAA,Whey_Based,6,3,Low_Carb,-0.3,-0.3,3.5,8.7
Male,Over_35,Above_190,89,25,Beginner,More_than_5,Strength_Training,BCAA,Vegan,6,3,Regular,0.6,-0.3,3.4,7.5
Female,Over_35,170-180,78,30,Beginner,3-5_times,Strength_Training,BCAA,Whey_Based,4,1,Regular,0.5,-0.4,3.8,9.3
Female,25-35,Above_190,92,20,Intermediate,More_than_5,Strength_Training,Creatine,HCL,3,4,Regular,9.4,-0.1,12.3,10
Male,Under_25,170-180,67,12,Beginner,Less_than_3,Strength_Training,Creatine,Monohydrate,5,5,Regular,2.3,-0.1,6.5,10
Female,Under_25,180-190,79,29,Intermediate,Less_than_3,Strength_Training,Whey_Protein,Concentrate,3,7,Regular,3.5,-1.7,5.4,10
Male,Under_25,160-170,56,12,Intermediate,3-5_times,Strength_Training,BCAA,Whey_Based,3,3,Regular,0.9,-0.3,4.4,8.5
Male,Under_25,180-190,73,15,Intermediate,More_than_5,HIIT,Creatine,Monohydrate,7,4,Regular,2.8,-0.3,11.7,10
Male,25-35,170-180,62,16,Intermediate,More_than_5,Strength_Training,Whey_Protein,Concentrate,5,3,High_Protein,8.6,-1.4,9,10
Female,25-35,180-190,73,21,Intermediate,3-5_times,HIIT,Creatine,Monohydrate,6,2,Low_Carb,1.7,-0.2,8,10
Male,Under_25,160-170,53,24,Beginner,3-5_times,Endurance,Creatine,HCL,4,6,High_Protein,1.4,-0.1,6.6,10
Male,Over_35,180-190,75,29,Intermediate,Less_than_3,Strength_Training,Whey_Protein,Isolate,7,7,Regular,3.2,-1.5,3.5,10
Female,Over_35,170-180,68,27,Beginner,More_than_5,Strength_Training,Whey_Protein,Concentrate,8,3,Regular,3.9,-1.5,5.6,10
Male,Under_25,160-170,72,14,Intermediate,Less_than_3,Strength_Training,Multivitamin,Standard,4,7,Regular,0.2,0.1,2,7.7
Male,Under_25,170-180,74,16,Advanced,Less_than_3,Flexibility,Energy_Drink,Sugar,7,2,High_Protein,0.6,0,1.6,7.8
Male,Under_25,170-180,84,16,Beginner,3-5_times,Strength_Training,Fish_Oil,Deep_Sea,7,6,Regular,0.2,-0.3,0.4,7.9
Female,Under_25,160-170,65,21,Beginner,3-5_times,HIIT,Creatine,Monohydrate,8,7,Regular,0.5,-0.3,8.2,10
Male,Over_35,170-180,74,23,Advanced,3-5_times,HIIT,Pre_Workout,Regular,3,7,Vegan,-0.1,-0.1,19.1,10
Male,Over_35,160-170,52,24,Beginner,More_than_5,Strength_Training,Whey_Protein,Isolate,7,5,High_Protein,5.7,-1,6.9,10
Male,25-35,150-160,60,16,Intermediate,3-5_times,Flexibility,BCAA,Vegan,8,3,High_Protein,0.2,-0.3,2.8,7.5
Female,Under_25,170-180,67,27,Beginner,3-5_times,Endurance,Creatine,Monohydrate,3,3,Regular,1.8,-0.1,6.7,10
Male,Over_35,180-190,84,27,Beginner,3-5_times,Endurance,Whey_Protein,Hydrolyzed,6,5,High_Protein,0.6,-0.9,3.9,10
Female,Under_25,170-180,68,22,Advanced,More_than_5,HIIT,BCAA,Whey_Based,7,5,Regular,-0.5,-0.5,9.3,10
Male,Under_25,170-180,68,15,Beginner,3-5_times,Strength_Training,BCAA,Whey_Based,7,5,High_Protein,0.9,-0.1,3.9,8.6
Male,Under_25,160-170,62,17,Advanced,Less_than_3,HIIT,Pre_Workout,Caffeine_Free,7,1,High_Protein,-0.4,-0.2,12.3,10
Female,25-35,Above_190,89,22,Beginner,3-5_times,Flexibility,Whey_Protein,Concentrate,6,3,Regular,1.5,-0.7,1.6,8.9
Female,Under_25,160-170,69,18,Beginner,3-5_times,Strength_Training,Whey_Protein,Concentrate,4,7,Regular,3.4,-1.1,5.2,10
Male,25-35,170-180,77,15,Intermediate,3-5_times,HIIT,Creatine,Monohydrate,4,7,Regular,1.7,-0.3,10.2,10
Female,Over_35,150-160,56,23,Advanced,3-5_times,Flexibility,Pre_Workout,Regular,5,2,Regular,0.5,0.1,7.9,10
Female,Under_25,170-180,77,25,Intermediate,3-5_times,Strength_Training,Creatine,Monohydrate,5,1,High_Protein,7.5,0.1,13.2,10
Male,25-35,160-170,71,20,Intermediate,3-5_times,Strength_Training,BCAA,Whey_Based,4,3,Regular,0.5,-0.3,5.6,9.1
Male,Under_25,170-180,62,17,Intermediate,3-5_times,Flexibility,Whey_Protein,Isolate,8,1,High_Protein,2.5,-0.4,3.8,8.5
Male,Over_35,160-170,54,24,Beginner,Less_than_3,HIIT,Whey_Protein,Concentrate,5,5,High_Protein,0.2,-0.9,3,9.9
Female,25-35,180-190,72,29,Beginner,3-5_times,HIIT,Energy_Drink,Sugar_Free,6,2,Regular,-0.2,-0.2,4.5,9.2
Male,25-35,170-180,64,17,Intermediate,More_than_5,Strength_Training,Whey_Protein,Concentrate,5,4,Regular,7,-2.4,10.2,10
Male,Under_25,180-190,72,13,Intermediate,3-5_times,HIIT,BCAA,Whey_Based,3,2,High_Protein,-0.4,-0.8,7.5,10
Male,Under_25,180-190,79,16,Intermediate,More_than_5,Flexibility,L_Carnitine,Liquid,8,5,Low_Carb,0.1,-2.1,4.5,9.4
Male,25-35,Above_190,82,25,Intermediate,More_than_5,HIIT,Fish_Oil,Deep_Sea,3,6,Low_Carb,-0.1,-1.3,3.7,8.7
Male,25-35,160-170,67,18,Advanced,3-5_times,Strength_Training,Multivitamin,Standard,8,6,Low_Carb,0.5,0,4.6,6.9
Female,Under_25,180-190,80,24,Beginner,3-5_times,Strength_Training,Whey_Protein,Isolate,5,1,Regular,3.4,-1.5,4.2,10
Male,25-35,170-180,81,20,Beginner,3-5_times,Strength_Training,Energy_Drink,Sugar,6,1,High_Protein,0.5,0.1,4.1,8.2
Female,25-35,170-180,79,25,Beginner,3-5_times,Strength_Training,Creatine,Monohydrate,4,4,Regular,2.8,0,8,10
Female,Under_25,160-170,53,28,Intermediate,3-5_times,Flexibility,Creatine,HCL,8,6,High_Protein,2,0.1,5,10
Male,25-35,160-170,61,22,Intermediate,3-5_times,HIIT,BCAA,Whey_Based,5,3,High_Protein,0.1,-0.6,7.5,10
Male,Over_35,170-180,71,23,Beginner,3-5_times,Flexibility,Creatine,Monohydrate,7,3,Regular,2.5,0,2.8,10
Male,Under_25,160-170,70,17,Beginner,Less_than_3,HIIT,Whey_Protein,Concentrate,3,4,Low_Carb,0.3,-0.8,3,8.6
Male,Under_25,170-180,67,18,Beginner,3-5_times,Strength_Training,Whey_Protein,Hydrolyzed,3,5,High_Protein,4.4,-1.3,5.6,10
Male,25-35,170-180,67,21,Intermediate,3-5_times,HIIT,Fish_Oil,Deep_Sea,4,3,Vegan,-0.6,-1.9,2.9,9.4
Male,Under_25,150-160,52,20,Beginner,Less_than_3,HIIT,Creatine,Monohydrate,8,1,High_Protein,0.4,-0.2,5,9.8
Male,Under_25,170-180,75,22,Intermediate,3-5_times,Flexibility,BCAA,Whey_Based,7,3,Regular,0.2,-0.4,1.9,7.9
Female,25-35,170-180,63,23,Beginner,3-5_times,Strength_Training,Pre_Workout,Regular,6,4,High_Protein,0.4,0.1,10.1,10
Male,25-35,160-170,74,21,Advanced,3-5_times,Flexibility,Pre_Workout,Regular,3,1,Regular,0,0,8.1,10
Male,25-35,160-170,64,26,Intermediate,3-5_times,Strength_Training,Creatine,Monohydrate,5,7,Regular,4.6,0,13.3,10
Female,Over_35,180-190,85,23,Advanced,Less_than_3,HIIT,BCAA,Whey_Based,6,5,Low_Carb,-0.3,-0.3,5.9,9.3
Male,Under_25,170-180,73,15,Beginner,3-5_times,Strength_Training,Whey_Protein,Concentrate,4,1,Low_Carb,2.7,-0.6,4.7,9.9
Male,Under_25,170-180,82,17,Advanced,3-5_times,HIIT,Whey_Protein,Concentrate,8,7,Regular,3,-2,8.3,10
Male,Over_35,180-190,88,28,Beginner,3-5_times,Strength_Training,Whey_Protein,Isolate,4,6,Regular,3.9,-1.3,5.7,10
Male,Over_35,170-180,84,29,Beginner,More_than_5,Endurance,BCAA,Whey_Based,6,6,High_Protein,-0.5,-0.7,4.9,8.7
Female,25-35,170-180,62,22,Intermediate,3-5_times,Strength_Training,Creatine,HCL,3,1,Regular,5.2,0,12.3,10
Male,25-35,150-160,47,27,Beginner,More_than_5,HIIT,Whey_Protein,Isolate,5,7,Regular,2.1,-1.1,6.5,10
Male,Under_25,150-160,57,20,Beginner,3-5_times,HIIT,Creatine,Monohydrate,7,2,Low_Carb,0.6,-0.1,6.7,9.8
Male,Under_25,170-180,76,19,Beginner,Less_than_3,Endurance,Whey_Protein,Isolate,8,3,High_Protein,0.6,-0.5,3.3,8.4
Male,Under_25,150-160,62,23,Advanced,More_than_5,Strength_Training,Creatine,HCL,8,2,Low_Carb,7.7,0.1,21.7,10
Male,25-35,Above_190,83,27,Beginner,3-5_times,Strength_Training,Multivitamin,Sport_Enhanced,8,3,Vegan,0.3,0,2.5,6.4
Male,Under_25,180-190,73,16,Intermediate,More_than_5,Endurance,Multivitamin,Standard,5,5,Regular,-0.3,-0.3,4.9,6.9
Male,Under_25,180-190,88,15,Advanced,3-5_times,HIIT,Energy_Drink,Sugar,5,6,Regular,-0.4,-0.2,8.1,9.2
Male,Over_35,Above_190,90,18,Beginner,3-5_times,Strength_Training,Whey_Protein,Hydrolyzed,6,5,High_Protein,4.7,-0.6,4.4,10
Male,Under_25,170-180,75,15,Intermediate,3-5_times,Strength_Training,Creatine,Monohydrate,8,1,Regular,4.9,0.2,10.4,10
Male,Over_35,170-180,70,27,Advanced,3-5_times,Strength_Training,BCAA,Vegan,4,3,High_Protein,0.3,-0.3,6.7,8.8
Female,Under_25,160-170,51,22,Beginner,More_than_5,HIIT,Whey_Protein,Hydrolyzed,6,6,High_Protein,0.8,-2,5.7,10
Female,Over_35,160-170,51,29,Beginner,3-5_times,HIIT,BCAA,Whey_Based,6,4,Regular,-0.4,-0.6,3.5,8.4
Female,Under_25,170-180,69,23,Advanced,More_than_5,Endurance,Energy_Drink,Sugar,5,3,High_Protein,-0.4,-0.1,4.4,8.4
Female,Over_35,180-190,91,30,Beginner,Less_than_3,Strength_Training,Energy_Drink,Sugar_Free,7,3,High_Protein,0.3,0.1,2,8
Male,Under_25,180-190,92,16,Beginner,More_than_5,HIIT,Fish_Oil,Deep_Sea,6,1,Regular,-0.3,-1.3,1.8,8
Male,Under_25,160-170,61,19,Intermediate,Less_than_3,Flexibility,Whey_Protein,Concentrate,5,2,Vegan,1.1,-0.5,1.5,8.6
Male,25-35,170-180,69,23,Intermediate,3-5_times,Endurance,Multivitamin,Standard,3,2,High_Protein,0,-0.1,3.4,8.1
Female,25-35,170-180,79,22,Intermediate,3-5_times,HIIT,Fish_Oil,Deep_Sea,5,6,Regular,-0.3,-1.8,3.4,9.5
Male,Under_25,180-190,93,19,Intermediate,3-5_times,Strength_Training,L_Carnitine,Capsule,7,2,Low_Carb,0.4,-1.3,3.1,9.8
Male,Under_25,170-180,73,13,Beginner,3-5_times,HIIT,Multivitamin,Standard,3,1,Low_Carb,-0.2,0,2.7,7.5
Male,Over_35,180-190,78,22,Intermediate,More_than_5,HIIT,Creatine,HCL,7,5,High_Protein,2.5,-0.2,15.3,10
Male,Over_35,150-160,48,20,Beginner,More_than_5,Flexibility,Pre_Workout,Regular,4,1,Regular,0.1,0.1,3.7,8.8
Male,Under_25,170-180,63,12,Beginner,More_than_5,HIIT,Creatine,Monohydrate,8,2,Low_Carb,1,-0.2,8.4,10
Female,Under_25,170-180,69,18,Intermediate,3-5_times,Endurance,Creatine,Monohydrate,3,1,High_Protein,2.9,-0.1,9.4,10
Male,25-35,170-180,83,19,Advanced,3-5_times,Endurance,Pre_Workout,Caffeine_Free,7,3,Regular,-0.6,-0.3,14.2,10
Male,25-35,170-180,71,21,Intermediate,3-5_times,Endurance,Whey_Protein,Isolate,3,1,Vegan,1.4,-1.2,4.9,9.5
Male,Under_25,180-190,77,23,Intermediate,3-5_times,Endurance,Whey_Protein,Isolate,8,4,Low_Carb,0.9,-0.4,6.4,9.8
Female,25-35,180-190,82,30,Intermediate,3-5_times,Strength_Training,Whey_Protein,Isolate,4,3,High_Protein,4.4,-1.4,7.1,10
Female,Under_25,160-170,51,21,Intermediate,3-5_times,HIIT,Whey_Protein,Concentrate,6,1,Low_Carb,0.9,-1.2,5.5,10
Male,25-35,180-190,72,22,Beginner,More_than_5,Endurance,Whey_Protein,Isolate,6,3,Regular,1.4,-0.9,5.1,10
Male,25-35,170-180,83,17,Beginner,3-5_times,Strength_Training,Creatine,Monohydrate,3,4,High_Protein,4.2,-0.1,8.5,10
Female,25-35,160-170,50,20,Intermediate,More_than_5,Strength_Training,Energy_Drink,Sugar,5,6,Low_Carb,0.4,-0.1,8,10
Male,Under_25,150-160,54,14,Beginner,3-5_times,HIIT,Fish_Oil,Deep_Sea,7,7,Low_Carb,-0.3,-1,1.7,7.8
Male,Under_25,150-160,60,18,Intermediate,3-5_times,Endurance,BCAA,Whey_Based,8,6,Regular,-0.3,-0.6,4.5,8.5
Female,Under_25,160-170,71,18,Beginner,3-5_times,Flexibility,BCAA,Vegan,6,6,Low_Carb,0.3,-0.2,1.6,6.8
Female,25-35,150-160,45,21,Beginner,Less_than_3,HIIT,Creatine,Monohydrate,4,5,High_Protein,1.1,-0.3,5.1,10
Male,25-35,170-180,67,15,Beginner,3-5_times,Strength_Training,L_Carnitine,Liquid,3,7,Regular,-0.1,-1.3,2.5,8.4
Male,Under_25,170-180,61,14,Advanced,Less_than_3,HIIT,Whey_Protein,Isolate,3,4,Regular,1.6,-1.7,4.6,10
Female,Under_25,160-170,65,22,Advanced,Less_than_3,HIIT,Whey_Protein,Concentrate,5,3,Regular,1.8,-2,6.3,10
Female,25-35,160-170,71,29,Beginner,3-5_times,Strength_Training,Pre_Workout,Regular,4,3,Vegan,0.2,-0.2,7.9,10
Male,25-35,170-180,84,26,Beginner,3-5_times,HIIT,Pre_Workout,Regular,7,5,High_Protein,-0.2,-0.4,9.8,10
Male,25-35,180-190,88,22,Intermediate,Less_than_3,Strength_Training,Whey_Protein,Hydrolyzed,3,2,High_Protein,3.9,-0.9,5.2,10
Female,25-35,160-170,73,25,Intermediate,3-5_times,Strength_Training,Whey_Protein,Isolate,3,7,Low_Carb,3.7,-1.8,7,10
Male,25-35,150-160,45,22,Beginner,More_than_5,HIIT,Creatine,Monohydrate,4,6,High_Protein,2.4,-0.2,9.9,10
Male,Over_35,170-180,72,24,Intermediate,Less_than_3,Endurance,BCAA,Whey_Based,6,5,Regular,-0.2,-0.4,2.6,8.9
Female,25-35,160-170,55,26,Intermediate,More_than_5,Strength_Training,BCAA,Vegan,3,3,High_Protein,0.5,-0.5,5.6,9.8
Female,Under_25,180-190,70,21,Beginner,3-5_times,Endurance,Energy_Drink,Sugar_Free,7,7,Vegan,0.1,-0.2,2.1,7.2
Male,25-35,170-180,64,15,Intermediate,3-5_times,Strength_Training,Whey_Protein,Concentrate,5,6,Low_Carb,3.7,-1.2,5.6,10
Male,Over_35,170-180,65,29,Beginner,3-5_times,Strength_Training,BCAA,Whey_Based,4,4,Regular,0.3,-0.3,3.9,8.6
Male,25-35,150-160,59,20,Intermediate,More_than_5,Endurance,Whey_Protein,Isolate,3,5,Regular,3.1,-0.8,6.3,9.4
Female,Under_25,170-180,62,22,Beginner,Less_than_3,Strength_Training,Whey_Protein,Isolate,4,3,Regular,3.1,-0.5,3.7,10
Male,Under_25,170-180,62,21,Beginner,3-5_times,Endurance,Energy_Drink,Sugar_Free,4,3,Regular,-0.3,-0.3,1.5,8.2
Male,Over_35,180-190,78,19,Intermediate,3-5_times,HIIT,Creatine,HCL,8,4,Low_Carb,1.2,-0.1,10.6,10
Male,Under_25,Above_190,95,15,Intermediate,3-5_times,Strength_Training,Fish_Oil,Deep_Sea,7,4,Low_Carb,0.1,-0.3,0.6,6.9
Male,Over_35,160-170,50,20,Advanced,3-5_times,Strength_Training,BCAA,Whey_Based,8,3,Low_Carb,0.4,-0.2,7.1,10
Male,Under_25,170-180,71,24,Beginner,More_than_5,HIIT,Creatine,Monohydrate,5,6,Low_Carb,0.7,-0.1,8.1,10
Male,Over_35,160-170,74,25,Advanced,3-5_times,Strength_Training,Whey_Protein,Hydrolyzed,5,7,Regular,5.8,-2.7,8.4,10
Male,25-35,180-190,93,18,Intermediate,3-5_times,Strength_Training,Whey_Protein,Concentrate,3,5,High_Protein,6,-1.6,7.7,10
Male,25-35,180-190,87,26,Intermediate,3-5_times,Strength_Training,Whey_Protein,Concentrate,3,6,Low_Carb,3.9,-1.2,5.4,10
Male,Under_25,180-190,74,22,Beginner,3-5_times,Strength_Training,BCAA,Vegan,7,6,High_Protein,0.4,-0.3,3.8,7.8
Male,25-35,160-170,57,20,Beginner,3-5_times,HIIT,Creatine,Monohydrate,8,3,High_Protein,1.6,-0.2,8,10
Male,25-35,160-170,69,24,Beginner,Less_than_3,Strength_Training,Multivitamin,Sport_Enhanced,6,5,High_Protein,0.2,0,2.3,6.9
Male,Under_25,170-180,76,17,Beginner,3-5_times,Strength_Training,Whey_Protein,Isolate,5,4,Low_Carb,1.5,-1,3,9.3
Male,25-35,160-170,70,23,Beginner,More_than_5,HIIT,Creatine,Monohydrate,3,4,High_Protein,1.3,-0.2,9.2,10
Female,Under_25,150-160,45,27,Intermediate,More_than_5,HIIT,Creatine,Monohydrate,8,7,High_Protein,2.1,-0.3,13.8,10
Male,Over_35,Above_190,93,20,Intermediate,More_than_5,Strength_Training,Creatine,Monohydrate,8,7,Low_Carb,5,-0.1,13.4,10
Female,25-35,170-180,64,24,Advanced,3-5_times,HIIT,Creatine,Monohydrate,6,3,High_Protein,2.8,-0.2,11.7,10
Male,Under_25,160-170,70,14,Intermediate,Less_than_3,HIIT,Whey_Protein,Concentrate,7,5,High_Protein,1.1,-1.6,4,9
Female,25-35,Above_190,87,30,Intermediate,3-5_times,HIIT,BCAA,Vegan,5,2,Low_Carb,-0.4,-0.4,6.2,8.7
Male,25-35,170-180,60,20,Beginner,3-5_times,Strength_Training,Multivitamin,Sport_Enhanced,3,1,Regular,0.3,0.2,1.6,6.1
Male,25-35,160-170,65,27,Advanced,3-5_times,Endurance,Whey_Protein,Isolate,3,1,Regular,1.5,-1.7,7.4,10
Male,Under_25,Above_190,109,14,Intermediate,More_than_5,Strength_Training,Creatine,Monohydrate,3,7,Low_Carb,6.8,0,16,10
Female,Under_25,170-180,69,24,Intermediate,3-5_times,Strength_Training,Whey_Protein,Concentrate,6,7,Regular,4.3,-2.3,6.9,10
Female,Over_35,180-190,76,27,Beginner,Less_than_3,Strength_Training,BCAA,Whey_Based,6,3,Regular,0.5,0,2.3,8.2
Female,25-35,160-170,61,20,Beginner,3-5_times,Flexibility,Whey_Protein,Hydrolyzed,3,1,Regular,1.7,-0.3,2.3,9.3
Male,Under_25,180-190,90,22,Beginner,3-5_times,Strength_Training,Whey_Protein,Concentrate,5,3,Regular,3.6,-1.5,3.6,10
Female,25-35,170-180,62,21,Intermediate,3-5_times,Endurance,Pre_Workout,Regular,4,6,Low_Carb,-0.4,-0.2,10.7,10
Female,Over_35,170-180,77,27,Beginner,3-5_times,HIIT,Whey_Protein,Concentrate,4,5,Regular,1.1,-1.5,4.2,9.3
Male,25-35,160-170,59,19,Intermediate,More_than_5,Flexibility,Creatine,Monohydrate,3,2,Regular,3.8,0,7.8,10
Male,Over_35,180-190,76,19,Intermediate,3-5_times,Endurance,Whey_Protein,Concentrate,3,5,Regular,1.9,-1.2,4.3,9.7
Male,Over_35,180-190,70,23,Beginner,Less_than_3,HIIT,Whey_Protein,Isolate,4,7,High_Protein,0.7,-1.1,3.2,10
Male,25-35,170-180,78,17,Beginner,3-5_times,Endurance,Whey_Protein,Concentrate,3,4,Regular,0.5,-0.6,3.1,8.7
Male,25-35,150-160,56,19,Advanced,Less_than_3,Strength_Training,Creatine,Monohydrate,7,5,Regular,4.1,-0.1,10.7,10
Female,25-35,160-170,60,23,Beginner,3-5_times,Strength_Training,BCAA,Whey_Based,5,1,Regular,0.2,-0.4,2.3,7.8
Female,Over_35,160-170,64,29,Intermediate,Less_than_3,Endurance,BCAA,Whey_Based,5,6,Regular,-0.6,-0.5,1.9,7.8
Female,Over_35,Above_190,97,26,Intermediate,More_than_5,Endurance,Energy_Drink,Sugar_Free,7,7,Regular,-0.4,-0.1,2,7.7
Male,25-35,180-190,91,20,Advanced,3-5_times,Endurance,Pre_Workout,Regular,5,5,Regular,-0.3,-0.3,13.7,10
Male,25-35,170-180,79,17,Beginner,3-5_times,Strength_Training,Pre_Workout,Regular,3,1,Low_Carb,0.3,0,7.6,10
Male,25-35,180-190,76,18,Intermediate,More_than_5,Strength_Training,Creatine,Monohydrate,4,3,Regular,8.9,0.2,14.8,10
Male,25-35,170-180,66,21,Beginner,3-5_times,Strength_Training,BCAA,Whey_Based,7,2,High_Protein,0.4,-0.2,4,7.5
Female,Under_25,170-180,68,23,Advanced,3-5_times,Strength_Training,Creatine,HCL,6,6,Low_Carb,5,-0.2,17.6,10
Female,25-35,170-180,78,21,Advanced,3-5_times,HIIT,Whey_Protein,Isolate,5,2,Regular,2,-2.2,7.9,10
Male,25-35,160-170,52,16,Intermediate,3-5_times,Strength_Training,Multivitamin,Standard,5,5,High_Protein,0.1,-0.1,4,7.2
Male,Over_35,170-180,68,25,Intermediate,3-5_times,Flexibility,Creatine,Monohydrate,4,4,Low_Carb,2.3,-0.1,4.5,9.5
Male,25-35,Above_190,92,22,Advanced,More_than_5,Strength_Training,Whey_Protein,Isolate,3,6,Regular,6.1,-3.5,8.8,10
Female,25-35,170-180,68,31,Beginner,More_than_5,HIIT,Multivitamin,Standard,6,1,High_Protein,-0.4,-0.2,3.8,6.3
Male,Under_25,170-180,66,18,Intermediate,Less_than_3,Strength_Training,Creatine,Monohydrate,4,5,Regular,4.2,0,8.3,10
Male,Under_25,160-170,51,14,Intermediate,3-5_times,Endurance,BCAA,Whey_Based,3,4,High_Protein,-0.2,-0.7,4.5,8.1
Female,Under_25,180-190,73,20,Beginner,3-5_times,Strength_Training,Whey_Protein,Concentrate,6,7,Regular,3.5,-1.4,5.2,10
Female,Under_25,180-190,70,18,Beginner,3-5_times,Flexibility,Creatine,Monohydrate,5,7,High_Protein,1.8,0,3.1,8.9
Male,25-35,170-180,72,21,Intermediate,Less_than_3,Endurance,Whey_Protein,Concentrate,8,3,Low_Carb,0.4,-0.6,3.6,9.5
Male,25-35,170-180,60,25,Beginner,3-5_times,Strength_Training,Whey_Protein,Hydrolyzed,6,4,Regular,2.9,-1.2,4.9,10
Female,Under_25,170-180,81,27,Intermediate,3-5_times,Strength_Training,Creatine,HCL,7,7,Regular,5.1,0,11.9,10
Male,25-35,150-160,47,21,Advanced,3-5_times,Strength_Training,Pre_Workout,Regular,5,2,High_Protein,0.3,0,17.7,10
Female,Under_25,180-190,89,26,Intermediate,Less_than_3,HIIT,Whey_Protein,Isolate,5,4,Regular,-0.1,-1.1,3.3,8.8
Male,Under_25,170-180,71,23,Advanced,More_than_5,Endurance,BCAA,Whey_Based,6,5,Vegan,-0.5,-0.9,10,9.8
Female,Under_25,160-170,69,28,Beginner,3-5_times,HIIT,BCAA,Whey_Based,3,7,High_Protein,-0.4,-0.5,4.5,8.3
Male,Under_25,170-180,73,17,Intermediate,More_than_5,Strength_Training,Creatine,Monohydrate,7,5,Regular,9,0.1,16.4,10
Female,Over_35,170-180,80,32,Beginner,3-5_times,Strength_Training,Creatine,Monohydrate,3,1,Low_Carb,2.8,0,9.4,10
Male,25-35,180-190,91,21,Intermediate,3-5_times,Strength_Training,Creatine,HCL,8,7,High_Protein,5.9,0.1,12.3,10
Male,Under_25,180-190,88,23,Advanced,Less_than_3,HIIT,Creatine,Monohydrate,4,1,Regular,3,-0.3,9.7,10
Male,25-35,170-180,75,21,Beginner,Less_than_3,Endurance,Creatine,Monohydrate,4,1,Regular,1,-0.2,4.6,10
Female,Under_25,180-190,82,25,Beginner,3-5_times,Strength_Training,Creatine,Monohydrate,8,7,Regular,5,0,8.9,10
Male,Under_25,180-190,76,16,Intermediate,Less_than_3,Strength_Training,Creatine,Monohydrate,3,7,Regular,4.7,-0.1,9.4,10
Male,Under_25,160-170,50,19,Beginner,3-5_times,Endurance,Pre_Workout,Caffeine_Free,8,5,Regular,-0.3,-0.3,6.9,10
Female,Under_25,160-170,68,25,Beginner,Less_than_3,HIIT,Creatine,Monohydrate,8,6,Regular,1,0,4.9,10
Female,25-35,150-160,50,23,Intermediate,Less_than_3,Strength_Training,Creatine,HCL,8,7,High_Protein,4.8,0,9.1,10
Female,25-35,180-190,79,29,Beginner,3-5_times,HIIT,Multivitamin,Standard,5,3,Low_Carb,-0.1,-0.1,2.5,5.9
Female,25-35,170-180,81,31,Beginner,Less_than_3,HIIT,Whey_Protein,Concentrate,6,4,Regular,0.6,-0.9,3.7,9.8
Female,25-35,150-160,63,20,Intermediate,3-5_times,Strength_Training,Whey_Protein,Concentrate,5,4,High_Protein,5.4,-1.7,7.8,10
Male,Under_25,170-180,60,18,Beginner,More_than_5,HIIT,Whey_Protein,Concentrate,5,4,High_Protein,2.1,-2.1,6.7,10
Male,Under_25,180-190,73,23,Beginner,More_than_5,Flexibility,Creatine,Monohydrate,4,4,Regular,2.8,0,5.3,9.4
Male,25-35,Above_190,92,19,Advanced,3-5_times,Strength_Training,Creatine,Monohydrate,5,2,Regular,6.4,0.1,16.8,10
Male,Over_35,160-170,74,20,Advanced,3-5_times,Strength_Training,Whey_Protein,Isolate,4,3,High_Protein,7.2,-1.8,8.1,10
Male,25-35,170-180,72,22,Intermediate,3-5_times,Strength_Training,Whey_Protein,Concentrate,3,3,Low_Carb,2.8,-1.2,6.9,10
Male,Under_25,180-190,87,19,Intermediate,3-5_times,Endurance,Creatine,Monohydrate,4,7,Regular,2.4,-0.2,7.7,10
Female,25-35,160-170,70,30,Advanced,3-5_times,HIIT,BCAA,Whey_Based,3,5,Regular,0.1,-0.5,8.1,9.6
Male,Under_25,170-180,75,13,Intermediate,More_than_5,Flexibility,Whey_Protein,Concentrate,3,4,Low_Carb,2.6,-0.9,3.2,9.1
Male,Under_25,160-170,58,22,Intermediate,3-5_times,Endurance,Pre_Workout,Caffeine_Free,4,1,Vegan,-0.3,-0.2,11.5,10
Male,Over_35,170-180,62,22,Beginner,3-5_times,Strength_Training,Whey_Protein,Hydrolyzed,3,2,High_Protein,4.5,-0.7,5.7,10
Male,Under_25,160-170,70,23,Beginner,More_than_5,Strength_Training,Creatine,HCL,3,3,Regular,5.3,-0.2,13,10
Male,25-35,180-190,76,26,Intermediate,Less_than_3,HIIT,Whey_Protein,Isolate,7,5,High_Protein,1,-1.2,3.4,10
Male,Under_25,Above_190,80,22,Beginner,3-5_times,Strength_Training,Whey_Protein,Isolate,7,7,Vegan,2.9,-1.4,4.1,10
Male,25-35,180-190,72,18,Beginner,More_than_5,Endurance,Creatine,Monohydrate,3,7,High_Protein,3.2,-0.2,7.9,10
Female,Under_25,160-170,55,28,Intermediate,3-5_times,Endurance,Creatine,Monohydrate,6,5,Regular,1,-0.2,7,10
Male,25-35,160-170,73,21,Intermediate,3-5_times,Strength_Training,Whey_Protein,Isolate,8,5,Regular,4.8,-1.8,6.6,10
Male,Over_35,160-170,73,19,Beginner,Less_than_3,Endurance,Pre_Workout,Regular,6,6,High_Protein,-0.4,-0.3,5.7,9.4
Female,Under_25,150-160,50,22,Intermediate,3-5_times,Flexibility,Whey_Protein,Concentrate,6,7,High_Protein,3,-0.9,3.5,9.2
Male,Over_35,Above_190,99,25,Intermediate,More_than_5,Endurance,Creatine,Monohydrate,3,5,Regular,3.9,-0.3,13.1,10
Female,Under_25,180-190,75,26,Advanced,Less_than_3,Endurance,BCAA,Whey_Based,3,5,High_Protein,-0.6,-0.5,4.3,7.6
Male,Under_25,180-190,80,18,Intermediate,3-5_times,HIIT,Pre_Workout,Regular,8,6,Regular,-0.4,-0.2,9.7,10
Female,Over_35,170-180,80,27,Intermediate,More_than_5,Strength_Training,Whey_Protein,Concentrate,4,4,Vegan,3.8,-1.7,7.8,10
Male,25-35,170-180,67,19,Intermediate,More_than_5,Strength_Training,Creatine,Monohydrate,4,1,Vegan,7.7,0,14.7,10
Male,Under_25,160-170,58,19,Beginner,3-5_times,Strength_Training,Whey_Protein,Concentrate,4,5,Low_Carb,2.4,-0.7,5,10
Male,25-35,170-180,62,21,Beginner,Less_than_3,HIIT,Pre_Workout,Regular,5,2,Low_Carb,0,-0.1,6.4,10
Male,25-35,160-170,63,26,Beginner,Less_than_3,HIIT,L_Carnitine,Liquid,3,1,Regular,0,-2.4,4,10
Female,Under_25,150-160,54,22,Beginner,More_than_5,Endurance,Whey_Protein,Hydrolyzed,8,7,High_Protein,1.4,-0.9,4.8,10
Male,25-35,170-180,81,20,Beginner,Less_than_3,Flexibility,Creatine,Monohydrate,6,3,Regular,1.6,-0.1,2.9,9.1
Male,Under_25,180-190,88,13,Beginner,More_than_5,Strength_Training,Creatine,Monohydrate,6,4,Vegan,6.1,-0.2,9.3,10
Male,Under_25,170-180,75,17,Beginner,Less_than_3,HIIT,Whey_Protein,Hydrolyzed,5,3,Vegan,0,-0.9,1.9,8.9
Female,25-35,170-180,69,22,Advanced,3-5_times,Flexibility,Creatine,Monohydrate,3,4,High_Protein,4,0.1,7.7,10
Male,25-35,170-180,74,23,Beginner,3-5_times,HIIT,BCAA,Vegan,5,2,Regular,0.1,-0.6,3.9,9.3
Male,25-35,160-170,73,21,Beginner,Less_than_3,HIIT,Creatine,Monohydrate,4,2,Low_Carb,1.3,-0.1,4.4,9
Male,25-35,Above_190,96,17,Intermediate,3-5_times,Strength_Training,Pre_Workout,Caffeine_Free,5,3,Low_Carb,-0.1,0.1,12.3,10
Male,Under_25,170-180,73,13,Intermediate,More_than_5,Flexibility,Whey_Protein,Concentrate,5,1,Low_Carb,2.9,-1,2.8,8.9
Female,Under_25,150-160,46,25,Beginner,More_than_5,HIIT,Pre_Workout,Regular,7,3,Regular,-0.1,-0.6,12.6,10
Female,Under_25,Above_190,83,20,Intermediate,3-5_times,Strength_Training,L_Carnitine,Liquid,8,2,Regular,0.1,-1.7,4.4,9.5
Male,Under_25,150-160,48,18,Intermediate,3-5_times,Endurance,BCAA,Whey_Based,6,3,High_Protein,-0.2,-0.6,7.2,10
Female,25-35,160-170,62,20,Intermediate,More_than_5,HIIT,Creatine,Monohydrate,3,1,Regular,3.4,-0.2,11.2,10
Female,Under_25,160-170,73,25,Beginner,Less_than_3,Strength_Training,Creatine,HCL,3,2,Regular,2.6,0,7,10
Female,Under_25,170-180,65,25,Beginner,3-5_times,Endurance,Whey_Protein,Isolate,4,4,Low_Carb,0.6,-0.4,4,9.8
Male,Under_25,170-180,70,16,Beginner,3-5_times,Flexibility,Whey_Protein,Isolate,4,2,Regular,1.5,-0.5,1.4,9.2
Male,Under_25,160-170,71,24,Advanced,Less_than_3,Endurance,Whey_Protein,Isolate,4,1,Regular,2,-0.7,5.2,9.7
Male,Over_35,150-160,49,29,Beginner,3-5_times,Strength_Training,Creatine,Monohydrate,6,4,High_Protein,5.3,-0.1,10.1,10
Female,Under_25,170-180,79,26,Intermediate,3-5_times,Endurance,Whey_Protein,Concentrate,6,7,Regular,1.6,-1.5,4.7,9.8
Male,Over_35,160-170,56,18,Intermediate,3-5_times,Endurance,Whey_Protein,Isolate,6,2,Regular,0.9,-1.1,4.9,10
Male,Under_25,180-190,93,13,Intermediate,3-5_times,Endurance,Creatine,HCL,6,1,High_Protein,1.2,-0.2,9.6,10
Male,25-35,150-160,53,24,Intermediate,3-5_times,Flexibility,BCAA,Vegan,8,2,High_Protein,0.2,-0.5,2.9,7.6
Male,Over_35,Above_190,82,25,Intermediate,3-5_times,HIIT,Whey_Protein,Hydrolyzed,4,2,High_Protein,1.8,-1.9,6.6,10
Male,Over_35,Above_190,100,26,Intermediate,3-5_times,Strength_Training,Creatine,HCL,7,2,Vegan,6.2,-0.1,12.6,10
Female,Under_25,160-170,67,21,Intermediate,3-5_times,Strength_Training,BCAA,Whey_Based,7,6,Vegan,0.7,-0.4,4.2,9.5
Male,25-35,160-170,57,15,Advanced,More_than_5,Strength_Training,Creatine,Monohydrate,6,7,Low_Carb,8.3,-0.1,20.8,10
Male,25-35,160-170,72,15,Beginner,3-5_times,Endurance,Creatine,Monohydrate,6,7,Vegan,0.7,-0.2,4.8,9.3
Female,Under_25,160-170,71,26,Intermediate,More_than_5,HIIT,Whey_Protein,Concentrate,7,6,Regular,1.7,-1.9,7,10
Female,25-35,160-170,55,21,Beginner,3-5_times,Flexibility,L_Carnitine,Capsule,8,4,Regular,0.3,-1.7,2.7,9.2
Female,25-35,170-180,71,22,Intermediate,3-5_times,HIIT,Pre_Workout,Caffeine_Free,8,4,High_Protein,-0.2,-0.2,15.6,10
Male,Over_35,170-180,66,28,Advanced,More_than_5,Strength_Training,Whey_Protein,Concentrate,4,5,Regular,9.6,-2.6,13.4,10
Female,Over_35,170-180,61,28,Intermediate,3-5_times,Strength_Training,Energy_Drink,Sugar_Free,3,1,Regular,0.9,-0.1,5.7,9.4
Female,25-35,170-180,79,23,Intermediate,3-5_times,Endurance,Creatine,Monohydrate,8,6,Regular,2.7,-0.1,8.5,10
Female,Under_25,170-180,75,23,Beginner,3-5_times,Endurance,Pre_Workout,Regular,5,3,Low_Carb,-0.5,0,8.4,10
Male,Under_25,160-170,54,22,Intermediate,Less_than_3,Endurance,BCAA,Vegan,6,5,High_Protein,-0.4,-0.3,3.1,8.2
Female,Over_35,180-190,93,32,Beginner,3-5_times,Endurance,Creatine,HCL,5,6,Low_Carb,0.9,-0.1,7,10
Male,25-35,160-170,73,22,Beginner,3-5_times,Strength_Training,BCAA,Whey_Based,8,2,Regular,0.7,-0.2,3.2,8.4
Male,25-35,160-170,55,15,Intermediate,Less_than_3,Endurance,Fish_Oil,Deep_Sea,5,7,High_Protein,-0.4,-1.1,1.6,7.9
Male,Under_25,Above_190,88,19,Advanced,3-5_times,HIIT,Creatine,Monohydrate,6,1,Regular,2.2,-0.2,10.8,10
Female,25-35,160-170,69,25,Beginner,3-5_times,Strength_Training,Creatine,Monohydrate,4,5,High_Protein,5,0,9.1,10
Male,Over_35,170-180,72,24,Intermediate,3-5_times,Strength_Training,Energy_Drink,Sugar_Free,8,4,Regular,0.1,0,6.3,9.9
Male,Under_25,180-190,81,24,Intermediate,More_than_5,HIIT,Whey_Protein,Concentrate,5,2,High_Protein,2.4,-2.5,7.9,10
Female,25-35,170-180,65,24,Beginner,3-5_times,Endurance,Whey_Protein,Concentrate,4,5,Regular,1.2,-0.6,4,9.4
Male,Under_25,170-180,70,20,Beginner,More_than_5,HIIT,Whey_Protein,Concentrate,7,3,Regular,1.2,-1.2,5.3,9.9
Male,Under_25,170-180,64,21,Beginner,3-5_times,Strength_Training,BCAA,Whey_Based,4,6,High_Protein,0.2,-0.2,3.8,8.9
Male,Under_25,Above_190,104,17,Beginner,3-5_times,HIIT,Creatine,Monohydrate,6,2,Regular,1.9,-0.1,7,10
Male,25-35,170-180,63,26,Beginner,3-5_times,Strength_Training,Whey_Protein,Isolate,5,5,Regular,3.6,-0.9,3.8,10
Male,25-35,170-180,62,22,Beginner,3-5_times,Endurance,Multivitamin,Standard,4,2,Regular,-0.3,-0.1,1.9,6.1
Male,25-35,160-170,72,18,Beginner,3-5_times,Flexibility,Whey_Protein,Concentrate,5,7,Regular,1.3,-0.8,1.7,9.2
Female,25-35,170-180,74,27,Beginner,Less_than_3,HIIT,BCAA,Vegan,8,4,Regular,0,-0.4,3.3,9
Male,Under_25,170-180,66,23,Advanced,3-5_times,Strength_Training,Creatine,HCL,3,6,Regular,8.2,0,14.4,10
Male,Under_25,160-170,64,23,Beginner,3-5_times,Strength_Training,Multivitamin,Standard,3,7,High_Protein,-0.2,0,2.4,7
Male,Under_25,170-180,76,17,Intermediate,3-5_times,HIIT,Whey_Protein,Concentrate,8,2,High_Protein,1,-1.9,7.1,10
Male,Over_35,170-180,71,23,Intermediate,More_than_5,Strength_Training,Creatine,Monohydrate,7,5,Regular,5.7,-0.1,15.1,10
Male,Under_25,170-180,67,14,Beginner,3-5_times,HIIT,Multivitamin,Standard,4,4,Vegan,-0.1,-0.1,2.6,6.8
Female,25-35,180-190,92,26,Intermediate,More_than_5,Endurance,Fish_Oil,Deep_Sea,8,3,Regular,0,-1.8,4.3,8.2
Female,Over_35,180-190,88,33,Advanced,3-5_times,Strength_Training,Pre_Workout,Regular,7,1,Vegan,0,-0.2,15.5,10
Male,Under_25,170-180,66,24,Beginner,3-5_times,HIIT,Whey_Protein,Isolate,7,6,Low_Carb,0.5,-1,4.6,10
Male,Under_25,180-190,74,23,Intermediate,More_than_5,Strength_Training,Energy_Drink,Sugar_Free,6,6,Low_Carb,0.4,0,7.6,10
Female,Under_25,160-170,71,20,Beginner,3-5_times,HIIT,Fish_Oil,Algae_DHA,5,4,Regular,-0.3,-1.5,1.3,7.5
Female,Under_25,160-170,65,19,Intermediate,3-5_times,Endurance,Whey_Protein,Concentrate,6,1,Regular,0.9,-0.7,3.6,9
Male,25-35,160-170,69,25,Advanced,More_than_5,Flexibility,Multivitamin,Standard,5,5,High_Protein,0.3,-0.1,3.2,6.3
Female,Under_25,180-190,91,19,Intermediate,Less_than_3,HIIT,Whey_Protein,Concentrate,5,3,High_Protein,1.2,-1.8,4.8,10
Female,Under_25,170-180,80,21,Intermediate,3-5_times,Endurance,Whey_Protein,Concentrate,7,1,Low_Carb,2.1,-0.7,5,9.7
Male,25-35,170-180,73,27,Beginner,Less_than_3,HIIT,Multivitamin,Standard,3,2,High_Protein,-0.3,-0.1,2.1,6.5
Male,Over_35,150-160,51,27,Intermediate,More_than_5,Strength_Training,Multivitamin,Standard,6,4,High_Protein,0.6,0,4.2,7.3
Female,25-35,170-180,79,30,Beginner,Less_than_3,Strength_Training,Whey_Protein,Concentrate,4,6,Regular,2.7,-0.7,3.8,10
Male,Under_25,160-170,54,22,Intermediate,3-5_times,Endurance,Whey_Protein,Concentrate,4,5,Regular,2.3,-1.3,4.2,9.5
Male,25-35,170-180,79,17,Advanced,3-5_times,Endurance,BCAA,Whey_Based,7,1,Regular,-0.3,-0.6,7.6,10
Male,25-35,150-160,52,15,Intermediate,3-5_times,HIIT,Whey_Protein,Isolate,6,7,High_Protein,1.1,-1.9,5.3,10
Female,25-35,170-180,66,31,Beginner,3-5_times,Strength_Training,Whey_Protein,Concentrate,4,1,Regular,3.1,-1.3,5.1,10
Male,Under_25,180-190,85,14,Intermediate,3-5_times,Strength_Training,Energy_Drink,Sugar_Free,7,1,High_Protein,0.1,-0.1,4.7,9.1
Male,25-35,170-180,64,15,Advanced,3-5_times,HIIT,Whey_Protein,Concentrate,5,7,Regular,3,-2.1,6.8,10
Female,25-35,180-190,88,23,Beginner,More_than_5,Strength_Training,Whey_Protein,Isolate,4,4,Regular,4.3,-2,5.4,10
Male,25-35,180-190,79,25,Intermediate,3-5_times,HIIT,Whey_Protein,Concentrate,3,2,Regular,1.7,-1.3,6.8,10
Male,Under_25,180-190,70,24,Beginner,3-5_times,Strength_Training,Whey_Protein,Isolate,5,7,High_Protein,3.7,-0.9,3.8,10
Female,Over_35,170-180,80,22,Beginner,Less_than_3,Strength_Training,Creatine,Monohydrate,4,2,High_Protein,3.1,-0.1,5.6,10
Male,Under_25,150-160,54,22,Advanced,Less_than_3,Strength_Training,Creatine,Monohydrate,5,1,Regular,6,0.1,11.1,10
Female,25-35,170-180,78,24,Intermediate,3-5_times,Strength_Training,Pre_Workout,Regular,8,6,High_Protein,0,0,12.7,10
Male,Under_25,180-190,91,17,Beginner,Less_than_3,Strength_Training,Whey_Protein,Concentrate,3,5,Regular,2.4,-1,3.6,10
Female,Over_35,170-180,82,22,Intermediate,3-5_times,HIIT,Energy_Drink,Sugar_Free,7,3,Regular,-0.6,-0.2,6.1,9.1
Male,Under_25,170-180,66,17,Beginner,3-5_times,Strength_Training,Creatine,HCL,7,7,Low_Carb,3.9,0.1,8.1,10
Male,Under_25,150-160,55,19,Intermediate,3-5_times,Strength_Training,Multivitamin,Standard,8,1,Vegan,0,0.1,3.9,8.1
Female,Over_35,180-190,91,32,Beginner,More_than_5,Endurance,Creatine,Monohydrate,8,3,Regular,1.5,-0.1,6.6,10
Male,25-35,160-170,56,24,Advanced,Less_than_3,Strength_Training,Whey_Protein,Concentrate,7,7,High_Protein,4.8,-1.2,7.3,10
Male,25-35,170-180,68,15,Intermediate,Less_than_3,Endurance,Whey_Protein,Concentrate,8,1,Regular,0.8,-0.9,3.8,8.9
Female,Over_35,160-170,65,31,Intermediate,Less_than_3,HIIT,BCAA,Whey_Based,3,7,High_Protein,-0.3,-0.5,4.9,9.1
Male,25-35,180-190,80,24,Beginner,3-5_times,Endurance,Creatine,Monohydrate,8,3,High_Protein,2.1,-0.2,6.8,10
Male,25-35,160-170,63,24,Intermediate,3-5_times,HIIT,BCAA,Vegan,3,3,Low_Carb,-0.3,-0.3,6.2,8.3
Male,Over_35,170-180,73,28,Advanced,Less_than_3,Flexibility,Whey_Protein,Isolate,6,2,Regular,2.4,-1,2.8,8.5
Male,Under_25,170-180,67,24,Advanced,More_than_5,HIIT,BCAA,Whey_Based,7,5,High_Protein,-0.2,-0.8,9,10
Male,25-35,Above_190,94,25,Beginner,3-5_times,Strength_Training,Creatine,HCL,3,5,Low_Carb,3.1,0,9,10
Male,Under_25,170-180,72,24,Beginner,3-5_times,Endurance,Pre_Workout,Regular,4,5,Low_Carb,0.1,-0.2,8.9,10
Female,Under_25,180-190,82,24,Beginner,3-5_times,HIIT,Multivitamin,Standard,4,2,High_Protein,-0.1,0,3.7,6.9
Female,25-35,170-180,64,30,Intermediate,Less_than_3,Endurance,Multivitamin,Standard,5,4,Regular,0,-0.2,3,6.4
Male,Under_25,170-180,62,24,Advanced,Less_than_3,Strength_Training,Pre_Workout,Regular,6,7,Regular,0,0.1,12.2,10
Female,Under_25,180-190,89,24,Beginner,3-5_times,Strength_Training,Whey_Protein,Hydrolyzed,3,4,Low_Carb,2.5,-0.8,4.5,10
Male,Under_25,180-190,73,17,Beginner,3-5_times,HIIT,L_Carnitine,Capsule,4,5,Regular,-0.3,-3.8,5.3,10
Male,Over_35,180-190,83,25,Intermediate,3-5_times,Strength_Training,BCAA,Whey_Based,5,2,Regular,0.5,-0.2,5.6,9.6
Male,Under_25,180-190,91,13,Intermediate,Less_than_3,Strength_Training,Pre_Workout,Caffeine_Free,7,6,High_Protein,0.5,0.1,8.7,10
Female,25-35,180-190,86,31,Intermediate,3-5_times,Endurance,Whey_Protein,Concentrate,8,3,High_Protein,1.2,-1,4.8,10
Female,Under_25,170-180,72,27,Intermediate,More_than_5,Strength_Training,Whey_Protein,Hydrolyzed,5,5,High_Protein,8.9,-2.5,9.8,10
Male,25-35,170-180,82,25,Beginner,3-5_times,Flexibility,Creatine,Monohydrate,6,6,Regular,1.7,0.1,3.3,10
Male,25-35,160-170,52,20,Advanced,3-5_times,Strength_Training,Whey_Protein,Concentrate,7,4,High_Protein,8.3,-1.5,8.7,10
Female,Under_25,180-190,79,20,Beginner,3-5_times,HIIT,Creatine,Monohydrate,6,5,High_Protein,1.6,-0.3,7.6,10
Female,Over_35,180-190,74,30,Intermediate,3-5_times,Strength_Training,Creatine,Monohydrate,5,3,High_Protein,5.9,0.1,12.3,10
Female,Over_35,Above_190,103,30,Beginner,3-5_times,Strength_Training,Creatine,Monohydrate,7,3,Regular,3.2,0,8.1,10
Female,Under_25,150-160,46,21,Beginner,3-5_times,Flexibility,Multivitamin,Sport_Enhanced,3,4,Regular,0.2,-0.1,1.2,5.8
Female,25-35,170-180,79,31,Beginner,More_than_5,Strength_Training,Creatine,Monohydrate,4,6,Regular,5.5,0,11.2,10
Female,Under_25,160-170,51,21,Intermediate,3-5_times,Strength_Training,Whey_Protein,Concentrate,7,4,High_Protein,4.7,-1.4,5.2,10
Female,25-35,160-170,66,24,Intermediate,More_than_5,Flexibility,Whey_Protein,Isolate,7,1,Regular,3.5,-1.5,4.2,9.4
Female,Under_25,160-170,63,20,Advanced,3-5_times,Strength_Training,Whey_Protein,Isolate,8,4,High_Protein,9.1,-1.9,7.2,10
Male,Under_25,160-170,71,14,Intermediate,3-5_times,Strength_Training,Creatine,Monohydrate,7,6,High_Protein,5.4,-0.1,12.7,10
Male,25-35,170-180,68,16,Intermediate,3-5_times,Strength_Training,Creatine,Monohydrate,5,6,Low_Carb,4.9,-0.1,10.8,10
Male,Under_25,160-170,51,15,Intermediate,Less_than_3,Strength_Training,Creatine,Monohydrate,7,5,Regular,3.7,0.1,7.9,10
Male,25-35,160-170,68,26,Intermediate,3-5_times,Endurance,BCAA,Whey_Based,7,2,Low_Carb,-0.3,-0.3,5.5,9.2
Female,Under_25,170-180,71,24,Beginner,3-5_times,Endurance,BCAA,Vegan,4,6,Low_Carb,-0.4,-0.2,3.8,7.5
Male,Under_25,180-190,85,21,Advanced,3-5_times,Strength_Training,BCAA,Whey_Based,8,1,Regular,0.4,-0.3,5.2,9.5
Male,Under_25,170-180,63,23,Beginner,3-5_times,Strength_Training,Whey_Protein,Isolate,8,7,Regular,2.7,-1.2,5.3,10
Male,25-35,160-170,55,19,Intermediate,3-5_times,HIIT,L_Carnitine,Capsule,5,7,Regular,0.1,-4.1,7.9,10
Female,25-35,160-170,71,22,Intermediate,3-5_times,Strength_Training,Creatine,Monohydrate,7,5,Low_Carb,4.4,0.1,14.8,10
Male,Under_25,170-180,66,19,Beginner,3-5_times,Strength_Training,Creatine,Monohydrate,8,5,Low_Carb,3.2,0,8.4,10
Male,Over_35,180-190,71,23,Intermediate,More_than_5,Strength_Training,Creatine,Monohydrate,6,3,High_Protein,9.5,-0.1,19.5,10
Male,Under_25,170-180,77,21,Beginner,3-5_times,Strength_Training,Whey_Protein,Concentrate,7,6,Regular,3.3,-1.3,4,10
Male,25-35,170-180,68,26,Beginner,Less_than_3,Flexibility,Whey_Protein,Concentrate,3,4,Regular,0.4,-0.2,1,8.5
Female,25-35,180-190,74,22,Intermediate,3-5_times,Flexibility,Whey_Protein,Concentrate,8,7,Regular,1.8,-1.3,2.3,8
Male,25-35,170-180,80,18,Beginner,3-5_times,Endurance,Energy_Drink,Sugar,4,4,Regular,-0.3,-0.2,1.9,8
Female,Under_25,170-180,73,27,Beginner,Less_than_3,Strength_Training,BCAA,Whey_Based,3,2,Regular,0.5,-0.1,2.6,8.9
Male,Under_25,160-170,56,23,Intermediate,3-5_times,HIIT,Whey_Protein,Isolate,3,5,Regular,1.7,-1.4,6.3,10
Male,Over_35,170-180,69,24,Beginner,More_than_5,Endurance,Fish_Oil,Deep_Sea,4,6,Regular,-0.3,-1.3,3,8.6
Male,Over_35,180-190,82,25,Advanced,More_than_5,Strength_Training,Whey_Protein,Isolate,8,3,Regular,7.3,-2.5,11.7,10
Male,25-35,160-170,71,25,Beginner,3-5_times,Strength_Training,BCAA,Whey_Based,7,5,Regular,0.5,-0.1,3.2,7.8
Male,25-35,180-190,75,26,Beginner,3-5_times,Endurance,Creatine,HCL,4,2,Regular,2.1,-0.3,3.8,9.6
Male,Over_35,150-160,57,28,Intermediate,3-5_times,HIIT,Pre_Workout,Caffeine_Free,8,1,Regular,-0.4,-0.2,12.1,10
Male,25-35,180-190,94,18,Beginner,3-5_times,Flexibility,Whey_Protein,Hydrolyzed,8,6,High_Protein,2.3,-0.6,2.2,8.1
Male,25-35,170-180,79,24,Intermediate,More_than_5,Endurance,BCAA,Whey_Based,3,1,Regular,-0.3,-0.6,7.4,10
Male,25-35,160-170,67,16,Beginner,Less_than_3,Strength_Training,BCAA,Whey_Based,4,3,Regular,0.6,-0.1,2.5,8.2
Male,Under_25,160-170,61,17,Intermediate,3-5_times,Endurance,Whey_Protein,Concentrate,8,4,Regular,1.8,-0.9,5.6,9.9
Male,25-35,160-170,58,22,Beginner,3-5_times,HIIT,Creatine,Monohydrate,6,1,High_Protein,2.3,-0.3,8.8,10
Female,Over_35,170-180,70,25,Intermediate,Less_than_3,Strength_Training,Energy_Drink,Sugar_Free,5,6,High_Protein,0.1,0.2,3.1,7.1
Male,Under_25,170-180,65,12,Beginner,Less_than_3,Strength_Training,Whey_Protein,Hydrolyzed,4,7,Low_Carb,1.7,-0.7,4,10
Male,25-35,150-160,64,18,Intermediate,3-5_times,Endurance,Whey_Protein,Isolate,4,2,Regular,1.8,-1.3,4.9,10
Female,Under_25,160-170,66,20,Beginner,Less_than_3,Strength_Training,Whey_Protein,Isolate,7,2,Low_Carb,1.5,-0.8,3.4,9.8
Male,Under_25,170-180,60,14,Beginner,3-5_times,Strength_Training,BCAA,Whey_Based,3,1,Regular,0.3,-0.2,3.6,7.4
Male,25-35,160-170,54,18,Intermediate,3-5_times,Endurance,Energy_Drink,Sugar,4,6,Regular,-0.3,-0.2,1.8,7.6
Male,Under_25,180-190,81,18,Beginner,3-5_times,Strength_Training,Energy_Drink,Sugar_Free,7,6,Regular,0.3,-0.2,4.5,8.2
Female,Under_25,170-180,71,29,Beginner,More_than_5,Strength_Training,Multivitamin,Standard,6,1,High_Protein,0.3,0,2.7,7
Female,Under_25,160-170,53,26,Beginner,More_than_5,HIIT,Creatine,Monohydrate,7,2,Regular,2.8,-0.3,8.7,10
Male,25-35,170-180,81,16,Beginner,3-5_times,Flexibility,Whey_Protein,Concentrate,6,6,Regular,1.5,-0.8,2.1,7.6
Female,Under_25,170-180,84,19,Beginner,Less_than_3,Strength_Training,Fish_Oil,Deep_Sea,4,3,High_Protein,-0.1,-0.4,0.5,7.3
Female,Under_25,160-170,59,25,Intermediate,3-5_times,Strength_Training,Whey_Protein,Concentrate,4,3,Low_Carb,3.1,-1.6,6.8,10
Female,25-35,170-180,60,29,Intermediate,3-5_times,Strength_Training,Energy_Drink,Sugar_Free,5,4,Low_Carb,0.2,0,5,8.7
Male,Under_25,170-180,77,14,Intermediate,3-5_times,HIIT,Whey_Protein,Concentrate,5,7,High_Protein,2.2,-1.2,6.4,10
Female,25-35,170-180,66,23,Beginner,3-5_times,Endurance,Whey_Protein,Concentrate,5,2,Regular,1.4,-0.9,3.8,9.3
Male,25-35,170-180,76,17,Beginner,More_than_5,Flexibility,Pre_Workout,Caffeine_Free,8,3,Low_Carb,-0.2,0,5.6,10
Male,25-35,160-170,69,16,Beginner,3-5_times,Strength_Training,Creatine,Monohydrate,5,3,Regular,3.1,0.1,8.7,10
Male,Under_25,160-170,51,15,Beginner,3-5_times,HIIT,Creatine,Monohydrate,8,2,Low_Carb,1.5,-0.2,8.5,10
Female,Under_25,170-180,71,22,Intermediate,Less_than_3,Strength_Training,Whey_Protein,Isolate,8,4,Regular,2.6,-1.1,3.8,10
Male,Under_25,180-190,70,13,Intermediate,3-5_times,Strength_Training,Fish_Oil,Algae_DHA,4,4,Regular,0.4,-0.7,1.3,7.1
Female,Under_25,150-160,64,26,Beginner,Less_than_3,Strength_Training,Creatine,Monohydrate,7,3,Low_Carb,2.3,-0.1,6.5,10
Male,25-35,170-180,74,24,Beginner,3-5_times,Strength_Training,Creatine,HCL,8,7,High_Protein,4.4,0,7.6,10
Male,Under_25,150-160,53,17,Intermediate,More_than_5,HIIT,Whey_Protein,Concentrate,5,4,Low_Carb,1.2,-1.3,8.6,10
Male,25-35,150-160,50,23,Intermediate,3-5_times,Endurance,Fish_Oil,Deep_Sea,6,1,Regular,-0.5,-1.3,3.6,9.5
Male,25-35,160-170,58,20,Beginner,3-5_times,Strength_Training,Creatine,HCL,8,4,Regular,4.7,0,8.9,10
Female,Over_35,170-180,83,27,Advanced,More_than_5,Strength_Training,Multivitamin,Standard,5,3,High_Protein,0.4,0.1,7.4,9.4
Female,25-35,170-180,77,25,Beginner,Less_than_3,HIIT,Creatine,HCL,4,5,Regular,1.4,-0.2,3.1,9.3
Male,25-35,170-180,76,15,Intermediate,3-5_times,Endurance,Whey_Protein,Hydrolyzed,3,4,High_Protein,0.9,-1.3,6.1,9.6
Male,25-35,180-190,86,20,Beginner,3-5_times,Strength_Training,Creatine,Monohydrate,8,4,High_Protein,6.1,0.1,8.4,10
Male,Under_25,170-180,71,18,Beginner,More_than_5,Strength_Training,Creatine,HCL,8,4,Low_Carb,4.1,-0.1,12.1,10
Male,Under_25,170-180,78,18,Advanced,3-5_times,HIIT,Whey_Protein,Concentrate,7,1,Regular,2.2,-2.4,8,10
Female,Over_35,160-170,69,33,Intermediate,More_than_5,Endurance,BCAA,Whey_Based,5,5,Low_Carb,-0.1,-0.3,6.5,8.5
Male,25-35,180-190,82,24,Intermediate,3-5_times,HIIT,L_Carnitine,Liquid,6,4,Regular,-0.4,-4.2,7.3,10
Male,25-35,170-180,82,17,Intermediate,Less_than_3,Strength_Training,Multivitamin,Standard,3,4,Regular,0.2,-0.2,2.1,6.3
Female,Under_25,180-190,82,21,Beginner,Less_than_3,Strength_Training,Whey_Protein,Hydrolyzed,7,7,Low_Carb,2.4,-0.6,3.8,10
Male,25-35,160-170,71,18,Beginner,3-5_times,HIIT,Whey_Protein,Hydrolyzed,8,3,Low_Carb,0.2,-1,2.1,8.3
Male,25-35,160-170,66,20,Beginner,3-5_times,Strength_Training,Whey_Protein,Concentrate,5,7,Regular,3.3,-1.1,4.5,10
Male,Under_25,170-180,64,16,Intermediate,3-5_times,HIIT,Multivitamin,Standard,3,5,High_Protein,-0.5,-0.3,4.7,7.5
Female,25-35,170-180,68,24,Beginner,Less_than_3,HIIT,Whey_Protein,Concentrate,6,7,Regular,0.8,-1.1,2.8,8.7
Male,Under_25,180-190,90,22,Intermediate,3-5_times,Strength_Training,Whey_Protein,Isolate,4,3,High_Protein,6.3,-1.6,8.6,10
Female,25-35,180-190,70,31,Beginner,3-5_times,Endurance,Whey_Protein,Concentrate,3,6,Regular,1.2,-0.8,2.8,8.8
Female,25-35,160-170,50,27,Intermediate,Less_than_3,Strength_Training,BCAA,Whey_Based,5,5,High_Protein,0.9,-0.2,2.7,7.4
Male,25-35,170-180,65,15,Intermediate,3-5_times,Strength_Training,Whey_Protein,Concentrate,5,5,Low_Carb,4.3,-1,8.1,10
Male,Over_35,160-170,66,29,Intermediate,3-5_times,Strength_Training,Creatine,Monohydrate,7,4,High_Protein,6.1,0,14.8,10
Male,25-35,160-170,59,24,Intermediate,More_than_5,Strength_Training,L_Carnitine,Liquid,4,2,Low_Carb,0.4,-2,3.1,8.3
Female,25-35,160-170,65,24,Intermediate,3-5_times,HIIT,Whey_Protein,Hydrolyzed,6,4,High_Protein,1.9,-1.6,6.5,10
Male,Under_25,170-180,68,16,Advanced,More_than_5,Endurance,Fish_Oil,Deep_Sea,7,7,Regular,-0.2,-2.5,7,10
Male,Under_25,Above_190,91,24,Beginner,3-5_times,HIIT,Creatine,Monohydrate,5,4,Low_Carb,1,-0.2,7,10
Female,Over_35,180-190,88,27,Advanced,More_than_5,Strength_Training,Fish_Oil,Deep_Sea,4,5,Regular,0.2,-1.4,1.6,6.8
Male,Under_25,180-190,82,14,Intermediate,Less_than_3,Endurance,Pre_Workout,Regular,4,5,High_Protein,-0.1,-0.2,8.5,10
Female,Under_25,170-180,79,18,Advanced,3-5_times,HIIT,Multivitamin,Standard,8,7,Regular,-0.2,-0.4,4.8,8.5
Male,Under_25,150-160,51,16,Beginner,3-5_times,Endurance,BCAA,Whey_Based,7,6,Regular,-0.5,-0.4,3.3,9.1
Male,Under_25,180-190,76,13,Intermediate,3-5_times,Flexibility,Pre_Workout,Regular,5,6,Regular,0.4,0.1,5.3,10
Female,Over_35,170-180,67,30,Advanced,More_than_5,Flexibility,Pre_Workout,Caffeine_Free,6,2,Regular,0.3,0.1,10.7,10
Male,Under_25,170-180,77,17,Advanced,3-5_times,Strength_Training,Creatine,Monohydrate,8,3,High_Protein,10.6,-0.1,12.3,10
Female,Over_35,150-160,56,33,Beginner,More_than_5,Flexibility,BCAA,Whey_Based,8,5,Regular,0.2,-0.2,2.4,7.6
Male,Under_25,160-170,66,16,Intermediate,3-5_times,Strength_Training,BCAA,Whey_Based,3,7,Regular,0.4,-0.2,5.8,8.3
Female,Under_25,150-160,56,23,Intermediate,Less_than_3,HIIT,BCAA,Whey_Based,6,2,Regular,-0.4,-0.2,5,8.9
Female,25-35,170-180,67,24,Intermediate,More_than_5,Endurance,Whey_Protein,Isolate,3,7,High_Protein,1.5,-1.3,7.5,10
Male,Under_25,150-160,55,18,Beginner,More_than_5,HIIT,Whey_Protein,Concentrate,6,6,Regular,1.4,-2,5,9.5
Male,Over_35,180-190,80,25,Beginner,3-5_times,Flexibility,Whey_Protein,Isolate,3,1,Regular,1.3,-0.7,2.7,9.2
Male,Over_35,160-170,60,24,Intermediate,3-5_times,Strength_Training,Whey_Protein,Isolate,4,7,Regular,3.8,-1.8,4.9,10
Male,Under_25,170-180,66,21,Intermediate,3-5_times,HIIT,Creatine,Monohydrate,3,5,High_Protein,2,-0.3,11.7,10
Male,Over_35,160-170,50,22,Beginner,3-5_times,Strength_Training,Whey_Protein,Isolate,3,7,High_Protein,2.8,-0.8,4.7,10
Female,25-35,170-180,60,21,Intermediate,3-5_times,Flexibility,Whey_Protein,Concentrate,8,7,High_Protein,2.6,-0.6,3.6,9.2
Male,Under_25,180-190,86,20,Intermediate,3-5_times,Strength_Training,Energy_Drink,Sugar_Free,5,2,Low_Carb,0.2,-0.1,5.2,9.2
Male,Under_25,180-190,81,22,Advanced,More_than_5,Endurance,Pre_Workout,Regular,8,7,Low_Carb,-0.1,0,16.4,10
Male,Under_25,Above_190,88,21,Advanced,3-5_times,Flexibility,L_Carnitine,Capsule,5,6,Regular,0.1,-3.9,4.2,9.3
Male,25-35,170-180,69,17,Beginner,3-5_times,Strength_Training,BCAA,Whey_Based,8,4,Regular,0.5,-0.4,3.5,8.3
Male,25-35,180-190,86,23,Intermediate,3-5_times,Strength_Training,Creatine,Monohydrate,5,6,Regular,6.6,0,12.6,10
Male,Under_25,170-180,76,17,Intermediate,More_than_5,Endurance,Creatine,Monohydrate,3,6,Low_Carb,3.1,-0.1,11,10
Female,Under_25,Above_190,86,28,Intermediate,3-5_times,Strength_Training,Fish_Oil,Deep_Sea,4,6,Regular,0.4,-1,0.7,7.5
Male,Under_25,180-190,86,20,Beginner,3-5_times,Strength_Training,Creatine,Monohydrate,5,5,Regular,4.7,0.1,7.7,10
Female,25-35,170-180,66,31,Beginner,Less_than_3,HIIT,Whey_Protein,Concentrate,4,7,Regular,0.9,-0.9,2.1,9.1
Female,25-35,170-180,69,23,Beginner,3-5_times,Strength_Training,Fish_Oil,Deep_Sea,8,6,High_Protein,0.1,-0.4,1.1,8
Female,Under_25,170-180,78,29,Intermediate,3-5_times,HIIT,Whey_Protein,Isolate,6,2,Regular,1.4,-1.8,5,10
Male,Under_25,170-180,84,16,Intermediate,3-5_times,HIIT,Multivitamin,Standard,7,1,Regular,-0.3,-0.2,4.2,7.3
Female,Under_25,170-180,68,25,Advanced,3-5_times,Endurance,L_Carnitine,Capsule,4,1,Vegan,-0.1,-5.7,7.4,10
Female,Under_25,170-180,79,28,Intermediate,Less_than_3,HIIT,BCAA,Whey_Based,5,6,Low_Carb,-0.1,-0.2,3.3,9
Male,Under_25,180-190,77,12,Advanced,3-5_times,Strength_Training,Whey_Protein,Isolate,4,2,High_Protein,8.2,-1.4,9,10
Male,Under_25,170-180,69,13,Beginner,3-5_times,HIIT,BCAA,Whey_Based,5,3,High_Protein,-0.1,-0.4,4.8,8.4
Female,25-35,160-170,50,25,Beginner,3-5_times,Flexibility,Creatine,Monohydrate,5,6,Low_Carb,1.1,0.1,4,10
Male,Under_25,150-160,63,12,Beginner,3-5_times,Endurance,Whey_Protein,Hydrolyzed,8,6,Regular,1.1,-0.4,3.5,9.6
Female,25-35,160-170,68,31,Beginner,Less_than_3,Strength_Training,Multivitamin,Standard,8,3,High_Protein,0.3,0,1.8,6
Female,Over_35,180-190,82,28,Intermediate,3-5_times,Endurance,BCAA,Whey_Based,6,2,Vegan,0,-0.6,4.6,8.9
Male,Under_25,160-170,73,14,Advanced,More_than_5,Strength_Training,Creatine,HCL,3,7,Regular,9,0.2,18.3,10
Male,Under_25,170-180,79,17,Beginner,3-5_times,HIIT,Creatine,Monohydrate,3,6,Regular,1,-0.1,7.2,10
Female,25-35,160-170,52,26,Beginner,3-5_times,Endurance,Creatine,HCL,7,5,Low_Carb,0.9,-0.2,5.1,9.9
Male,Over_35,160-170,64,29,Beginner,Less_than_3,Strength_Training,Creatine,Monohydrate,4,3,Regular,2.1,-0.1,6.2,10
Male,25-35,170-180,71,25,Intermediate,Less_than_3,Endurance,Whey_Protein,Concentrate,4,2,Regular,1.2,-0.4,3.6,9
Male,Under_25,160-170,54,17,Intermediate,Less_than_3,HIIT,Energy_Drink,Sugar,7,1,Regular,-0.1,-0.3,3.5,8.7
Female,25-35,170-180,62,26,Intermediate,Less_than_3,Endurance,Whey_Protein,Hydrolyzed,5,6,Regular,1.1,-0.9,3.7,10
Female,Under_25,170-180,70,24,Beginner,3-5_times,Endurance,Fish_Oil,Deep_Sea,8,7,Regular,-0.5,-1.2,2.4,9
Male,Under_25,150-160,50,24,Intermediate,More_than_5,Flexibility,Energy_Drink,Sugar_Free,8,1,Regular,0.3,0,2.3,7.1
Female,25-35,160-170,66,28,Advanced,3-5_times,Strength_Training,Energy_Drink,Sugar_Free,4,6,Regular,0.1,-0.1,6.4,8.9
Male,25-35,160-170,58,24,Intermediate,More_than_5,Strength_Training,Whey_Protein,Isolate,4,3,High_Protein,5.5,-2.3,9.2,10
Female,25-35,160-170,56,31,Intermediate,3-5_times,Strength_Training,BCAA,Whey_Based,4,2,Regular,0.3,-0.4,5.5,9.7
Male,Under_25,150-160,54,16,Beginner,3-5_times,HIIT,Energy_Drink,Sugar_Free,5,4,High_Protein,-0.6,-0.1,3.7,8.9
Female,25-35,170-180,81,29,Beginner,3-5_times,Endurance,Whey_Protein,Hydrolyzed,7,2,High_Protein,1.6,-1,3.2,9.2
Male,Under_25,180-190,82,13,Beginner,3-5_times,Strength_Training,Creatine,Monohydrate,4,7,High_Protein,4.6,0,9,10
Female,Under_25,170-180,63,19,Advanced,More_than_5,Endurance,Whey_Protein,Isolate,4,4,Regular,2.4,-0.9,7.4,10
Male,25-35,170-180,63,21,Beginner,3-5_times,Strength_Training,BCAA,Vegan,8,2,High_Protein,0.7,-0.3,4.9,8.9
Male,25-35,180-190,76,25,Advanced,3-5_times,Strength_Training,Energy_Drink,Sugar_Free,3,5,Regular,0.1,0.1,5.9,8
Male,Under_25,180-190,85,17,Beginner,3-5_times,Strength_Training,Creatine,Monohydrate,3,3,Regular,3.6,-0.2,9.1,10
Male,Over_35,150-160,59,22,Intermediate,Less_than_3,Strength_Training,Energy_Drink,Sugar_Free,5,6,Vegan,0.2,0,2.8,7.2
Female,Under_25,180-190,89,23,Intermediate,More_than_5,Strength_Training,BCAA,Whey_Based,5,1,Regular,0.8,-0.6,6.1,8.9
Female,Over_35,160-170,64,32,Beginner,3-5_times,Strength_Training,Creatine,Monohydrate,6,2,Regular,4.1,0.2,7.8,10
Male,Over_35,Above_190,108,18,Beginner,3-5_times,HIIT,Whey_Protein,Isolate,4,5,Low_Carb,0.6,-1,3.7,10
Male,Under_25,170-180,73,13,Intermediate,Less_than_3,Flexibility,BCAA,Whey_Based,3,6,High_Protein,0.2,-0.1,2.2,6.7
Male,Under_25,Above_190,108,15,Intermediate,3-5_times,Strength_Training,Whey_Protein,Concentrate,5,7,Regular,4.8,-1.4,5.9,10
Male,Over_35,150-160,49,27,Intermediate,3-5_times,Strength_Training,Creatine,HCL,8,1,Regular,5.3,0,11.7,10
Male,Under_25,160-170,74,16,Beginner,More_than_5,Strength_Training,Multivitamin,Sport_Enhanced,8,4,Regular,0,0,2.5,6.4
Male,Under_25,180-190,72,18,Intermediate,Less_than_3,Strength_Training,Creatine,Monohydrate,8,3,Regular,4,-0.2,8.8,10
Female,Under_25,160-170,64,29,Beginner,Less_than_3,Strength_Training,Fish_Oil,Deep_Sea,8,5,Regular,0,-0.5,0.3,6.2
Female,Over_35,170-180,78,31,Beginner,3-5_times,Flexibility,Creatine,Monohydrate,5,6,High_Protein,1.7,-0.1,4.6,10
Female,25-35,170-180,63,24,Intermediate,Less_than_3,Strength_Training,Whey_Protein,Isolate,4,2,Regular,4.1,-1.4,4,10
Male,Over_35,160-170,55,28,Beginner,Less_than_3,Strength_Training,Energy_Drink,Sugar,8,2,High_Protein,0.2,0.1,2.6,7.9
Female,Under_25,170-180,70,27,Intermediate,Less_than_3,Strength_Training,Whey_Protein,Isolate,5,4,Low_Carb,1.7,-0.9,4.1,10
Male,Under_25,180-190,93,20,Intermediate,3-5_times,HIIT,Multivitamin,Standard,6,1,Regular,0,-0.1,3.8,8
Male,Under_25,170-180,72,19,Beginner,3-5_times,Endurance,Creatine,HCL,4,2,Regular,0.8,-0.2,6.1,10
Female,Under_25,160-170,62,19,Beginner,Less_than_3,Strength_Training,Energy_Drink,Sugar,8,4,Vegan,0.7,0.1,2.3,9
Male,25-35,160-170,52,18,Intermediate,3-5_times,HIIT,Creatine,Monohydrate,7,1,High_Protein,2.7,-0.2,10.1,10
Male,Under_25,180-190,90,16,Advanced,Less_than_3,Endurance,Creatine,Monohydrate,3,2,Regular,1,-0.1,7.3,10
Female,Under_25,Above_190,92,29,Intermediate,More_than_5,Strength_Training,Whey_Protein,Concentrate,4,5,High_Protein,8.4,-2.1,8,10
Female,Under_25,160-170,50,29,Intermediate,3-5_times,Strength_Training,Whey_Protein,Concentrate,5,7,High_Protein,5.1,-1.4,7.1,10
Male,25-35,150-160,50,16,Beginner,Less_than_3,Strength_Training,BCAA,Whey_Based,4,5,High_Protein,0.4,0.1,3.7,7.6
Male,Under_25,180-190,89,12,Beginner,3-5_times,HIIT,BCAA,Whey_Based,4,3,Regular,-0.2,-0.4,3.9,7.8
Male,Under_25,170-180,64,15,Beginner,More_than_5,Strength_Training,Creatine,HCL,6,4,High_Protein,5.6,0,12.3,10
Male,25-35,160-170,65,19,Intermediate,3-5_times,Flexibility,Whey_Protein,Isolate,3,4,High_Protein,1.9,-1.2,2.7,9.4
Male,Under_25,180-190,70,17,Intermediate,Less_than_3,Strength_Training,Pre_Workout,Regular,8,3,Regular,0,-0.1,8.6,10
Male,Under_25,170-180,62,16,Beginner,3-5_times,Strength_Training,Pre_Workout,Regular,4,1,Regular,0.3,0.1,8.9,10
Female,25-35,160-170,61,24,Intermediate,More_than_5,Strength_Training,Fish_Oil,Deep_Sea,4,3,Regular,0,-1.3,1.7,6.6
Female,25-35,160-170,58,29,Intermediate,Less_than_3,Endurance,Whey_Protein,Concentrate,5,5,Regular,0.7,-0.6,4.5,8.9
Male,25-35,150-160,58,16,Beginner,3-5_times,Strength_Training,Fish_Oil,Deep_Sea,3,4,High_Protein,0.3,-0.6,1,6.9
Male,25-35,150-160,49,19,Advanced,3-5_times,Endurance,Creatine,Monohydrate,6,4,Regular,3.7,-0.3,12.3,10
Male,Over_35,150-160,45,25,Beginner,3-5_times,HIIT,Multivitamin,Standard,4,5,Regular,-0.3,-0.2,2.2,6.4
Male,Under_25,160-170,54,21,Beginner,More_than_5,Endurance,L_Carnitine,Capsule,7,4,Vegan,0,-3.1,6.8,10
Female,Under_25,170-180,79,27,Intermediate,Less_than_3,HIIT,Whey_Protein,Concentrate,8,2,Regular,1.8,-1.5,4.8,10
Female,25-35,180-190,75,31,Intermediate,3-5_times,Strength_Training,L_Carnitine,Capsule,6,4,Regular,0.4,-2.7,2.5,9.8
Male,Under_25,Above_190,83,13,Beginner,More_than_5,HIIT,L_Carnitine,Liquid,8,7,High_Protein,-0.6,-4.2,7.5,10
Male,Under_25,180-190,80,20,Advanced,Less_than_3,Strength_Training,BCAA,Whey_Based,3,6,Regular,0.5,-0.6,3.3,7.8
Male,Under_25,170-180,66,23,Beginner,Less_than_3,Strength_Training,Creatine,Monohydrate,7,6,Regular,2.3,-0.1,5.3,10
Male,Under_25,170-180,62,19,Advanced,Less_than_3,HIIT,Pre_Workout,Regular,4,4,High_Protein,-0.1,-0.3,14.3,10
Male,Under_25,170-180,79,21,Intermediate,3-5_times,Strength_Training,Multivitamin,Standard,5,7,High_Protein,0.2,-0.2,4,7.3
Female,25-35,160-170,62,25,Intermediate,More_than_5,Strength_Training,Creatine,Monohydrate,5,3,Low_Carb,5.1,0.2,16.3,10
Male,Under_25,170-180,82,22,Intermediate,More_than_5,Flexibility,Whey_Protein,Isolate,7,6,Regular,2.5,-0.4,3.7,8.5
Male,25-35,180-190,88,19,Beginner,Less_than_3,Strength_Training,Creatine,HCL,6,2,High_Protein,3.6,0,7.8,10
Male,Under_25,170-180,71,23,Beginner,3-5_times,Strength_Training,Pre_Workout,Regular,7,5,Low_Carb,0.1,-0.1,8,10
Male,25-35,180-190,85,17,Intermediate,3-5_times,Endurance,Energy_Drink,Sugar_Free,4,4,Regular,-0.4,-0.4,2.9,8.1
Male,Under_25,170-180,65,14,Intermediate,3-5_times,Strength_Training,Creatine,HCL,6,7,High_Protein,6.7,0,14.9,10
Male,Under_25,180-190,89,18,Beginner,Less_than_3,Endurance,Whey_Protein,Isolate,7,3,Low_Carb,-0.4,-0.3,2.5,8.7
Male,Under_25,150-160,51,14,Beginner,3-5_times,HIIT,Whey_Protein,Concentrate,8,6,Low_Carb,1.1,-1.2,2.2,9.2
Female,Under_25,150-160,64,25,Intermediate,3-5_times,Strength_Training,Creatine,Monohydrate,4,5,Regular,6,-0.1,12.9,10
Male,Under_25,170-180,63,12,Beginner,More_than_5,Strength_Training,Fish_Oil,Deep_Sea,5,5,Regular,0.4,-1,0.9,8.2
Male,Over_35,180-190,78,27,Beginner,Less_than_3,Flexibility,Creatine,Monohydrate,5,7,High_Protein,2.1,-0.1,3.1,9.3
Female,Over_35,160-170,71,22,Intermediate,More_than_5,Flexibility,Whey_Protein,Hydrolyzed,8,5,Regular,3,-1.2,2.4,9.1
Male,25-35,170-180,68,17,Advanced,3-5_times,Strength_Training,Whey_Protein,Concentrate,4,4,High_Protein,5.9,-1.6,9.6,10
Male,Under_25,160-170,53,23,Beginner,3-5_times,HIIT,BCAA,Vegan,6,3,High_Protein,-0.5,-0.3,4.6,8.8
Male,Under_25,Above_190,103,23,Intermediate,Less_than_3,HIIT,L_Carnitine,Capsule,7,6,Regular,-0.9,-3.4,4.3,10
Male,25-35,150-160,53,19,Beginner,Less_than_3,HIIT,Whey_Protein,Concentrate,6,4,Low_Carb,0.4,-0.5,1.3,9.4
Male,Under_25,170-180,67,19,Beginner,More_than_5,Strength_Training,BCAA,Whey_Based,4,1,High_Protein,0.9,-0.3,5.7,9.7
Male,Under_25,Above_190,106,15,Beginner,Less_than_3,Endurance,Pre_Workout,Caffeine_Free,7,1,Regular,-0.3,-0.2,5.7,10
Female,25-35,150-160,47,26,Intermediate,Less_than_3,Strength_Training,Whey_Protein,Concentrate,7,6,Regular,3.2,-1.4,4.5,10
Male,Under_25,180-190,70,16,Intermediate,3-5_times,Endurance,BCAA,Whey_Based,5,5,Low_Carb,-0.3,-0.5,5.3,8.1
Male,Under_25,150-160,46,21,Beginner,3-5_times,Endurance,Creatine,Monohydrate,5,6,Low_Carb,1.5,-0.2,5.6,10
Male,Under_25,180-190,93,13,Intermediate,3-5_times,HIIT,Creatine,HCL,8,4,High_Protein,2.5,-0.2,7.7,10
Female,Under_25,180-190,73,18,Beginner,Less_than_3,Strength_Training,Pre_Workout,Regular,5,2,Regular,0.5,0.1,6.2,10
Female,Over_35,Above_190,96,30,Intermediate,3-5_times,Endurance,Whey_Protein,Concentrate,6,3,Vegan,1.5,-1.3,5.2,10
Female,Over_35,170-180,81,31,Intermediate,Less_than_3,Strength_Training,Creatine,Monohydrate,4,3,Low_Carb,3.4,0,7.6,10
Male,Under_25,180-190,78,13,Beginner,Less_than_3,Strength_Training,Energy_Drink,Sugar_Free,6,2,High_Protein,0.4,-0.1,3.2,9
Male,25-35,180-190,87,19,Intermediate,3-5_times,Endurance,L_Carnitine,Liquid,4,5,High_Protein,-0.3,-3.9,7.6,10
Female,25-35,Above_190,94,23,Intermediate,More_than_5,Flexibility,BCAA,Whey_Based,6,5,High_Protein,0.4,-0.3,3.2,7.2
Male,Under_25,170-180,61,21,Intermediate,Less_than_3,Endurance,Whey_Protein,Isolate,4,5,High_Protein,1.4,-0.8,3.5,9.7
Male,Under_25,170-180,66,19,Intermediate,3-5_times,HIIT,Creatine,Monohydrate,3,6,High_Protein,0.9,-0.2,10.2,10
Female,Over_35,170-180,80,31,Beginner,Less_than_3,Strength_Training,Whey_Protein,Concentrate,8,1,Regular,2.9,-0.8,3.1,9.6
Female,Under_25,170-180,68,21,Intermediate,3-5_times,HIIT,Creatine,HCL,8,6,Regular,2.6,-0.1,8.8,10
Male,25-35,170-180,64,26,Beginner,3-5_times,Endurance,Whey_Protein,Concentrate,6,1,Low_Carb,1.1,-0.4,3.6,8.9
Male,Under_25,170-180,81,12,Intermediate,3-5_times,Strength_Training,Energy_Drink,Sugar,7,5,High_Protein,0.4,0.1,6.5,9.7
Female,Over_35,170-180,69,29,Beginner,More_than_5,Flexibility,Whey_Protein,Concentrate,8,7,Low_Carb,1.9,-0.4,2,8.3
Male,Over_35,170-180,67,29,Intermediate,3-5_times,Endurance,Fish_Oil,Deep_Sea,3,2,High_Protein,-0.3,-1.8,4.5,8.8
Male,25-35,180-190,70,17,Intermediate,More_than_5,Endurance,Creatine,Monohydrate,7,3,Low_Carb,2.7,-0.2,11,10
Male,25-35,170-180,80,19,Intermediate,Less_than_3,HIIT,Multivitamin,Standard,6,1,Low_Carb,0.1,-0.2,3.2,6.6
Male,Under_25,160-170,50,17,Intermediate,Less_than_3,HIIT,Whey_Protein,Isolate,5,6,Low_Carb,0.6,-0.9,4.1,10
Male,Under_25,170-180,83,19,Beginner,3-5_times,HIIT,Whey_Protein,Concentrate,7,5,Regular,0.1,-1.1,4.8,9.4
Male,Under_25,170-180,75,24,Beginner,3-5_times,Strength_Training,L_Carnitine,Capsule,5,5,Regular,0.3,-1.1,2.3,9.6
Female,Under_25,150-160,46,22,Beginner,Less_than_3,Strength_Training,Creatine,Monohydrate,5,1,High_Protein,3.7,-0.2,6.6,10
Male,Under_25,170-180,81,17,Beginner,3-5_times,Strength_Training,Whey_Protein,Concentrate,3,3,High_Protein,4.7,-0.9,4.5,10
Male,25-35,170-180,68,23,Intermediate,Less_than_3,Endurance,Fish_Oil,Deep_Sea,4,4,High_Protein,-0.4,-1.3,2.8,8.4
Female,Over_35,170-180,82,27,Beginner,More_than_5,Strength_Training,BCAA,Vegan,4,2,Regular,1,-0.3,4.2,8.9
Female,25-35,170-180,61,24,Beginner,3-5_times,HIIT,BCAA,Whey_Based,3,3,Regular,-0.3,-0.3,4.9,8.8
Female,Over_35,170-180,80,34,Beginner,3-5_times,Strength_Training,Pre_Workout,Regular,5,2,Vegan,0.3,0.2,8.7,10
Female,25-35,Above_190,80,22,Intermediate,3-5_times,HIIT,Fish_Oil,Deep_Sea,6,7,Regular,-0.2,-1.3,2.2,7.7
Female,Under_25,170-180,62,22,Beginner,Less_than_3,Endurance,Creatine,Monohydrate,8,4,Regular,0.4,-0.2,2.3,10
Male,25-35,170-180,68,17,Intermediate,Less_than_3,HIIT,Creatine,Monohydrate,4,5,Regular,1.9,-0.2,6.9,10
Male,Under_25,160-170,57,15,Advanced,3-5_times,Strength_Training,Whey_Protein,Concentrate,6,4,High_Protein,6.5,-2.2,8.9,10
Male,Under_25,160-170,56,18,Intermediate,Less_than_3,Strength_Training,BCAA,Whey_Based,7,4,Regular,0.5,-0.3,3.1,7.8
Male,Under_25,180-190,93,13,Intermediate,More_than_5,Strength_Training,Pre_Workout,Regular,5,5,Regular,0.4,0,17.1,10
Female,Over_35,170-180,82,26,Intermediate,Less_than_3,Strength_Training,Whey_Protein,Hydrolyzed,7,5,High_Protein,3.7,-0.8,6.1,10
Male,25-35,160-170,72,20,Beginner,3-5_times,Strength_Training,Whey_Protein,Concentrate,3,6,Regular,3.5,-0.8,4.3,10
Male,25-35,150-160,63,23,Beginner,More_than_5,Endurance,Creatine,Monohydrate,8,3,Regular,2.2,-0.4,6.8,10
Male,Under_25,180-190,91,19,Intermediate,More_than_5,HIIT,Whey_Protein,Hydrolyzed,8,6,Low_Carb,1.2,-1.4,6.6,10
Male,Under_25,180-190,83,13,Intermediate,3-5_times,Flexibility,Whey_Protein,Isolate,5,5,High_Protein,1.8,-0.8,3.5,9.6
Male,Over_35,160-170,73,28,Beginner,Less_than_3,Strength_Training,Multivitamin,Standard,6,4,Low_Carb,0.2,0,1.9,7.3
Male,Under_25,170-180,80,12,Intermediate,3-5_times,Strength_Training,Whey_Protein,Hydrolyzed,7,3,High_Protein,5.5,-1.4,6.7,10
Male,Over_35,170-180,69,23,Intermediate,Less_than_3,Endurance,Whey_Protein,Isolate,6,1,Regular,0.7,-1,4,9.6
Female,Under_25,170-180,79,25,Intermediate,3-5_times,HIIT,Creatine,Monohydrate,7,6,Regular,2.2,-0.1,6.2,10
Male,25-35,160-170,73,16,Beginner,3-5_times,HIIT,Creatine,Monohydrate,3,6,High_Protein,1.2,-0.4,9.4,10
Female,25-35,170-180,78,31,Beginner,3-5_times,Endurance,BCAA,Whey_Based,6,6,Regular,-0.2,-0.3,3.4,7.7
Male,25-35,170-180,83,16,Intermediate,3-5_times,Endurance,Energy_Drink,Sugar,7,3,Low_Carb,-0.2,0,2.5,8.5
Male,Under_25,160-170,52,20,Intermediate,Less_than_3,Endurance,Energy_Drink,Sugar_Free,3,5,High_Protein,-0.4,-0.3,2.3,7.2
Male,25-35,160-170,73,27,Beginner,3-5_times,Strength_Training,Creatine,Monohydrate,6,2,Regular,3.6,0,8.1,10
Male,25-35,170-180,82,26,Advanced,More_than_5,Strength_Training,Multivitamin,Standard,6,4,Regular,0.3,-0.1,5.4,7.5
Female,25-35,170-180,80,31,Intermediate,More_than_5,Strength_Training,BCAA,Vegan,3,3,High_Protein,1.3,-0.4,8.8,9.5
Male,Over_35,170-180,68,22,Intermediate,3-5_times,HIIT,Whey_Protein,Isolate,4,7,High_Protein,2.1,-2,7.1,10
Male,Under_25,180-190,94,17,Intermediate,3-5_times,Endurance,Creatine,Monohydrate,5,5,High_Protein,3.3,-0.1,10.7,10
Female,25-35,150-160,46,26,Intermediate,3-5_times,HIIT,Whey_Protein,Concentrate,7,4,Regular,1.9,-1.6,4.4,10
Female,Over_35,180-190,88,29,Beginner,More_than_5,Strength_Training,BCAA,Whey_Based,8,4,Regular,1,-0.3,5.2,9.4
Male,Under_25,Above_190,94,13,Beginner,3-5_times,Endurance,Fish_Oil,Deep_Sea,3,7,High_Protein,-0.2,-1.2,3.3,9.4
Female,25-35,160-170,73,26,Intermediate,More_than_5,Strength_Training,Creatine,HCL,7,4,Regular,7.2,0.2,9.9,10
Male,Under_25,180-190,79,18,Beginner,3-5_times,Endurance,BCAA,Whey_Based,6,3,Regular,-0.1,-0.4,3.1,8.9
Male,Under_25,160-170,74,14,Advanced,3-5_times,HIIT,Multivitamin,Sport_Enhanced,3,5,Regular,-0.3,-0.2,3.7,7.4
Female,Under_25,180-190,90,27,Beginner,More_than_5,HIIT,Whey_Protein,Isolate,6,4,Regular,1.5,-2,4.2,9.9
Female,Under_25,160-170,50,20,Advanced,More_than_5,Flexibility,Whey_Protein,Isolate,4,2,High_Protein,2.7,-1.6,5.4,9.7
Male,25-35,170-180,69,18,Beginner,Less_than_3,HIIT,Creatine,Monohydrate,3,3,Low_Carb,0.3,-0.1,4.5,10
Male,Under_25,170-180,69,19,Beginner,Less_than_3,Strength_Training,Creatine,HCL,7,4,High_Protein,3.7,0,7.2,10
Male,25-35,170-180,68,19,Beginner,3-5_times,Strength_Training,Creatine,HCL,3,2,High_Protein,3.6,-0.1,9,10
Male,25-35,170-180,75,26,Intermediate,3-5_times,Strength_Training,Pre_Workout,Caffeine_Free,7,2,Regular,-0.1,0,10.3,10
Female,25-35,160-170,57,28,Intermediate,3-5_times,Strength_Training,Whey_Protein,Isolate,7,7,Regular,4.1,-1.5,6.6,10
Male,25-35,Above_190,83,18,Beginner,Less_than_3,Endurance,Energy_Drink,Sugar_Free,4,6,High_Protein,0,0,0.8,7.5
Male,Under_25,170-180,67,24,Beginner,More_than_5,Flexibility,BCAA,Whey_Based,7,7,Regular,0.3,0,2,6.9
Male,Under_25,170-180,65,12,Advanced,3-5_times,Endurance,Pre_Workout,Caffeine_Free,4,4,Vegan,-0.2,-0.2,12.3,10
Female,25-35,170-180,77,26,Advanced,3-5_times,HIIT,Creatine,Monohydrate,7,3,High_Protein,3.2,-0.4,15.6,10
Male,Under_25,160-170,57,13,Beginner,More_than_5,Strength_Training,Whey_Protein,Concentrate,3,3,Regular,3.4,-1.3,5.6,10
Female,25-35,170-180,81,23,Intermediate,More_than_5,HIIT,Pre_Workout,Caffeine_Free,3,3,High_Protein,-0.3,-0.2,18.7,10
Female,25-35,170-180,79,22,Intermediate,3-5_times,HIIT,Energy_Drink,Sugar_Free,7,3,High_Protein,-0.1,0,6.5,9.5
Male,25-35,180-190,80,15,Intermediate,3-5_times,Flexibility,Creatine,Monohydrate,6,6,Vegan,3,0.1,5.1,9.3
Male,25-35,170-180,70,26,Intermediate,3-5_times,Strength_Training,Whey_Protein,Isolate,7,6,Vegan,4.1,-2.3,7,10
Male,25-35,160-170,54,19,Intermediate,3-5_times,Strength_Training,Creatine,Monohydrate,6,3,Vegan,7,-0.1,12,10
Male,Under_25,170-180,81,12,Advanced,3-5_times,Endurance,BCAA,Vegan,7,1,Low_Carb,-0.4,-0.1,5.7,9
Female,25-35,170-180,76,30,Intermediate,3-5_times,HIIT,Creatine,HCL,8,3,High_Protein,3,-0.1,9.2,10
Male,25-35,180-190,90,27,Beginner,3-5_times,Endurance,BCAA,Vegan,5,1,Regular,0,-0.4,3.6,7.6
Male,Under_25,150-160,48,13,Intermediate,More_than_5,Strength_Training,Whey_Protein,Concentrate,5,7,High_Protein,7.1,-2.5,7.8,10
Male,25-35,150-160,48,16,Intermediate,3-5_times,Strength_Training,Fish_Oil,Algae_DHA,3,3,High_Protein,0.3,-0.7,0.9,7.2
Female,25-35,180-190,90,28,Beginner,3-5_times,Strength_Training,Creatine,Monohydrate,4,6,Regular,3.4,0.1,10.4,10
Male,25-35,170-180,64,25,Beginner,3-5_times,Endurance,Pre_Workout,Regular,6,3,High_Protein,-0.5,-0.3,8.4,10
Female,Under_25,180-190,93,24,Intermediate,More_than_5,HIIT,Creatine,Monohydrate,5,1,Regular,2.2,-0.2,12.2,10
Male,Under_25,170-180,72,24,Beginner,3-5_times,HIIT,Whey_Protein,Isolate,4,7,Low_Carb,0.6,-1,4.9,10
Male,Over_35,Above_190,104,23,Intermediate,Less_than_3,Strength_Training,Whey_Protein,Concentrate,8,6,Regular,3.3,-1.6,3.1,10
Male,25-35,170-180,78,15,Intermediate,3-5_times,HIIT,Whey_Protein,Concentrate,8,2,Low_Carb,0.7,-1.3,6.2,9.6
Female,Over_35,160-170,71,25,Beginner,3-5_times,Strength_Training,Creatine,Monohydrate,5,4,High_Protein,5.4,0,9.1,10
Male,Over_35,160-170,66,26,Beginner,3-5_times,Endurance,L_Carnitine,Liquid,4,1,High_Protein,-0.4,-2.5,6.1,10
Male,Over_35,180-190,80,29,Intermediate,Less_than_3,HIIT,Creatine,Monohydrate,7,2,High_Protein,1.8,-0.2,7.1,10
Male,Under_25,170-180,84,19,Intermediate,3-5_times,Strength_Training,Creatine,HCL,7,2,Low_Carb,3.8,0,11.2,10
Male,Under_25,170-180,68,15,Beginner,Less_than_3,HIIT,BCAA,Whey_Based,4,5,Regular,-0.3,-0.5,2.3,7.6
Male,25-35,170-180,83,26,Advanced,3-5_times,HIIT,Whey_Protein,Hydrolyzed,6,6,Regular,2.7,-3,7.7,10
Male,25-35,180-190,85,17,Intermediate,Less_than_3,HIIT,Energy_Drink,Sugar_Free,3,3,Regular,-0.4,-0.3,4.8,8.1
Female,25-35,180-190,84,20,Intermediate,3-5_times,Flexibility,Pre_Workout,Regular,4,5,Regular,0,0,5.4,9.5
Male,25-35,170-180,64,27,Beginner,More_than_5,HIIT,Fish_Oil,Deep_Sea,3,7,Regular,-0.5,-1.4,2.5,8.2
Female,Under_25,170-180,66,23,Beginner,3-5_times,HIIT,Fish_Oil,Algae_DHA,5,2,High_Protein,-0.3,-1,2.3,7.7
Male,25-35,170-180,72,15,Intermediate,Less_than_3,Strength_Training,BCAA,Whey_Based,6,5,High_Protein,0.6,-0.1,3,7.3
Female,Under_25,170-180,68,19,Intermediate,3-5_times,HIIT,Whey_Protein,Isolate,8,6,Regular,1.2,-1.7,6.3,10
Male,25-35,170-180,76,16,Beginner,Less_than_3,Flexibility,BCAA,Whey_Based,5,6,High_Protein,0.4,-0.4,1.5,7.1
Female,Under_25,150-160,45,24,Intermediate,3-5_times,Endurance,L_Carnitine,Liquid,3,5,Regular,-0.7,-4.5,8.6,10
Female,Under_25,Above_190,81,28,Beginner,3-5_times,Strength_Training,Pre_Workout,Caffeine_Free,3,2,Regular,-0.2,0,8.5,10
Female,Over_35,160-170,66,28,Intermediate,3-5_times,HIIT,Multivitamin,Standard,7,3,Vegan,-0.4,-0.2,3.5,6.2
Male,Over_35,180-190,91,20,Beginner,3-5_times,HIIT,Creatine,Monohydrate,5,6,Regular,1.4,-0.2,6.9,10
Female,Under_25,170-180,62,20,Beginner,3-5_times,Strength_Training,Whey_Protein,Hydrolyzed,3,7,Regular,3.2,-1.2,4.7,10
Male,Under_25,180-190,87,19,Intermediate,Less_than_3,Strength_Training,BCAA,Whey_Based,7,5,Regular,0.2,-0.2,3.3,8.8
Male,25-35,160-170,67,15,Advanced,3-5_times,Flexibility,Pre_Workout,Caffeine_Free,4,5,High_Protein,0.3,0,7.3,10
Female,Under_25,170-180,65,25,Beginner,Less_than_3,Strength_Training,Whey_Protein,Isolate,3,3,Regular,2.6,-0.9,2.9,10
Female,Under_25,150-160,52,22,Intermediate,Less_than_3,HIIT,Pre_Workout,Regular,5,4,High_Protein,0,-0.3,10.8,10
Male,Under_25,170-180,83,13,Intermediate,3-5_times,Strength_Training,Creatine,HCL,5,2,Low_Carb,3.9,0,13.6,10
Female,25-35,180-190,74,26,Beginner,More_than_5,Endurance,BCAA,Whey_Based,4,4,Vegan,-0.5,-0.4,3.7,7.9
Female,25-35,170-180,68,30,Intermediate,3-5_times,Strength_Training,Multivitamin,Standard,6,7,High_Protein,0.5,0,3.8,7.3
Female,25-35,170-180,80,28,Beginner,3-5_times,Endurance,Energy_Drink,Sugar_Free,7,1,Regular,-0.5,-0.2,1.1,7.5
Male,25-35,170-180,73,21,Beginner,Less_than_3,Flexibility,Fish_Oil,Deep_Sea,6,3,Regular,0.1,-0.3,0.3,7.7
Male,Under_25,170-180,73,17,Beginner,Less_than_3,HIIT,Creatine,Monohydrate,4,1,Low_Carb,0.2,-0.2,5.3,10
Female,Under_25,170-180,71,28,Beginner,3-5_times,Strength_Training,Energy_Drink,Sugar_Free,4,4,Regular,-0.1,0,3.8,8.7
Male,Over_35,170-180,69,23,Intermediate,3-5_times,Strength_Training,Pre_Workout,Regular,4,4,Regular,0.3,0.1,10.9,10
Male,Under_25,170-180,78,22,Intermediate,3-5_times,HIIT,BCAA,Vegan,5,7,High_Protein,-0.3,-0.6,6.5,8.6
Male,Under_25,180-190,90,19,Intermediate,3-5_times,Endurance,BCAA,Whey_Based,3,5,Low_Carb,-0.3,-0.5,4.4,7.8
Male,Under_25,180-190,87,23,Beginner,More_than_5,HIIT,Whey_Protein,Concentrate,8,1,Low_Carb,1,-1.5,4.3,10
Male,Under_25,160-170,71,17,Advanced,More_than_5,Strength_Training,Creatine,HCL,8,7,Regular,10.7,0.1,21.3,10
Male,25-35,150-160,49,15,Beginner,More_than_5,Flexibility,BCAA,Whey_Based,7,5,Regular,0.6,-0.2,2,7.8
Male,25-35,170-180,72,27,Beginner,3-5_times,Strength_Training,Whey_Protein,Concentrate,5,5,Regular,3.3,-0.8,4.4,10
Male,25-35,160-170,68,17,Intermediate,Less_than_3,Strength_Training,Creatine,Monohydrate,4,5,Regular,4.4,0.1,9.8,10
Male,25-35,170-180,60,23,Intermediate,More_than_5,Strength_Training,BCAA,Vegan,6,6,High_Protein,0.7,-0.5,7.1,10
Female,Under_25,170-180,72,26,Advanced,3-5_times,Strength_Training,Creatine,Monohydrate,3,7,Regular,7.8,0.1,16.3,10
Male,Under_25,180-190,90,15,Intermediate,Less_than_3,HIIT,Creatine,Monohydrate,8,4,High_Protein,1.8,-0.2,8.6,10
Male,Under_25,170-180,80,22,Intermediate,3-5_times,Strength_Training,Whey_Protein,Hydrolyzed,8,5,Low_Carb,3.4,-1.1,7.3,10
Male,Over_35,170-180,82,18,Intermediate,More_than_5,Endurance,BCAA,Whey_Based,8,6,High_Protein,-0.1,-0.6,7.4,9.5
Male,Under_25,160-170,51,18,Beginner,Less_than_3,Strength_Training,BCAA,Whey_Based,8,6,High_Protein,0,-0.2,3,8.2
Male,25-35,160-170,62,21,Intermediate,More_than_5,Strength_Training,Creatine,Monohydrate,6,2,Regular,8.3,0.1,14.5,10
Male,25-35,150-160,46,19,Beginner,3-5_times,Strength_Training,Energy_Drink,Sugar,7,5,Low_Carb,0.3,0,4.1,7.5
Male,Under_25,180-190,84,12,Intermediate,3-5_times,Strength_Training,Multivitamin,Sport_Enhanced,4,1,Low_Carb,0.4,0,3.4,7.2
Female,25-35,170-180,73,21,Beginner,More_than_5,HIIT,Whey_Protein,Concentrate,8,6,Low_Carb,0.7,-1.3,6.1,10
Male,Under_25,170-180,67,14,Advanced,Less_than_3,HIIT,Creatine,Monohydrate,8,7,Regular,2.1,-0.3,9,10
Male,25-35,170-180,73,22,Intermediate,More_than_5,Flexibility,Whey_Protein,Hydrolyzed,6,2,Low_Carb,2.5,-0.9,3.2,9.9
Male,Under_25,160-170,64,17,Intermediate,3-5_times,Strength_Training,Whey_Protein,Concentrate,5,6,Regular,5.2,-1.8,7.5,10
Male,Under_25,160-170,57,19,Beginner,More_than_5,Endurance,Multivitamin,Standard,7,6,Regular,-0.2,-0.3,2.7,7.2
Female,25-35,180-190,77,26,Advanced,More_than_5,Strength_Training,BCAA,Whey_Based,4,1,Regular,1,-0.6,8.6,9.1
Female,Under_25,170-180,73,26,Intermediate,3-5_times,Strength_Training,Pre_Workout,Caffeine_Free,3,3,Low_Carb,-0.1,0,12.6,10
Female,25-35,Above_190,88,28,Beginner,3-5_times,HIIT,BCAA,Whey_Based,8,1,High_Protein,-0.1,-0.2,4.5,8.3
Female,Under_25,150-160,61,18,Beginner,3-5_times,Endurance,Whey_Protein,Isolate,8,5,Regular,1.7,-0.6,4.4,9.4
Male,Under_25,160-170,55,18,Intermediate,3-5_times,HIIT,Fish_Oil,Deep_Sea,4,7,Regular,-0.3,-1.7,3.3,7.9
Female,Under_25,180-190,93,26,Beginner,More_than_5,Strength_Training,Pre_Workout,Regular,8,4,Regular,0,0,11.4,10
Male,Over_35,170-180,84,29,Intermediate,Less_than_3,HIIT,Pre_Workout,Regular,4,3,Regular,-0.3,-0.1,8.9,10
Male,Under_25,180-190,89,15,Beginner,More_than_5,HIIT,BCAA,Whey_Based,8,3,High_Protein,-0.5,-0.7,6.6,8.4
Male,Under_25,170-180,68,16,Intermediate,3-5_times,Flexibility,Creatine,HCL,5,7,Regular,2.9,0.1,2,9.9
Male,Under_25,170-180,80,19,Intermediate,3-5_times,Endurance,Whey_Protein,Concentrate,4,6,High_Protein,0.9,-1,5.8,9.6
Male,25-35,160-170,60,21,Beginner,Less_than_3,Strength_Training,Whey_Protein,Concentrate,8,6,High_Protein,2.6,-0.6,4.4,9.8
Male,Under_25,180-190,73,18,Intermediate,3-5_times,Flexibility,Creatine,Monohydrate,4,7,Regular,3.4,-0.1,5.8,10
Female,25-35,160-170,73,28,Intermediate,3-5_times,HIIT,Creatine,Monohydrate,5,3,Regular,2,-0.3,9.2,10
Male,25-35,170-180,81,18,Intermediate,3-5_times,Endurance,Whey_Protein,Hydrolyzed,3,1,High_Protein,2,-1.1,6.9,10
Female,Over_35,170-180,81,28,Beginner,Less_than_3,Strength_Training,Whey_Protein,Concentrate,3,7,High_Protein,3.4,-0.7,3.4,10
Female,25-35,170-180,70,20,Beginner,Less_than_3,Endurance,Pre_Workout,Caffeine_Free,8,3,Regular,-0.3,-0.3,6,9.9
Male,25-35,160-170,68,22,Beginner,Less_than_3,Flexibility,Creatine,Monohydrate,8,1,High_Protein,1.3,0.2,3.2,8.9
Male,25-35,160-170,73,24,Beginner,Less_than_3,HIIT,Energy_Drink,Sugar_Free,8,1,High_Protein,0.2,-0.2,3.4,8
Male,25-35,180-190,73,27,Intermediate,3-5_times,Flexibility,Whey_Protein,Concentrate,8,6,High_Protein,1.6,-0.7,3.3,8.4
Male,25-35,170-180,65,26,Beginner,More_than_5,Endurance,Pre_Workout,Regular,7,4,High_Protein,-0.3,-0.2,10.8,10
Female,25-35,180-190,79,28,Advanced,3-5_times,Strength_Training,Whey_Protein,Concentrate,5,1,High_Protein,7.4,-2,10.1,10
Male,Over_35,170-180,83,29,Beginner,3-5_times,Strength_Training,Whey_Protein,Concentrate,8,7,Low_Carb,2.5,-0.9,4.4,10
Male,Under_25,170-180,80,14,Beginner,Less_than_3,Strength_Training,Whey_Protein,Concentrate,4,1,Low_Carb,1.9,-0.7,2.3,10
Female,Under_25,180-190,78,19,Beginner,3-5_times,HIIT,Energy_Drink,Sugar_Free,8,1,High_Protein,-0.6,-0.4,4.9,9.1
Male,Over_35,150-160,58,29,Intermediate,3-5_times,Strength_Training,Whey_Protein,Concentrate,7,4,Regular,3.8,-2,5.7,10
Male,Under_25,170-180,63,23,Intermediate,Less_than_3,HIIT,Whey_Protein,Concentrate,3,5,High_Protein,1,-1.7,4.5,9.8
Male,Under_25,160-170,59,16,Beginner,3-5_times,Flexibility,Creatine,Monohydrate,5,5,Vegan,2.6,0.1,-0.1,8.1
Male,25-35,160-170,70,25,Intermediate,3-5_times,HIIT,Pre_Workout,Regular,5,2,Regular,0,-0.2,10.4,10
Male,Under_25,180-190,70,16,Intermediate,3-5_times,HIIT,Whey_Protein,Isolate,4,7,Regular,1.7,-2.1,5.7,9.8
Female,Under_25,150-160,60,29,Beginner,3-5_times,Strength_Training,Whey_Protein,Concentrate,4,7,Low_Carb,3,-0.8,4.4,10
Male,Under_25,180-190,76,13,Beginner,More_than_5,Strength_Training,Creatine,HCL,4,2,Regular,4.2,0,11,10
Female,25-35,170-180,64,23,Intermediate,Less_than_3,Strength_Training,Whey_Protein,Isolate,4,1,Low_Carb,2.2,-0.9,4.6,10
Female,Under_25,Above_190,98,27,Intermediate,Less_than_3,HIIT,Creatine,HCL,8,3,High_Protein,1.2,-0.2,8.3,10
Female,25-35,170-180,75,30,Beginner,Less_than_3,Strength_Training,Whey_Protein,Isolate,5,5,Regular,1.7,-0.7,3.6,10
Male,Under_25,180-190,81,21,Beginner,More_than_5,Strength_Training,Creatine,HCL,8,4,Regular,5.8,0,11.6,10
Female,25-35,180-190,84,23,Intermediate,Less_than_3,Endurance,L_Carnitine,Capsule,5,7,Regular,-0.1,-2.6,5.7,10
Male,Over_35,170-180,84,24,Intermediate,3-5_times,Strength_Training,BCAA,Vegan,4,7,Regular,0.7,-0.3,4.1,8.4
Male,25-35,170-180,61,26,Intermediate,More_than_5,Endurance,Creatine,HCL,6,4,Low_Carb,3.3,-0.1,11.8,10
Male,25-35,170-180,71,15,Advanced,3-5_times,Strength_Training,Creatine,HCL,6,4,High_Protein,8,0,17.2,10
Female,Under_25,180-190,90,26,Intermediate,3-5_times,HIIT,Energy_Drink,Sugar_Free,4,4,Regular,-0.5,-0.3,5.2,9.4
Male,Over_35,160-170,51,21,Beginner,3-5_times,Endurance,BCAA,Whey_Based,4,7,High_Protein,-0.4,-0.6,4.2,9.2
Male,Under_25,170-180,72,21,Beginner,More_than_5,HIIT,Creatine,Monohydrate,3,3,Low_Carb,1.3,-0.2,8.4,10
Male,Over_35,180-190,82,18,Advanced,3-5_times,Strength_Training,Pre_Workout,Caffeine_Free,4,2,Low_Carb,0.1,0,16.1,10
Male,Over_35,170-180,61,18,Beginner,3-5_times,Strength_Training,Creatine,HCL,7,6,High_Protein,4.6,0.1,10,10
Male,25-35,160-170,58,24,Advanced,3-5_times,Endurance,L_Carnitine,Capsule,3,4,High_Protein,-0.2,-5.3,10.5,10
Male,Over_35,170-180,64,28,Beginner,More_than_5,Strength_Training,Creatine,Monohydrate,3,5,Regular,4.9,0,11.9,10
Male,Under_25,170-180,61,16,Intermediate,3-5_times,HIIT,Creatine,Monohydrate,6,3,Low_Carb,1.7,0,9.4,10
Male,25-35,Above_190,86,20,Intermediate,3-5_times,Strength_Training,BCAA,Whey_Based,6,5,Regular,0.6,-0.3,5.9,8.4
Male,25-35,170-180,60,23,Advanced,Less_than_3,Endurance,BCAA,Whey_Based,5,5,High_Protein,-0.2,-0.7,4.2,8.6
Female,Over_35,170-180,77,25,Beginner,Less_than_3,Endurance,Creatine,HCL,7,7,Regular,0.6,-0.2,3.4,8.9
Female,Under_25,170-180,65,23,Intermediate,3-5_times,HIIT,Creatine,Monohydrate,8,4,Regular,1.4,-0.2,10,10
Male,25-35,170-180,83,16,Intermediate,3-5_times,HIIT,Pre_Workout,Regular,4,6,Regular,-0.2,-0.2,11.7,10
Male,25-35,180-190,76,23,Advanced,More_than_5,HIIT,Creatine,HCL,5,6,High_Protein,3.8,-0.2,17.9,10
Female,Under_25,180-190,73,28,Beginner,3-5_times,HIIT,Whey_Protein,Hydrolyzed,6,1,Regular,1.2,-1,3.4,10
Female,25-35,180-190,90,21,Intermediate,More_than_5,Strength_Training,Whey_Protein,Concentrate,4,1,Low_Carb,3.7,-1.8,8.5,10
Female,25-35,180-190,78,26,Intermediate,3-5_times,HIIT,BCAA,Whey_Based,8,6,Regular,-0.8,-0.5,5.2,8.2
Male,Under_25,170-180,60,20,Intermediate,Less_than_3,Strength_Training,Whey_Protein,Hydrolyzed,8,2,Regular,2.7,-1.1,4.3,9.8
Male,Under_25,150-160,63,20,Intermediate,3-5_times,HIIT,Multivitamin,Standard,8,6,Vegan,-0.4,-0.3,3.5,6.4
Male,Under_25,170-180,62,17,Beginner,3-5_times,Endurance,Creatine,Monohydrate,5,5,Regular,2.2,-0.3,5.8,10
Male,Under_25,180-190,76,24,Beginner,3-5_times,Strength_Training,Energy_Drink,Sugar_Free,5,4,Low_Carb,0.1,0,3.3,9
Male,Under_25,160-170,59,21,Intermediate,Less_than_3,Endurance,Whey_Protein,Concentrate,6,6,Regular,0.9,-0.7,4.3,10
Female,Under_25,180-190,93,18,Beginner,Less_than_3,HIIT,Creatine,Monohydrate,3,6,Regular,0.7,-0.3,5.9,10
Male,Over_35,170-180,69,19,Intermediate,More_than_5,Strength_Training,Creatine,Monohydrate,7,1,Low_Carb,5,0,14,10
Male,Under_25,150-160,50,18,Beginner,3-5_times,Strength_Training,BCAA,Vegan,4,7,High_Protein,0.7,-0.2,3,8.2
Female,Under_25,160-170,70,26,Beginner,3-5_times,HIIT,L_Carnitine,Liquid,4,1,High_Protein,-0.4,-2.8,5.4,10
Male,Under_25,170-180,78,23,Beginner,3-5_times,Strength_Training,Pre_Workout,Regular,8,4,High_Protein,0.3,-0.1,8,10
Male,25-35,150-160,45,17,Advanced,3-5_times,HIIT,Pre_Workout,Regular,8,4,Vegan,-0.3,-0.1,17.7,10
Male,Under_25,170-180,64,22,Intermediate,3-5_times,Strength_Training,Energy_Drink,Sugar,7,5,High_Protein,0.1,-0.1,5.1,8.7
Male,Under_25,160-170,73,22,Beginner,3-5_times,Strength_Training,BCAA,Whey_Based,4,2,Low_Carb,0.2,-0.2,3.2,7.5
Male,Under_25,180-190,86,22,Intermediate,3-5_times,Strength_Training,Creatine,Monohydrate,4,6,High_Protein,8.4,-0.1,13.9,10
Male,Under_25,170-180,75,13,Intermediate,Less_than_3,HIIT,Whey_Protein,Concentrate,8,4,High_Protein,1.1,-1.2,4.8,9.7
Male,Under_25,170-180,78,22,Beginner,3-5_times,Flexibility,Pre_Workout,Regular,3,1,Low_Carb,0.4,0,1.4,8.4
Female,Over_35,160-170,71,24,Beginner,More_than_5,HIIT,BCAA,Whey_Based,6,3,Low_Carb,-0.3,-0.4,5.1,8.8
Female,Over_35,Above_190,94,31,Advanced,3-5_times,Flexibility,Whey_Protein,Isolate,6,5,Vegan,3.6,-0.9,2.7,9.1
Female,25-35,160-170,60,23,Beginner,3-5_times,Flexibility,Creatine,Monohydrate,8,1,High_Protein,2.1,0,3.7,9.7
Female,25-35,170-180,78,28,Intermediate,3-5_times,Endurance,Pre_Workout,Caffeine_Free,7,5,Regular,-0.4,-0.3,11.6,10
Female,Under_25,170-180,78,18,Intermediate,More_than_5,Strength_Training,Pre_Workout,Regular,3,1,Vegan,0.3,0,12.7,10
Female,25-35,170-180,65,28,Intermediate,More_than_5,Strength_Training,Energy_Drink,Sugar_Free,3,4,High_Protein,0.8,0,8.1,10
Female,25-35,180-190,86,31,Advanced,Less_than_3,Strength_Training,Whey_Protein,Concentrate,3,2,Vegan,3.5,-1.6,6.4,10
Male,25-35,170-180,82,22,Beginner,Less_than_3,HIIT,Whey_Protein,Concentrate,4,7,Low_Carb,0.4,-0.9,2.8,9.9
Female,Over_35,160-170,59,34,Intermediate,3-5_times,Endurance,Whey_Protein,Concentrate,3,1,Regular,2,-0.6,4.1,10
Male,25-35,170-180,78,19,Beginner,Less_than_3,HIIT,Creatine,Monohydrate,3,2,High_Protein,0.9,-0.2,5.8,10
Female,Under_25,160-170,63,21,Intermediate,3-5_times,Endurance,Whey_Protein,Concentrate,7,7,Regular,0.6,-0.8,6.5,9.9
Female,Under_25,160-170,68,25,Intermediate,Less_than_3,Strength_Training,Whey_Protein,Concentrate,7,6,Low_Carb,2.9,-0.8,4.7,10
Female,Under_25,170-180,75,24,Beginner,More_than_5,HIIT,BCAA,Whey_Based,5,1,Regular,-0.3,-0.5,5,9.1
Female,25-35,160-170,73,31,Beginner,3-5_times,Endurance,Whey_Protein,Isolate,8,2,Regular,0.9,-1.1,3.9,9.8
Male,Under_25,150-160,49,16,Intermediate,3-5_times,Endurance,Creatine,Monohydrate,6,3,High_Protein,2,-0.2,11,10
Female,Under_25,170-180,70,19,Intermediate,Less_than_3,Strength_Training,BCAA,Whey_Based,8,5,High_Protein,0.3,-0.2,3.4,7.2
Male,25-35,150-160,62,27,Beginner,More_than_5,Strength_Training,Whey_Protein,Concentrate,3,1,High_Protein,4.7,-0.8,6.9,10
Female,Under_25,150-160,51,27,Beginner,3-5_times,Strength_Training,Fish_Oil,Algae_DHA,3,4,High_Protein,0.2,-0.4,0.8,7.6
Male,Under_25,170-180,79,23,Advanced,Less_than_3,HIIT,Multivitamin,Standard,7,1,Regular,-0.5,-0.2,3.4,6.6
Male,Under_25,180-190,76,17,Beginner,3-5_times,HIIT,Creatine,Monohydrate,6,3,Regular,0.7,-0.2,5.9,10
Female,25-35,160-170,70,27,Intermediate,Less_than_3,Strength_Training,Whey_Protein,Concentrate,4,5,High_Protein,4.2,-1,4.6,10
Male,25-35,160-170,58,24,Beginner,3-5_times,Strength_Training,Whey_Protein,Hydrolyzed,7,6,Regular,3.5,-1.3,4.2,10
Female,Under_25,180-190,81,21,Intermediate,3-5_times,HIIT,Creatine,Monohydrate,8,7,Low_Carb,1.7,-0.2,11.8,10
Male,Under_25,170-180,73,12,Intermediate,Less_than_3,Strength_Training,Multivitamin,Standard,4,4,Regular,0.1,0.1,2.1,6
Male,Under_25,170-180,70,22,Beginner,3-5_times,HIIT,Creatine,HCL,7,4,High_Protein,1.7,-0.1,6.6,10
Male,Under_25,170-180,60,22,Beginner,Less_than_3,Endurance,BCAA,Vegan,6,7,Vegan,-0.4,-0.5,2.5,8.7
Male,Under_25,160-170,74,15,Intermediate,3-5_times,Flexibility,L_Carnitine,Capsule,5,3,High_Protein,0.1,-3,2.5,8.8
Male,25-35,170-180,73,24,Beginner,3-5_times,Endurance,Whey_Protein,Isolate,8,4,High_Protein,1.2,-0.7,4,10
Male,25-35,170-180,69,24,Beginner,Less_than_3,HIIT,Pre_Workout,Regular,6,1,Regular,-0.4,-0.2,6.5,9.6
Female,25-35,180-190,83,21,Intermediate,3-5_times,Strength_Training,Creatine,Monohydrate,6,1,Vegan,6.3,0.2,13.4,10
Male,25-35,160-170,60,23,Beginner,More_than_5,Strength_Training,Whey_Protein,Isolate,6,1,Regular,5.2,-1.1,5.8,10
Male,25-35,170-180,84,22,Beginner,3-5_times,Strength_Training,Energy_Drink,Sugar_Free,4,5,High_Protein,0.4,-0.1,4.6,9.3
Male,Under_25,150-160,55,21,Intermediate,3-5_times,HIIT,Pre_Workout,Caffeine_Free,7,2,Regular,-0.1,-0.2,10.7,10
Female,25-35,170-180,70,23,Intermediate,More_than_5,Flexibility,BCAA,Vegan,3,1,Regular,0.1,-0.4,2.6,7
Male,Over_35,150-160,60,25,Beginner,3-5_times,Strength_Training,Creatine,HCL,5,3,High_Protein,5.1,-0.1,9.7,10
Male,Under_25,170-180,77,18,Intermediate,Less_than_3,Strength_Training,Pre_Workout,Regular,7,1,High_Protein,0.5,0.1,9.9,10
Male,Under_25,180-190,81,17,Intermediate,Less_than_3,Flexibility,BCAA,Vegan,4,6,Regular,0.2,-0.2,1.4,7.9
Female,Under_25,180-190,92,23,Advanced,More_than_5,Flexibility,Creatine,Monohydrate,6,6,Regular,4.5,0.1,6.9,10
Female,Under_25,160-170,74,21,Beginner,3-5_times,Flexibility,Creatine,HCL,6,4,Low_Carb,1.7,-0.1,4.8,10
Male,Over_35,180-190,76,29,Beginner,3-5_times,Strength_Training,Multivitamin,Standard,5,1,Vegan,0,0,2.3,6.9
Male,25-35,160-170,55,16,Advanced,3-5_times,Endurance,Whey_Protein,Concentrate,5,6,High_Protein,3.1,-1,6.2,9.9
Male,Over_35,170-180,80,29,Advanced,3-5_times,Strength_Training,Creatine,HCL,8,5,High_Protein,10.6,-0.1,19.7,10
Female,25-35,Above_190,89,27,Intermediate,Less_than_3,Strength_Training,L_Carnitine,Capsule,4,5,High_Protein,-0.1,-1.2,3,9
Male,Under_25,180-190,91,16,Advanced,Less_than_3,HIIT,Energy_Drink,Sugar_Free,7,5,Regular,0.1,-0.3,4,8.2
Female,25-35,150-160,55,27,Intermediate,Less_than_3,Strength_Training,BCAA,Whey_Based,7,4,Regular,0.6,-0.3,3,7.8
Male,25-35,170-180,73,24,Advanced,More_than_5,Endurance,Whey_Protein,Concentrate,4,5,Regular,4.2,-1.5,8.1,10
Female,25-35,170-180,82,20,Beginner,3-5_times,HIIT,Whey_Protein,Concentrate,6,3,High_Protein,1,-1.1,5.8,10
Male,25-35,150-160,59,17,Beginner,More_than_5,Strength_Training,Creatine,Monohydrate,8,6,Low_Carb,4.3,0,9.5,10
Male,25-35,150-160,60,16,Advanced,More_than_5,Strength_Training,BCAA,Whey_Based,3,4,Regular,1.3,-0.6,7.4,9.6
Male,Under_25,170-180,80,21,Intermediate,3-5_times,Flexibility,Whey_Protein,Isolate,4,6,Regular,2,-0.9,2.4,8.2
Male,Under_25,160-170,55,12,Advanced,Less_than_3,HIIT,Creatine,Monohydrate,4,1,Regular,1.3,-0.3,8.2,10
Male,25-35,180-190,74,15,Intermediate,3-5_times,HIIT,Fish_Oil,Deep_Sea,5,4,Vegan,-0.2,-1.5,3.2,8.3
Male,25-35,150-160,49,26,Beginner,3-5_times,Strength_Training,Whey_Protein,Concentrate,3,2,Regular,4,-1.2,4.4,10
Female,25-35,180-190,85,30,Beginner,Less_than_3,Strength_Training,Multivitamin,Standard,3,5,High_Protein,-0.1,0.2,1.9,6
Male,25-35,160-170,58,19,Beginner,3-5_times,HIIT,BCAA,Vegan,3,5,Low_Carb,0.2,-0.4,2.6,8.7
Male,Over_35,Above_190,83,19,Beginner,3-5_times,Strength_Training,Whey_Protein,Concentrate,8,4,High_Protein,3.7,-1,4.5,10
Female,25-35,180-190,70,26,Intermediate,3-5_times,Endurance,Whey_Protein,Concentrate,6,7,High_Protein,2.1,-1.2,6,9.9
Male,25-35,180-190,90,19,Intermediate,3-5_times,Flexibility,Pre_Workout,Caffeine_Free,5,5,Regular,0.4,-0.1,6.3,9.8
Male,Under_25,Above_190,83,18,Intermediate,Less_than_3,Strength_Training,Creatine,Monohydrate,3,2,Regular,4.2,0,7.2,10
Male,25-35,160-170,58,22,Advanced,3-5_times,Strength_Training,Whey_Protein,Hydrolyzed,8,1,Regular,5.5,-2.3,10.4,10
Male,Under_25,170-180,71,14,Advanced,Less_than_3,HIIT,Multivitamin,Standard,7,2,Regular,-0.1,-0.1,3,6.5
Male,25-35,170-180,79,25,Advanced,More_than_5,Strength_Training,Whey_Protein,Concentrate,5,7,Vegan,7.4,-2.6,7.2,10
Female,Under_25,180-190,89,25,Beginner,3-5_times,HIIT,Whey_Protein,Isolate,4,4,Regular,1.2,-1.2,4.3,9
Male,25-35,180-190,89,27,Intermediate,More_than_5,Flexibility,Creatine,Monohydrate,7,5,Low_Carb,3.5,0,6,10
Female,Under_25,170-180,74,20,Intermediate,More_than_5,Strength_Training,BCAA,Whey_Based,8,2,High_Protein,0.9,-0.2,7.3,8.9
Female,Over_35,170-180,82,26,Beginner,3-5_times,Strength_Training,Creatine,Monohydrate,8,1,Low_Carb,4.1,0,5.3,10
Female,25-35,170-180,71,24,Intermediate,3-5_times,Strength_Training,Creatine,HCL,5,7,Regular,5.4,0.1,14.2,10
Male,25-35,170-180,70,18,Intermediate,3-5_times,Endurance,Whey_Protein,Isolate,3,4,High_Protein,1.5,-1.2,6.4,10
Female,Under_25,170-180,64,18,Beginner,3-5_times,Strength_Training,Creatine,Monohydrate,4,6,Low_Carb,2.5,0,10,10
Female,25-35,160-170,64,22,Intermediate,More_than_5,Endurance,Whey_Protein,Concentrate,5,3,Regular,3.5,-1.5,7.4,10
Female,Under_25,170-180,71,23,Beginner,3-5_times,HIIT,Fish_Oil,Deep_Sea,3,5,Regular,-0.7,-1.1,1.8,8.7
Female,Under_25,Above_190,108,28,Intermediate,3-5_times,Strength_Training,Pre_Workout,Regular,7,7,Regular,-0.1,0,12.5,10
Male,25-35,180-190,83,24,Intermediate,More_than_5,Strength_Training,BCAA,Whey_Based,4,4,Regular,0.4,-0.5,8,9.7
Female,Under_25,160-170,65,24,Beginner,3-5_times,Strength_Training,BCAA,Whey_Based,8,7,High_Protein,1,-0.3,3.7,8.1
Male,25-35,170-180,63,26,Intermediate,More_than_5,HIIT,Whey_Protein,Hydrolyzed,7,4,Regular,2.1,-2.5,7.4,10
Female,25-35,160-170,50,21,Beginner,3-5_times,Strength_Training,Creatine,Monohydrate,6,3,High_Protein,4.8,-0.1,8.5,10
Female,25-35,170-180,72,24,Advanced,3-5_times,Strength_Training,Whey_Protein,Concentrate,5,4,Regular,5,-2.3,7.6,10
Male,25-35,170-180,63,19,Intermediate,Less_than_3,Strength_Training,Creatine,Monohydrate,6,5,Regular,3.8,0.1,7.9,10
Male,Over_35,170-180,79,19,Beginner,Less_than_3,Strength_Training,BCAA,Whey_Based,4,2,High_Protein,0.4,0,2.6,8.6
Male,Under_25,180-190,90,24,Beginner,3-5_times,Endurance,Whey_Protein,Hydrolyzed,3,2,Regular,1,-0.6,3.8,9.1
Male,Under_25,170-180,75,23,Beginner,Less_than_3,Strength_Training,Energy_Drink,Sugar,5,6,Regular,0.3,0.1,2.4,8.3
Female,25-35,170-180,63,29,Beginner,3-5_times,Strength_Training,Whey_Protein,Isolate,8,6,Regular,3.5,-1,4,10
Female,Under_25,170-180,72,26,Intermediate,3-5_times,Endurance,Whey_Protein,Concentrate,7,3,Low_Carb,1.2,-0.8,5.4,10
Female,25-35,180-190,85,23,Intermediate,3-5_times,Endurance,Creatine,Monohydrate,4,6,Regular,3,-0.3,7.5,10
Male,Under_25,180-190,93,14,Intermediate,3-5_times,HIIT,L_Carnitine,Liquid,6,7,Low_Carb,-0.5,-3.3,7.4,10
Male,Under_25,170-180,76,24,Intermediate,Less_than_3,Strength_Training,Whey_Protein,Isolate,4,7,Low_Carb,2.5,-0.8,4.8,10
Male,Over_35,180-190,84,26,Beginner,Less_than_3,HIIT,Whey_Protein,Isolate,3,3,Low_Carb,0.9,-0.7,3.3,9.9
Female,Under_25,180-190,80,19,Intermediate,3-5_times,Strength_Training,Whey_Protein,Concentrate,4,6,Low_Carb,3.5,-1.6,7.6,10
Male,25-35,180-190,94,21,Beginner,More_than_5,Strength_Training,BCAA,Whey_Based,7,1,High_Protein,0.9,-0.2,5.7,9.2
Male,25-35,180-190,77,16,Intermediate,More_than_5,Strength_Training,Whey_Protein,Hydrolyzed,3,2,Regular,6.5,-1.7,7.5,10
Male,Over_35,170-180,72,28,Advanced,Less_than_3,Strength_Training,Whey_Protein,Isolate,5,1,Vegan,3.8,-1.8,5.9,10
Male,25-35,150-160,64,21,Intermediate,3-5_times,Strength_Training,BCAA,Whey_Based,5,2,Regular,0.4,-0.4,4.1,8
Male,Under_25,170-180,78,14,Intermediate,More_than_5,Flexibility,BCAA,Whey_Based,3,5,Regular,0.3,-0.3,3.5,7.6
Male,Over_35,180-190,85,20,Intermediate,More_than_5,Strength_Training,Creatine,Monohydrate,6,1,High_Protein,8.3,0,14.2,10
Female,25-35,160-170,59,20,Intermediate,3-5_times,Flexibility,Whey_Protein,Hydrolyzed,6,1,High_Protein,1.7,-0.5,2.4,8.6
Female,Over_35,170-180,75,30,Advanced,3-5_times,HIIT,Pre_Workout,Regular,4,1,Regular,-0.2,-0.1,13.9,10
Male,Under_25,170-180,60,18,Intermediate,Less_than_3,HIIT,BCAA,Whey_Based,8,1,Regular,0.1,-0.5,4.3,9.5
Male,25-35,170-180,80,23,Beginner,More_than_5,Endurance,BCAA,Whey_Based,3,1,Regular,-0.3,-0.5,4.3,8.9
Male,25-35,180-190,88,18,Beginner,More_than_5,HIIT,Energy_Drink,Sugar,5,5,High_Protein,-0.5,-0.3,5.3,9.6
Male,25-35,170-180,80,24,Intermediate,3-5_times,Endurance,Whey_Protein,Isolate,5,4,Regular,2,-0.9,5.3,10
Male,Under_25,180-190,89,17,Intermediate,3-5_times,Strength_Training,BCAA,Whey_Based,3,2,High_Protein,0.6,-0.2,4.6,7.8
Male,Under_25,170-180,81,23,Intermediate,3-5_times,Strength_Training,Energy_Drink,Sugar,3,4,Regular,-0.1,0.2,6.5,9.6
Male,25-35,160-170,65,23,Intermediate,3-5_times,HIIT,Pre_Workout,Regular,8,6,Low_Carb,-0.3,-0.2,12.3,10
Male,Under_25,170-180,60,12,Beginner,More_than_5,Strength_Training,Pre_Workout,Regular,7,2,Regular,0.4,0,11.7,10
Male,25-35,170-180,60,22,Beginner,More_than_5,HIIT,Creatine,Monohydrate,7,6,High_Protein,2.2,-0.3,8.9,10
Male,25-35,170-180,71,19,Beginner,Less_than_3,Endurance,BCAA,Whey_Based,4,3,High_Protein,-0.2,-0.5,3.2,7.8
Female,25-35,180-190,80,22,Beginner,More_than_5,Endurance,Whey_Protein,Concentrate,3,6,Low_Carb,1,-0.5,4.3,10
Male,Under_25,170-180,70,23,Intermediate,3-5_times,Strength_Training,Creatine,Monohydrate,3,5,High_Protein,6.7,0.2,13.3,10
Male,Under_25,160-170,69,12,Intermediate,3-5_times,HIIT,L_Carnitine,Capsule,5,7,Regular,-0.5,-4.6,7.9,10
Male,Under_25,170-180,72,13,Intermediate,Less_than_3,Strength_Training,Creatine,Monohydrate,3,2,Regular,4.8,0.1,6.2,10
Female,Under_25,Above_190,88,23,Intermediate,3-5_times,Strength_Training,Creatine,Monohydrate,3,1,Regular,5.9,0,11.6,10
Female,25-35,160-170,67,31,Beginner,More_than_5,Strength_Training,Fish_Oil,Algae_DHA,5,2,Regular,0,-0.9,1.2,6.5
Male,Under_25,180-190,77,14,Beginner,3-5_times,HIIT,Whey_Protein,Concentrate,5,1,Regular,1,-1.5,4,9
Female,Under_25,170-180,73,24,Intermediate,Less_than_3,HIIT,BCAA,Whey_Based,8,4,Regular,-0.4,-0.6,4.6,7.9
Male,Under_25,170-180,69,16,Intermediate,3-5_times,Endurance,Fish_Oil,Deep_Sea,6,3,Regular,-0.5,-2.2,3,10
Male,Under_25,180-190,78,16,Advanced,Less_than_3,Flexibility,BCAA,Vegan,4,7,Regular,0,-0.2,1.6,8.2
Male,25-35,180-190,77,15,Beginner,More_than_5,Strength_Training,Energy_Drink,Sugar_Free,3,4,Regular,0.2,0.1,5.1,7.7
Male,Under_25,170-180,64,19,Intermediate,More_than_5,HIIT,Creatine,Monohydrate,4,4,Low_Carb,3.4,-0.3,11,10
Male,Over_35,180-190,73,18,Beginner,3-5_times,Endurance,Multivitamin,Standard,7,5,Low_Carb,-0.1,0,2.9,6
Male,Under_25,150-160,53,16,Beginner,3-5_times,Strength_Training,Whey_Protein,Isolate,5,6,Regular,3.3,-1.6,5.3,10
Female,25-35,170-180,71,27,Intermediate,3-5_times,Strength_Training,Whey_Protein,Concentrate,7,3,Low_Carb,4.4,-1.5,6.7,10
Female,Under_25,160-170,74,20,Intermediate,3-5_times,Strength_Training,Whey_Protein,Isolate,8,2,High_Protein,5.6,-0.8,7.2,10
Male,25-35,180-190,83,17,Beginner,3-5_times,Strength_Training,BCAA,Whey_Based,4,2,Regular,0.6,-0.2,4.1,7.8
Male,25-35,170-180,68,18,Intermediate,Less_than_3,Strength_Training,Multivitamin,Standard,5,7,High_Protein,0,0,1.8,5.6
Male,25-35,180-190,80,23,Beginner,3-5_times,Flexibility,Pre_Workout,Regular,5,1,Regular,0.6,-0.3,3.3,9.3
Male,Under_25,180-190,77,16,Beginner,3-5_times,Strength_Training,Whey_Protein,Concentrate,4,4,Low_Carb,3.7,-0.9,4.4,10
Male,25-35,170-180,63,23,Beginner,Less_than_3,Flexibility,Whey_Protein,Concentrate,7,5,Regular,1,-0.2,1.6,7.9
Female,Over_35,Above_190,102,24,Intermediate,3-5_times,Strength_Training,Whey_Protein,Concentrate,3,6,Low_Carb,4,-0.7,7.4,10
Male,25-35,170-180,67,15,Intermediate,Less_than_3,Flexibility,Creatine,Monohydrate,8,1,High_Protein,1.6,-0.1,4,9.5
Male,Under_25,180-190,72,22,Beginner,More_than_5,Strength_Training,BCAA,Whey_Based,3,1,Regular,0.7,-0.1,4.1,8.7
Female,Under_25,150-160,52,20,Advanced,3-5_times,Endurance,Whey_Protein,Concentrate,3,3,High_Protein,2.2,-1.5,6.4,10
Male,25-35,170-180,81,27,Intermediate,More_than_5,Strength_Training,Creatine,Monohydrate,3,6,Regular,7.5,-0.1,17.9,10
Male,Under_25,Above_190,107,21,Intermediate,3-5_times,Strength_Training,Multivitamin,Standard,4,2,High_Protein,0.4,0.1,2.6,7.3
Male,Over_35,150-160,62,29,Intermediate,More_than_5,Strength_Training,Multivitamin,Sport_Enhanced,5,3,Low_Carb,0.3,-0.1,3.2,6.8
Female,Over_35,170-180,80,31,Intermediate,Less_than_3,Strength_Training,Whey_Protein,Concentrate,4,7,Regular,2.9,-1.4,4.9,10
Male,25-35,160-170,56,26,Beginner,3-5_times,Flexibility,BCAA,Vegan,7,3,Low_Carb,0.3,-0.2,0.9,8.2
Male,Under_25,170-180,63,12,Intermediate,More_than_5,Endurance,BCAA,Vegan,6,5,Vegan,-0.1,-0.8,7.7,10
Male,Under_25,180-190,84,12,Intermediate,Less_than_3,Strength_Training,L_Carnitine,Liquid,7,5,High_Protein,0.1,-1.4,2.7,9
Male,25-35,160-170,66,25,Advanced,3-5_times,Endurance,Whey_Protein,Concentrate,4,2,Regular,1.6,-1.2,8.7,10
Male,Under_25,170-180,63,16,Advanced,3-5_times,Strength_Training,Pre_Workout,Regular,8,5,Vegan,0.2,0,16.6,10
Male,25-35,170-180,82,17,Intermediate,3-5_times,HIIT,Creatine,HCL,7,6,Regular,2.6,-0.3,10.5,10
Male,25-35,170-180,71,25,Beginner,More_than_5,Endurance,Creatine,Monohydrate,8,2,Regular,1.2,-0.1,6.2,10
Male,25-35,150-160,49,26,Beginner,Less_than_3,Endurance,Whey_Protein,Concentrate,6,6,High_Protein,0.5,-0.6,1.6,9
Male,25-35,170-180,81,22,Intermediate,3-5_times,Endurance,BCAA,Whey_Based,4,4,High_Protein,-0.6,-0.3,5.4,9.6
Male,Under_25,170-180,74,23,Beginner,3-5_times,Strength_Training,Creatine,Monohydrate,7,6,Vegan,3.6,0,9.2,10
Male,Under_25,180-190,71,16,Intermediate,3-5_times,Flexibility,Creatine,Monohydrate,5,6,Regular,3.3,-0.1,4.6,9.2
Male,Under_25,180-190,86,18,Beginner,3-5_times,Strength_Training,Creatine,Monohydrate,8,1,High_Protein,4.1,-0.1,10.9,10
Male,25-35,160-170,55,17,Intermediate,Less_than_3,Strength_Training,BCAA,Whey_Based,7,1,Regular,0.6,-0.1,3.1,9.1
Male,Under_25,170-180,71,15,Intermediate,3-5_times,Endurance,Creatine,Monohydrate,7,3,Regular,2.9,-0.1,6.9,10
Male,Under_25,170-180,67,15,Intermediate,3-5_times,Strength_Training,BCAA,Whey_Based,3,6,Regular,0.7,-0.3,4.9,8.5
Female,Over_35,170-180,72,28,Intermediate,Less_than_3,Endurance,Pre_Workout,Regular,4,3,High_Protein,-0.3,0,5.2,9.7
Female,Under_25,160-170,64,25,Beginner,3-5_times,HIIT,Creatine,Monohydrate,6,4,Regular,1.5,-0.3,7,10
Male,25-35,170-180,79,26,Advanced,3-5_times,Endurance,Creatine,HCL,7,1,Regular,1.7,-0.3,10.9,10
Male,Under_25,170-180,72,16,Beginner,3-5_times,HIIT,Energy_Drink,Sugar_Free,5,6,Regular,-0.8,-0.3,3.9,8.5
Male,Under_25,180-190,82,17,Intermediate,Less_than_3,Strength_Training,Whey_Protein,Concentrate,7,1,High_Protein,3,-1.1,3.9,10
Male,25-35,170-180,62,20,Advanced,More_than_5,Strength_Training,Creatine,Monohydrate,8,6,High_Protein,11.6,0.1,21.9,10
Male,25-35,170-180,83,25,Intermediate,Less_than_3,Flexibility,Multivitamin,Standard,3,2,Low_Carb,0.2,0.1,1.3,6.5
Female,25-35,180-190,84,25,Beginner,3-5_times,Strength_Training,Fish_Oil,Deep_Sea,7,6,Low_Carb,0.1,-0.6,1,7.7
Male,Under_25,150-160,59,17,Advanced,3-5_times,Strength_Training,Whey_Protein,Isolate,7,7,Regular,7,-2.7,6.2,10
Female,Under_25,170-180,79,28,Advanced,More_than_5,Strength_Training,Whey_Protein,Concentrate,8,7,Regular,7.2,-2.2,10.5,10
Male,Under_25,160-170,52,21,Intermediate,3-5_times,Flexibility,Whey_Protein,Concentrate,5,1,High_Protein,2.6,-0.8,3.7,8.9
Male,Over_35,180-190,78,23,Beginner,3-5_times,Strength_Training,Creatine,Monohydrate,5,6,Low_Carb,3.8,0,8,10
Male,Under_25,180-190,77,17,Advanced,3-5_times,Strength_Training,Fish_Oil,Deep_Sea,3,7,Regular,0.4,-1.5,0.7,6.7
Female,25-35,170-180,64,21,Beginner,Less_than_3,Endurance,Energy_Drink,Sugar_Free,7,6,Low_Carb,-0.3,-0.3,1,6.7
Male,Over_35,150-160,60,18,Intermediate,More_than_5,HIIT,Pre_Workout,Regular,8,2,Regular,-0.4,-0.1,19.4,10
Female,25-35,160-170,66,25,Beginner,More_than_5,HIIT,Energy_Drink,Sugar,3,4,Regular,-0.5,-0.2,5,7.8
Male,Under_25,180-190,82,16,Intermediate,Less_than_3,HIIT,Whey_Protein,Concentrate,8,3,Low_Carb,0.3,-0.9,4.6,10
Male,25-35,180-190,80,16,Beginner,More_than_5,Strength_Training,Whey_Protein,Concentrate,4,4,High_Protein,5.4,-1.1,6.3,10
Male,Over_35,Above_190,81,24,Advanced,3-5_times,Strength_Training,BCAA,Whey_Based,6,5,High_Protein,0.5,-0.2,9.2,10
Female,Under_25,180-190,74,19,Intermediate,Less_than_3,Endurance,Creatine,HCL,5,6,Regular,1.6,-0.2,7.2,10
Female,25-35,150-160,45,25,Beginner,Less_than_3,Strength_Training,Whey_Protein,Concentrate,3,5,High_Protein,2.4,-0.7,3.8,10
Male,Under_25,180-190,92,13,Advanced,3-5_times,Strength_Training,L_Carnitine,Capsule,3,7,Low_Carb,0.4,-2.1,4.9,10
Male,25-35,Above_190,93,24,Beginner,3-5_times,Strength_Training,Creatine,Monohydrate,8,4,High_Protein,5,-0.1,10.2,10
Male,25-35,160-170,59,26,Intermediate,3-5_times,HIIT,Whey_Protein,Isolate,4,5,Regular,1.8,-1.9,6,10
Male,Under_25,170-180,73,16,Advanced,3-5_times,Strength_Training,Whey_Protein,Concentrate,3,3,Regular,6.3,-2.5,9,10
Male,Over_35,160-170,73,27,Beginner,More_than_5,HIIT,Multivitamin,Standard,4,3,Regular,-0.2,-0.3,3.1,7.7
Male,Over_35,150-160,58,26,Beginner,3-5_times,Endurance,Whey_Protein,Isolate,5,3,Regular,0.8,-0.8,4.4,10
Male,Over_35,160-170,56,26,Beginner,3-5_times,Endurance,Creatine,Monohydrate,5,5,High_Protein,1.9,-0.2,6.4,9.9
Male,Under_25,Above_190,91,19,Intermediate,3-5_times,Strength_Training,BCAA,Whey_Based,4,7,Regular,0.7,-0.3,4.7,7.8
Male,25-35,160-170,50,21,Beginner,3-5_times,HIIT,Creatine,Monohydrate,4,2,Regular,1.4,-0.3,6.8,9.9
Male,25-35,170-180,70,18,Intermediate,Less_than_3,Endurance,Whey_Protein,Concentrate,7,1,Regular,1,-0.9,3.7,9.7
Male,Under_25,170-180,63,24,Beginner,More_than_5,Strength_Training,Whey_Protein,Concentrate,4,1,Regular,4.3,-1.3,5.2,10
Male,Under_25,170-180,73,21,Advanced,Less_than_3,Endurance,BCAA,Whey_Based,7,7,Regular,-0.2,-0.6,4.8,8.9
Male,Under_25,180-190,73,22,Advanced,3-5_times,HIIT,Pre_Workout,Regular,8,4,Regular,-0.2,-0.2,14,10
Male,25-35,170-180,73,15,Advanced,3-5_times,HIIT,Creatine,Monohydrate,6,3,Low_Carb,1.7,-0.1,14.3,10
Male,25-35,150-160,60,26,Intermediate,3-5_times,Strength_Training,Creatine,Monohydrate,3,1,Regular,6.5,0.1,14.5,10
Male,Under_25,180-190,71,18,Intermediate,3-5_times,Endurance,Creatine,Monohydrate,5,7,High_Protein,1.9,-0.2,9.2,10
Male,Under_25,160-170,51,19,Intermediate,More_than_5,Endurance,Creatine,HCL,4,3,High_Protein,1.9,-0.3,12.4,10
Male,Over_35,180-190,74,20,Beginner,More_than_5,Strength_Training,Energy_Drink,Sugar_Free,8,1,Regular,0.1,0,4.7,8.4
Male,25-35,170-180,63,26,Beginner,3-5_times,Endurance,Energy_Drink,Sugar_Free,3,4,Regular,-0.4,-0.3,1.6,8.2
Male,25-35,Above_190,86,26,Intermediate,Less_than_3,Strength_Training,BCAA,Vegan,3,5,Regular,0.4,-0.4,3.4,7.9
Male,25-35,180-190,73,22,Advanced,3-5_times,Flexibility,Whey_Protein,Concentrate,7,2,Vegan,2.5,-0.5,2.6,8.3
Male,Under_25,160-170,64,14,Intermediate,3-5_times,HIIT,Creatine,Monohydrate,7,4,High_Protein,1.8,-0.1,10.4,10
Male,25-35,170-180,82,22,Beginner,3-5_times,HIIT,BCAA,Whey_Based,6,1,Regular,-0.5,-0.5,3.6,8.7
Male,Under_25,150-160,47,21,Advanced,3-5_times,Strength_Training,BCAA,Whey_Based,6,6,High_Protein,1.2,-0.2,8.7,10
Male,Over_35,170-180,63,21,Intermediate,More_than_5,Endurance,Multivitamin,Standard,5,2,Low_Carb,-0.6,-0.2,6.5,8.7
Male,Under_25,180-190,86,16,Beginner,Less_than_3,Endurance,Creatine,Monohydrate,4,4,High_Protein,0.6,-0.2,4.9,10
Male,25-35,150-160,59,25,Beginner,3-5_times,Strength_Training,Energy_Drink,Sugar_Free,3,3,Regular,0.1,0.2,3.4,8.2
Female,Over_35,180-190,75,33,Beginner,More_than_5,Endurance,Whey_Protein,Concentrate,4,1,Regular,2.1,-0.8,5.2,10
Male,Over_35,160-170,72,26,Beginner,3-5_times,HIIT,BCAA,Whey_Based,5,7,Regular,-0.7,-0.6,3.9,7.9
Male,25-35,150-160,50,22,Beginner,3-5_times,Strength_Training,Energy_Drink,Sugar,4,2,Low_Carb,0.4,0.1,4.2,9.1
Female,25-35,160-170,56,29,Intermediate,3-5_times,HIIT,Whey_Protein,Isolate,8,3,Low_Carb,1.5,-1.6,5.1,10
Male,Under_25,170-180,65,22,Beginner,Less_than_3,Strength_Training,Pre_Workout,Caffeine_Free,3,1,Vegan,0.2,-0.1,5.3,9.3
Male,25-35,180-190,82,25,Beginner,3-5_times,Strength_Training,Whey_Protein,Isolate,5,2,High_Protein,4.7,-1,5.8,10
Male,25-35,170-180,76,17,Intermediate,More_than_5,Strength_Training,Energy_Drink,Sugar_Free,6,5,Regular,0.4,0,7.5,8.8
Female,Under_25,170-180,80,24,Intermediate,More_than_5,Endurance,BCAA,Vegan,8,2,Vegan,-0.5,-0.4,7.8,9.9
Male,Under_25,150-160,53,22,Beginner,3-5_times,Strength_Training,Creatine,Monohydrate,6,5,High_Protein,4.5,0,9,10
Female,25-35,170-180,83,27,Beginner,More_than_5,Flexibility,Creatine,Monohydrate,4,5,High_Protein,3,0.1,5,9.4
Male,Under_25,170-180,67,17,Intermediate,3-5_times,Flexibility,Creatine,Monohydrate,8,7,Regular,3,0,4.4,10
Male,Under_25,180-190,90,17,Advanced,3-5_times,Strength_Training,Whey_Protein,Concentrate,7,6,Low_Carb,5.7,-1.9,8.3,10
Male,25-35,170-180,62,16,Intermediate,3-5_times,Endurance,Multivitamin,Sport_Enhanced,5,6,High_Protein,-0.6,-0.2,3.3,6.7
Male,25-35,180-190,82,26,Beginner,More_than_5,Strength_Training,Pre_Workout,Regular,3,7,High_Protein,0.4,0.1,11.5,10
Male,Under_25,170-180,64,20,Beginner,3-5_times,HIIT,BCAA,Whey_Based,8,2,Regular,-0.2,-0.4,4.3,7.7
Male,25-35,170-180,75,22,Intermediate,3-5_times,HIIT,L_Carnitine,Capsule,7,5,Regular,-0.4,-3.7,8.9,10
Male,Under_25,170-180,72,15,Intermediate,Less_than_3,Strength_Training,Creatine,Monohydrate,3,7,Regular,3.6,0,5.9,10
Male,Under_25,170-180,77,24,Intermediate,3-5_times,HIIT,Creatine,Monohydrate,7,1,Regular,2,-0.5,9.3,10
Male,Under_25,180-190,81,18,Advanced,More_than_5,Strength_Training,Fish_Oil,Deep_Sea,6,1,Regular,0.4,-2,2.1,7.7
Male,Over_35,160-170,64,23,Beginner,Less_than_3,Endurance,Creatine,HCL,3,5,Regular,0.7,-0.1,4,9
Female,Under_25,160-170,65,21,Intermediate,More_than_5,HIIT,Creatine,Monohydrate,7,7,Regular,3.9,-0.2,12,10
Male,25-35,180-190,87,27,Beginner,More_than_5,Strength_Training,Multivitamin,Standard,3,5,High_Protein,0.1,0,3.8,6.4
Male,Under_25,150-160,63,15,Intermediate,3-5_times,Strength_Training,Creatine,Monohydrate,8,2,High_Protein,7.4,0,13.1,10
Male,25-35,170-180,83,23,Beginner,More_than_5,Strength_Training,BCAA,Whey_Based,3,3,Low_Carb,0.4,-0.2,5.5,8.9
Male,Under_25,180-190,86,13,Intermediate,3-5_times,Endurance,Multivitamin,Standard,4,3,Regular,-0.5,-0.4,4.9,7.8
Female,25-35,180-190,82,31,Intermediate,Less_than_3,HIIT,Whey_Protein,Isolate,4,2,Vegan,1,-1.3,3,9.1
Male,25-35,170-180,73,18,Intermediate,3-5_times,Endurance,Whey_Protein,Concentrate,3,6,Regular,2.3,-1.4,5.2,9.2
Female,Under_25,160-170,50,23,Beginner,Less_than_3,Flexibility,Whey_Protein,Isolate,5,4,Low_Carb,1.1,-0.4,1.3,7.9
Female,Under_25,Above_190,94,24,Advanced,3-5_times,HIIT,Creatine,Monohydrate,4,4,High_Protein,4.1,0,13.8,10
Male,Under_25,Above_190,88,15,Intermediate,More_than_5,HIIT,Creatine,Monohydrate,3,4,High_Protein,3.7,-0.2,13.2,10
Female,25-35,180-190,94,26,Intermediate,More_than_5,Strength_Training,Whey_Protein,Isolate,8,4,Regular,6,-2.8,8.6,10
Male,Under_25,180-190,70,17,Beginner,3-5_times,Endurance,BCAA,Whey_Based,6,5,High_Protein,0.2,-0.2,3.9,9
Male,Over_35,170-180,77,21,Beginner,3-5_times,Strength_Training,Multivitamin,Standard,8,7,Regular,0,-0.1,2.3,6.1
Male,25-35,170-180,70,20,Intermediate,3-5_times,HIIT,Multivitamin,Standard,4,6,Vegan,-0.7,-0.3,4.3,7.1
Male,Over_35,170-180,79,26,Beginner,3-5_times,Endurance,Whey_Protein,Isolate,6,6,Regular,1,-0.9,3.7,9.2
Male,Under_25,160-170,64,15,Intermediate,3-5_times,Endurance,Creatine,Monohydrate,7,5,Low_Carb,2.2,-0.1,7.7,10
Male,Over_35,160-170,73,21,Beginner,More_than_5,Strength_Training,BCAA,Vegan,6,6,High_Protein,0.9,-0.3,4.9,8.2
Female,25-35,160-170,56,22,Intermediate,More_than_5,Strength_Training,Whey_Protein,Concentrate,3,2,Regular,5.3,-1.9,9.7,10
Male,Under_25,160-170,53,21,Beginner,3-5_times,Strength_Training,BCAA,Whey_Based,4,3,Regular,0.5,-0.3,3.3,8.8
Male,Under_25,170-180,66,13,Intermediate,3-5_times,Strength_Training,Energy_Drink,Sugar_Free,4,4,High_Protein,0.1,0,5,7.9
Female,Over_35,180-190,77,32,Intermediate,More_than_5,Strength_Training,Whey_Protein,Isolate,8,7,High_Protein,6.6,-2.3,9.9,10
Female,25-35,150-160,50,24,Beginner,More_than_5,Endurance,BCAA,Vegan,3,1,Regular,-0.4,-0.5,3,7.9
Male,25-35,180-190,71,25,Beginner,3-5_times,HIIT,Whey_Protein,Isolate,8,6,Regular,0.9,-1,4.2,9.2
Female,Over_35,170-180,61,28,Beginner,3-5_times,Endurance,Whey_Protein,Hydrolyzed,5,5,Regular,0.8,-0.6,4,8.8
Female,Under_25,160-170,68,21,Beginner,3-5_times,Flexibility,Pre_Workout,Regular,8,2,Regular,0.5,0,4,9.5
Female,25-35,170-180,68,28,Intermediate,3-5_times,HIIT,Whey_Protein,Concentrate,7,6,High_Protein,2.3,-1.6,6.8,10
Male,Over_35,180-190,75,24,Intermediate,3-5_times,Strength_Training,BCAA,Whey_Based,4,1,Low_Carb,0.7,-0.4,6.5,9.4
Male,25-35,Above_190,99,16,Intermediate,More_than_5,HIIT,Whey_Protein,Concentrate,6,5,Regular,2.2,-2.6,8,10
Male,25-35,170-180,70,21,Intermediate,3-5_times,HIIT,L_Carnitine,Capsule,4,2,High_Protein,0,-4.4,9,10
Male,Under_25,160-170,66,21,Intermediate,3-5_times,HIIT,Energy_Drink,Sugar,5,2,Regular,-0.2,-0.2,5.8,8.5
Female,Under_25,180-190,73,23,Intermediate,3-5_times,HIIT,BCAA,Whey_Based,7,4,Regular,-0.1,-0.6,6.8,9.4
Male,25-35,170-180,63,19,Intermediate,Less_than_3,Endurance,Creatine,Monohydrate,6,4,Regular,2.2,-0.2,5.7,10
Female,25-35,150-160,60,31,Beginner,3-5_times,Flexibility,Whey_Protein,Concentrate,8,4,High_Protein,1.6,-0.5,1.5,9.4
Female,Under_25,170-180,83,20,Intermediate,Less_than_3,Strength_Training,Creatine,HCL,5,6,Regular,3.2,0,7.8,10
Male,Under_25,170-180,76,17,Intermediate,3-5_times,Strength_Training,Whey_Protein,Concentrate,8,5,High_Protein,5.7,-1.2,7.6,10
Male,Over_35,150-160,45,18,Intermediate,More_than_5,HIIT,Creatine,Monohydrate,4,2,Low_Carb,2.3,-0.1,12.9,10
Female,Under_25,160-170,74,25,Beginner,3-5_times,HIIT,Fish_Oil,Deep_Sea,4,3,Low_Carb,-0.1,-0.9,2.7,8.1
Male,Under_25,170-180,60,16,Intermediate,Less_than_3,Strength_Training,Whey_Protein,Concentrate,3,6,High_Protein,4.2,-0.8,5,10
Male,Over_35,180-190,77,25,Intermediate,3-5_times,Strength_Training,Energy_Drink,Sugar_Free,5,2,Regular,0.3,0.1,6.3,9.4
Male,Under_25,170-180,76,14,Beginner,3-5_times,HIIT,BCAA,Vegan,7,1,High_Protein,-0.1,-0.4,5.1,9.2
Male,Under_25,170-180,78,20,Advanced,More_than_5,Strength_Training,Creatine,Monohydrate,3,1,Regular,10.2,0.1,22.5,10
Male,25-35,Above_190,90,17,Beginner,Less_than_3,Strength_Training,Fish_Oil,Deep_Sea,4,3,Regular,0,-0.5,0.6,7.9
Male,Over_35,160-170,52,24,Intermediate,3-5_times,Endurance,Creatine,Monohydrate,7,4,Regular,2.5,-0.2,8.2,10
Male,Under_25,180-190,84,23,Intermediate,3-5_times,Flexibility,BCAA,Whey_Based,8,1,Regular,0.1,-0.4,2.7,8.6
Male,Over_35,160-170,59,24,Intermediate,More_than_5,Flexibility,Creatine,Monohydrate,6,6,Regular,3.3,0,5.3,10
Male,Over_35,160-170,71,26,Beginner,3-5_times,Strength_Training,Creatine,Monohydrate,5,2,Low_Carb,4,0.1,9.1,10
Male,25-35,180-190,72,15,Beginner,3-5_times,Endurance,Multivitamin,Standard,8,3,Regular,-0.7,-0.2,2.6,7.4
Male,Over_35,180-190,83,25,Beginner,Less_than_3,HIIT,Whey_Protein,Concentrate,6,2,High_Protein,0.7,-1.1,3.2,9.2
Male,Under_25,Above_190,108,20,Advanced,More_than_5,HIIT,Creatine,Monohydrate,5,7,Regular,2.6,-0.4,18.2,10
Female,Under_25,170-180,64,27,Intermediate,More_than_5,Endurance,Creatine,HCL,3,5,Vegan,3.9,-0.3,11.5,10
Male,Under_25,160-170,54,16,Beginner,3-5_times,HIIT,Creatine,Monohydrate,3,1,High_Protein,2.3,-0.3,8.4,10
Female,25-35,180-190,83,27,Intermediate,3-5_times,Strength_Training,BCAA,Vegan,8,2,High_Protein,1.2,-0.3,6.8,9.7
Female,Over_35,180-190,93,29,Intermediate,3-5_times,HIIT,Whey_Protein,Concentrate,6,4,High_Protein,2.1,-1.5,7.7,10
Female,25-35,160-170,52,26,Intermediate,3-5_times,HIIT,BCAA,Vegan,4,4,High_Protein,0.1,-0.5,6.6,9.9
Male,Under_25,170-180,75,23,Advanced,3-5_times,HIIT,BCAA,Vegan,3,5,Regular,-0.6,-0.8,7,10
Male,Under_25,180-190,80,21,Advanced,3-5_times,HIIT,BCAA,Whey_Based,8,1,Regular,-0.3,-0.9,8.5,10
Male,25-35,160-170,55,21,Intermediate,3-5_times,Strength_Training,Whey_Protein,Concentrate,6,7,Regular,3.8,-1.5,6.1,10
Female,25-35,160-170,60,26,Intermediate,Less_than_3,Strength_Training,Whey_Protein,Concentrate,8,6,Regular,3.2,-1.2,5.5,10
Male,Under_25,170-180,75,18,Intermediate,Less_than_3,Flexibility,Whey_Protein,Concentrate,4,6,Low_Carb,0.8,-0.3,2,8.6
Male,25-35,160-170,63,27,Intermediate,Less_than_3,Endurance,Multivitamin,Standard,3,2,High_Protein,-0.3,-0.4,2.8,7.5
Female,Under_25,170-180,61,25,Beginner,3-5_times,Strength_Training,Multivitamin,Sport_Enhanced,3,3,Regular,0.3,0,2.2,5.9
Female,25-35,170-180,70,31,Beginner,3-5_times,Flexibility,Whey_Protein,Concentrate,4,4,High_Protein,1.8,-0.5,2,8.6
Female,Under_25,150-160,50,29,Intermediate,3-5_times,Strength_Training,Whey_Protein,Hydrolyzed,6,2,Regular,3.5,-2,6.6,10
Female,Under_25,170-180,78,20,Intermediate,3-5_times,HIIT,Fish_Oil,Algae_DHA,6,4,Low_Carb,-0.4,-1.1,3.9,9.1
Male,Under_25,170-180,61,20,Beginner,More_than_5,Strength_Training,Energy_Drink,Sugar,4,4,Regular,-0.1,0,4.6,9.2
Female,Under_25,170-180,60,19,Intermediate,3-5_times,Strength_Training,BCAA,Whey_Based,6,3,Regular,0.7,-0.4,5.5,10
Male,25-35,160-170,66,20,Intermediate,Less_than_3,Endurance,Energy_Drink,Sugar_Free,6,5,Regular,-0.2,-0.2,1.2,6.7
Male,25-35,160-170,73,18,Advanced,3-5_times,Endurance,Whey_Protein,Concentrate,5,1,Regular,2.7,-1.1,7.8,10
Male,25-35,180-190,74,15,Beginner,3-5_times,HIIT,Pre_Workout,Regular,6,5,Regular,-0.1,-0.2,9.7,10
Female,Under_25,170-180,61,25,Beginner,Less_than_3,HIIT,Creatine,Monohydrate,7,5,High_Protein,1.5,-0.3,5.6,10
Male,25-35,150-160,55,27,Advanced,Less_than_3,HIIT,BCAA,Vegan,6,3,Low_Carb,0.1,-0.4,6.1,9.2
Male,Under_25,180-190,90,13,Intermediate,Less_than_3,HIIT,Energy_Drink,Sugar_Free,6,2,Regular,-0.2,-0.2,3.4,8
Female,Under_25,170-180,84,23,Intermediate,3-5_times,Strength_Training,Multivitamin,Standard,6,1,Regular,0.3,0,3.1,8.1
Male,Under_25,150-160,60,20,Beginner,More_than_5,Endurance,Creatine,Monohydrate,5,1,Regular,2.5,-0.2,7.5,10
Male,Under_25,170-180,61,12,Intermediate,More_than_5,HIIT,Whey_Protein,Isolate,6,5,High_Protein,3.1,-1.9,10.1,10
Female,25-35,180-190,81,26,Intermediate,Less_than_3,Strength_Training,Multivitamin,Standard,8,4,Regular,0.4,0,2.3,7.9
Female,Over_35,170-180,69,31,Intermediate,3-5_times,Flexibility,Whey_Protein,Concentrate,8,3,Regular,2.3,-0.5,2.2,9.6
Male,25-35,170-180,69,23,Beginner,3-5_times,Flexibility,Whey_Protein,Concentrate,4,6,Regular,1.8,-0.3,2.2,7.9
Male,25-35,160-170,58,16,Beginner,More_than_5,HIIT,Whey_Protein,Concentrate,3,4,Regular,2.2,-1.7,5.6,9.6
Female,25-35,170-180,80,26,Intermediate,More_than_5,HIIT,Pre_Workout,Regular,6,6,Regular,-0.4,-0.2,14.7,10
Female,Under_25,170-180,79,19,Beginner,More_than_5,Flexibility,Creatine,Monohydrate,3,4,High_Protein,1.9,-0.2,4.5,10
Male,25-35,170-180,65,25,Intermediate,More_than_5,Strength_Training,Pre_Workout,Caffeine_Free,5,7,Regular,0.1,0.1,15.8,10
Male,Under_25,170-180,63,22,Intermediate,3-5_times,Endurance,BCAA,Whey_Based,5,6,Regular,-0.2,-0.5,5.6,8.4
Male,Over_35,150-160,49,19,Intermediate,More_than_5,Strength_Training,Energy_Drink,Sugar,3,3,Low_Carb,0.1,0,4.9,9.4
Female,Under_25,150-160,49,22,Beginner,3-5_times,Strength_Training,BCAA,Whey_Based,5,2,Regular,0.3,-0.2,3.9,8.3
Male,Under_25,170-180,70,22,Beginner,Less_than_3,HIIT,BCAA,Vegan,3,1,Regular,-0.3,-0.6,2.7,8.5
Male,25-35,160-170,59,23,Beginner,Less_than_3,Strength_Training,Energy_Drink,Sugar_Free,6,3,Regular,0.1,0,2.7,7.2
Male,Under_25,Above_190,81,15,Advanced,Less_than_3,Strength_Training,Whey_Protein,Concentrate,4,1,Regular,4,-2.1,6.3,10
Male,25-35,160-170,54,22,Intermediate,More_than_5,Strength_Training,BCAA,Whey_Based,7,5,Low_Carb,0.6,0,7.1,9.8
Female,Under_25,170-180,80,24,Beginner,3-5_times,Strength_Training,Creatine,HCL,4,6,Low_Carb,3.3,0,8.9,10
Male,25-35,180-190,78,20,Beginner,3-5_times,Strength_Training,BCAA,Whey_Based,5,3,High_Protein,0.9,-0.1,3.3,7.5
Male,25-35,180-190,85,27,Beginner,More_than_5,Strength_Training,L_Carnitine,Liquid,6,3,High_Protein,0.2,-2.2,3.2,8.9
Female,Over_35,170-180,74,22,Beginner,3-5_times,Flexibility,Whey_Protein,Concentrate,7,5,High_Protein,1.9,-0.2,2.3,8.1
Male,Under_25,160-170,58,18,Beginner,Less_than_3,Flexibility,Pre_Workout,Regular,8,2,High_Protein,0.1,-0.1,4.3,9.9
Female,Under_25,170-180,65,29,Beginner,More_than_5,Strength_Training,Whey_Protein,Hydrolyzed,3,6,High_Protein,3.9,-1.2,7.4,10
Male,25-35,170-180,84,20,Intermediate,More_than_5,Strength_Training,BCAA,Whey_Based,7,5,High_Protein,0.8,-0.4,7.3,10
Female,25-35,160-170,73,22,Intermediate,More_than_5,Flexibility,Multivitamin,Standard,4,6,High_Protein,0,-0.1,2.8,6
Male,25-35,170-180,67,24,Advanced,Less_than_3,Endurance,Creatine,HCL,6,3,Regular,2.9,-0.4,7.8,10
Male,Over_35,180-190,80,25,Beginner,3-5_times,Strength_Training,Fish_Oil,Deep_Sea,6,6,Regular,0.2,-0.7,0.7,8.1
Male,25-35,160-170,65,27,Beginner,3-5_times,HIIT,Multivitamin,Standard,7,5,Regular,-0.3,0,2.7,7.6
Male,Over_35,150-160,61,28,Intermediate,3-5_times,Endurance,BCAA,Whey_Based,6,7,Vegan,-0.6,-0.5,5.7,9
Male,Under_25,170-180,75,18,Advanced,3-5_times,Endurance,Creatine,Monohydrate,5,5,High_Protein,3.5,-0.3,12,10
Male,25-35,160-170,65,26,Beginner,Less_than_3,Strength_Training,Whey_Protein,Isolate,4,2,High_Protein,2.2,-1,3,10
Male,25-35,Above_190,100,27,Beginner,More_than_5,Flexibility,Whey_Protein,Concentrate,5,2,Regular,1.9,-1,2.7,8
Male,Under_25,160-170,57,17,Beginner,More_than_5,HIIT,Pre_Workout,Caffeine_Free,5,2,Low_Carb,-0.3,-0.2,11.1,10
Female,Under_25,170-180,75,28,Intermediate,3-5_times,Strength_Training,BCAA,Vegan,8,3,Regular,0.7,-0.3,6.6,10
Male,Under_25,180-190,86,23,Intermediate,Less_than_3,Endurance,Creatine,Monohydrate,3,1,Regular,1.3,-0.1,4.9,9.3
Male,Under_25,150-160,59,14,Advanced,More_than_5,Strength_Training,Whey_Protein,Hydrolyzed,4,6,High_Protein,11,-2.3,11.5,10
Female,25-35,170-180,62,21,Beginner,Less_than_3,Endurance,Creatine,HCL,5,3,High_Protein,0.3,-0.1,2.2,9
Female,Under_25,180-190,89,29,Advanced,More_than_5,Strength_Training,L_Carnitine,Liquid,5,3,High_Protein,0,-3.9,4.4,8.6
Female,25-35,170-180,71,22,Beginner,3-5_times,HIIT,Fish_Oil,Deep_Sea,7,2,High_Protein,-0.3,-0.9,2.5,8.4
Male,25-35,160-170,68,19,Beginner,Less_than_3,Flexibility,BCAA,Whey_Based,3,3,Regular,0.1,-0.4,2.1,7.1
Female,Under_25,170-180,66,25,Beginner,3-5_times,Strength_Training,Whey_Protein,Isolate,6,6,Regular,3.3,-1.5,3.8,9.9
Female,Under_25,170-180,67,25,Intermediate,3-5_times,Strength_Training,Pre_Workout,Regular,5,6,Regular,0.4,0,12.6,10
Male,Over_35,170-180,78,27,Intermediate,Less_than_3,Endurance,Whey_Protein,Hydrolyzed,5,2,Regular,1.6,-0.8,3.9,10
Male,Over_35,170-180,84,29,Beginner,3-5_times,Endurance,Creatine,Monohydrate,4,7,High_Protein,1.6,0,6.9,9.8
Male,25-35,170-180,82,19,Intermediate,Less_than_3,Strength_Training,Multivitamin,Standard,5,3,High_Protein,0,0,2.2,6.1
Male,25-35,180-190,87,17,Beginner,3-5_times,Flexibility,Whey_Protein,Concentrate,5,1,Low_Carb,1.3,-0.2,1.3,8.5
Male,Under_25,170-180,81,18,Beginner,3-5_times,HIIT,BCAA,Whey_Based,8,3,High_Protein,-0.3,-0.5,5.1,8.4
Female,25-35,150-160,58,27,Intermediate,3-5_times,Strength_Training,Whey_Protein,Concentrate,8,3,Regular,5.5,-1.7,6.3,10
Male,Under_25,Above_190,91,18,Beginner,Less_than_3,Strength_Training,Creatine,HCL,6,2,Low_Carb,2.7,0,3.9,10
Male,Over_35,180-190,79,25,Beginner,3-5_times,Strength_Training,Whey_Protein,Isolate,5,7,Regular,3.8,-1.2,3.8,10
Female,25-35,180-190,85,28,Intermediate,3-5_times,Strength_Training,Whey_Protein,Concentrate,7,3,Regular,5.9,-1.6,7.2,10
Male,Under_25,170-180,65,20,Intermediate,3-5_times,Strength_Training,BCAA,Whey_Based,5,5,Regular,0.9,-0.4,5.3,8.7
Male,25-35,150-160,61,17,Beginner,3-5_times,HIIT,BCAA,Vegan,7,2,Regular,-0.5,-0.4,3.5,8.5
Female,25-35,160-170,72,30,Intermediate,3-5_times,Strength_Training,Whey_Protein,Concentrate,3,6,Regular,4.9,-1.7,6.8,10
Female,25-35,Above_190,106,27,Beginner,3-5_times,HIIT,Creatine,HCL,7,4,High_Protein,1.1,-0.3,7.4,10
Male,Under_25,180-190,84,22,Advanced,3-5_times,HIIT,Creatine,Monohydrate,5,6,High_Protein,4,-0.2,10.6,10
Female,Over_35,170-180,71,29,Intermediate,3-5_times,Endurance,Energy_Drink,Sugar_Free,8,2,Low_Carb,-0.2,-0.3,2.2,8.8
Male,Under_25,180-190,87,18,Advanced,3-5_times,Strength_Training,BCAA,Whey_Based,3,5,Regular,0.9,-0.6,6.3,10
Female,Under_25,180-190,88,19,Beginner,3-5_times,Strength_Training,Whey_Protein,Isolate,7,3,Regular,4.1,-0.9,5.2,10
Male,Under_25,160-170,58,14,Intermediate,3-5_times,HIIT,Creatine,Monohydrate,3,2,Regular,1.9,-0.2,9.8,10
Male,Over_35,170-180,79,18,Beginner,3-5_times,Flexibility,Whey_Protein,Isolate,7,3,Low_Carb,1.7,-0.2,1.7,9.1
Male,25-35,150-160,57,25,Beginner,More_than_5,HIIT,Creatine,Monohydrate,8,3,High_Protein,1.5,-0.3,10.2,10
Male,25-35,150-160,61,20,Intermediate,Less_than_3,Endurance,Energy_Drink,Sugar,6,4,Low_Carb,-0.5,0,1.6,7
Female,Over_35,150-160,63,26,Intermediate,Less_than_3,Strength_Training,Creatine,Monohydrate,7,5,Regular,4.2,-0.1,10,10
Female,25-35,180-190,72,21,Intermediate,3-5_times,Endurance,Creatine,Monohydrate,5,6,Regular,2.4,-0.2,8,10
Male,Under_25,180-190,89,22,Beginner,3-5_times,Strength_Training,Creatine,HCL,8,5,Regular,4,0,7.5,10
Female,Under_25,150-160,62,20,Intermediate,Less_than_3,HIIT,Energy_Drink,Sugar_Free,8,4,High_Protein,-0.4,-0.4,3.7,7.4
Female,25-35,Above_190,84,21,Beginner,Less_than_3,HIIT,Creatine,Monohydrate,8,7,High_Protein,1.3,-0.3,5.2,9.9
Female,Under_25,170-180,80,29,Intermediate,Less_than_3,Flexibility,Whey_Protein,Isolate,4,7,Low_Carb,1.1,-0.3,1.6,9
Male,Under_25,160-170,60,14,Intermediate,3-5_times,Strength_Training,Creatine,Monohydrate,6,3,Regular,6.7,0,11.7,10
Male,25-35,170-180,81,18,Advanced,More_than_5,HIIT,Whey_Protein,Concentrate,3,4,Regular,4.3,-2.9,11.7,10
Male,Under_25,160-170,74,16,Beginner,3-5_times,Strength_Training,Whey_Protein,Concentrate,8,6,Regular,3.7,-1.3,3.7,10
Male,25-35,170-180,66,25,Beginner,More_than_5,Strength_Training,Pre_Workout,Regular,4,2,High_Protein,0.6,0,13.5,10
Male,Over_35,170-180,69,21,Beginner,Less_than_3,Flexibility,BCAA,Whey_Based,8,7,High_Protein,0.2,-0.1,0.9,8
Female,Under_25,160-170,58,22,Intermediate,3-5_times,Endurance,Whey_Protein,Hydrolyzed,8,2,High_Protein,1.7,-1,5.5,10
Male,Under_25,160-170,55,21,Intermediate,3-5_times,Strength_Training,Creatine,Monohydrate,3,6,Low_Carb,5.3,-0.1,14.1,10
Male,Under_25,180-190,90,12,Intermediate,More_than_5,Strength_Training,Multivitamin,Sport_Enhanced,7,4,Low_Carb,0.2,0.2,4.8,7.9
Male,Under_25,170-180,79,14,Intermediate,3-5_times,Endurance,Creatine,Monohydrate,6,3,High_Protein,2.6,-0.2,9,10
Male,Under_25,170-180,68,17,Intermediate,Less_than_3,Strength_Training,Creatine,Monohydrate,4,2,Regular,4.7,-0.1,10,10
Female,Under_25,170-180,77,21,Beginner,Less_than_3,Strength_Training,Whey_Protein,Concentrate,4,2,Regular,2.8,-0.9,3.7,10
Female,Under_25,170-180,64,23,Beginner,More_than_5,HIIT,Energy_Drink,Sugar_Free,6,7,Regular,-0.2,-0.3,5.3,8.2
Female,Over_35,170-180,61,31,Intermediate,3-5_times,Strength_Training,Whey_Protein,Hydrolyzed,6,5,High_Protein,5.3,-1.4,8.6,10
Male,Under_25,Above_190,80,20,Intermediate,3-5_times,Flexibility,BCAA,Whey_Based,3,3,Regular,0.1,-0.5,1.6,8.2
Male,Under_25,170-180,62,16,Beginner,3-5_times,Strength_Training,Creatine,Monohydrate,6,1,Low_Carb,3.5,-0.1,7.5,10
Male,25-35,180-190,75,24,Beginner,Less_than_3,Strength_Training,Whey_Protein,Concentrate,4,5,Low_Carb,1.7,-0.4,2.8,8.9
Female,Under_25,180-190,88,19,Beginner,Less_than_3,Flexibility,Multivitamin,Standard,8,2,Regular,0.2,0.1,0.8,6
Male,Under_25,170-180,78,19,Intermediate,3-5_times,Strength_Training,Fish_Oil,Deep_Sea,7,4,Regular,0.3,-1,1,7.3
Female,Under_25,170-180,69,27,Beginner,Less_than_3,HIIT,Pre_Workout,Regular,8,6,Regular,-0.2,-0.2,6.4,10
Male,25-35,160-170,53,23,Advanced,Less_than_3,Flexibility,Creatine,HCL,6,4,Regular,3.4,-0.3,5.2,10
Female,Under_25,180-190,83,25,Beginner,3-5_times,Endurance,Creatine,Monohydrate,3,7,Low_Carb,0.9,-0.2,4.7,10
Female,Under_25,180-190,77,24,Advanced,3-5_times,Strength_Training,Whey_Protein,Isolate,4,2,Regular,5.3,-2.7,6.3,10
Male,Over_35,170-180,66,19,Intermediate,Less_than_3,Strength_Training,BCAA,Whey_Based,3,4,Regular,0.4,-0.4,3.7,9.1
Male,25-35,170-180,61,25,Intermediate,More_than_5,HIIT,Whey_Protein,Concentrate,4,4,Regular,1.8,-2,4.6,10
Male,25-35,170-180,68,18,Beginner,More_than_5,HIIT,Creatine,Monohydrate,8,2,Regular,1.8,-0.3,7.9,10
Male,Under_25,170-180,65,18,Intermediate,3-5_times,Flexibility,Whey_Protein,Isolate,7,6,High_Protein,1.9,-0.6,3.8,9.5
Female,Under_25,Above_190,83,25,Advanced,Less_than_3,Strength_Training,Creatine,HCL,8,4,High_Protein,4.8,0.1,11.3,10
Male,Over_35,170-180,60,22,Intermediate,3-5_times,Strength_Training,Creatine,Monohydrate,4,7,Low_Carb,4.9,0,12.7,10
Male,25-35,170-180,77,27,Intermediate,3-5_times,Strength_Training,L_Carnitine,Capsule,4,4,Regular,0,-2.2,2.3,8.6
Male,25-35,170-180,79,19,Intermediate,3-5_times,HIIT,Creatine,Monohydrate,3,7,Low_Carb,1.6,-0.1,10.3,10
Female,Over_35,170-180,64,27,Intermediate,3-5_times,HIIT,Creatine,HCL,7,5,Regular,2.7,-0.3,9.5,10
Male,25-35,170-180,74,22,Intermediate,Less_than_3,Flexibility,Whey_Protein,Isolate,3,6,Regular,1.2,-0.6,2.3,8.4
Male,Over_35,160-170,62,28,Advanced,3-5_times,Flexibility,Whey_Protein,Concentrate,7,7,Regular,2,-1,3.7,8.7
Male,25-35,150-160,53,24,Intermediate,3-5_times,Flexibility,Energy_Drink,Sugar,3,5,High_Protein,0.1,0,2,7
Male,Under_25,160-170,54,20,Advanced,3-5_times,Endurance,Multivitamin,Standard,3,6,Regular,-0.3,-0.2,6.5,8.1
Female,Under_25,170-180,74,22,Beginner,3-5_times,Strength_Training,Pre_Workout,Caffeine_Free,3,5,High_Protein,0.3,0,10.5,10
Female,Under_25,150-160,64,25,Intermediate,3-5_times,Flexibility,Creatine,HCL,7,2,Regular,2.2,0.1,5.3,10
Female,Under_25,160-170,53,28,Beginner,More_than_5,Endurance,Pre_Workout,Regular,4,2,Regular,0.2,-0.2,10.8,10
Male,Over_35,170-180,70,21,Intermediate,3-5_times,Flexibility,Energy_Drink,Sugar_Free,3,3,Low_Carb,0.3,0.1,2.6,7.8
Female,Under_25,170-180,82,24,Beginner,3-5_times,Strength_Training,Whey_Protein,Isolate,6,1,Regular,2.3,-1.4,3.6,10
Male,Over_35,170-180,70,22,Intermediate,3-5_times,HIIT,BCAA,Whey_Based,6,5,High_Protein,-0.2,-0.5,6.3,10
Male,25-35,180-190,87,17,Intermediate,3-5_times,Strength_Training,Fish_Oil,Deep_Sea,8,2,High_Protein,0.1,-1,1.2,8.2
Female,25-35,170-180,78,27,Intermediate,3-5_times,Endurance,BCAA,Whey_Based,5,6,High_Protein,-0.2,-0.6,5,8
Male,Over_35,160-170,64,29,Beginner,3-5_times,Endurance,Whey_Protein,Isolate,3,5,High_Protein,1.1,-0.8,3.2,8.5
Male,Over_35,170-180,64,25,Intermediate,More_than_5,HIIT,Creatine,Monohydrate,4,2,High_Protein,2.8,-0.3,13,10
Male,Over_35,160-170,61,18,Intermediate,More_than_5,Flexibility,Creatine,HCL,5,6,Regular,3,0.1,6.6,10
Male,Under_25,180-190,86,12,Intermediate,3-5_times,Flexibility,Creatine,Monohydrate,8,3,Regular,3.4,0.1,4.2,9.4
Male,Under_25,170-180,68,23,Beginner,3-5_times,Strength_Training,Whey_Protein,Concentrate,7,4,Regular,3.4,-1,5,10
Male,Under_25,170-180,64,17,Beginner,3-5_times,Strength_Training,Whey_Protein,Concentrate,5,1,Regular,3.8,-1.5,4.9,10
Female,25-35,170-180,64,28,Advanced,3-5_times,Strength_Training,Whey_Protein,Concentrate,5,1,Low_Carb,5.3,-1.5,8.6,10
Female,Under_25,180-190,72,18,Beginner,3-5_times,Endurance,Energy_Drink,Sugar_Free,5,1,Regular,-0.3,-0.2,1.8,8.6
Male,Over_35,170-180,68,29,Beginner,3-5_times,Strength_Training,BCAA,Whey_Based,7,6,High_Protein,1,-0.1,4.2,7.9
Male,Over_35,170-180,73,25,Beginner,Less_than_3,Strength_Training,Creatine,HCL,4,4,Regular,2.5,0,6.1,10
Female,25-35,170-180,60,29,Beginner,More_than_5,Strength_Training,Creatine,HCL,3,3,Low_Carb,5,0,10.5,10
Male,Over_35,170-180,81,27,Beginner,More_than_5,HIIT,Creatine,Monohydrate,5,1,High_Protein,3,-0.3,8.4,10
Male,25-35,Above_190,108,18,Beginner,3-5_times,Flexibility,BCAA,Vegan,7,3,Regular,0.1,-0.4,1.5,6.7
Female,25-35,160-170,61,21,Beginner,3-5_times,Endurance,BCAA,Whey_Based,4,2,High_Protein,-0.6,-0.3,4.1,8.8
Female,Under_25,170-180,73,27,Intermediate,3-5_times,Endurance,Creatine,Monohydrate,8,7,High_Protein,2.9,-0.4,9.9,10
Male,Under_25,170-180,72,15,Intermediate,3-5_times,Strength_Training,Creatine,Monohydrate,8,4,Low_Carb,5.3,0,11.2,10
Male,25-35,180-190,85,20,Beginner,Less_than_3,Strength_Training,Creatine,Monohydrate,6,1,Low_Carb,2.5,0,6.5,10
Female,Under_25,160-170,59,20,Advanced,Less_than_3,Endurance,Energy_Drink,Sugar,4,5,Regular,-0.5,0,2.7,7.5
Female,Under_25,180-190,88,22,Beginner,3-5_times,Endurance,Energy_Drink,Sugar_Free,6,1,Regular,-0.5,-0.3,1.7,8.4
Male,Under_25,180-190,88,16,Beginner,Less_than_3,Flexibility,Whey_Protein,Concentrate,6,6,Regular,1,-0.4,0.9,8.6
Male,25-35,170-180,67,22,Beginner,Less_than_3,Strength_Training,Creatine,Monohydrate,5,3,High_Protein,3.8,-0.1,5.6,10
Female,Over_35,170-180,77,33,Beginner,3-5_times,Flexibility,Whey_Protein,Hydrolyzed,3,5,Regular,1.7,-0.4,1.6,9.3
Male,Over_35,150-160,54,24,Beginner,Less_than_3,Strength_Training,Creatine,HCL,7,3,High_Protein,3.3,0.1,5.3,10
Male,Under_25,170-180,78,14,Intermediate,3-5_times,Endurance,Energy_Drink,Sugar,6,7,Regular,-0.2,-0.1,2.8,7.7
Female,25-35,170-180,74,31,Beginner,Less_than_3,Strength_Training,Whey_Protein,Concentrate,7,1,Vegan,2.8,-0.9,3,10
Male,25-35,150-160,60,16,Intermediate,Less_than_3,Strength_Training,Multivitamin,Sport_Enhanced,4,4,High_Protein,0.5,-0.1,3,7.9
Female,Under_25,180-190,93,19,Intermediate,More_than_5,HIIT,Whey_Protein,Concentrate,6,3,High_Protein,1.7,-2.2,6.7,10
Male,Under_25,150-160,48,24,Advanced,Less_than_3,Flexibility,Creatine,Monohydrate,8,6,High_Protein,2.5,0,5.5,9.9
Female,Under_25,170-180,75,26,Advanced,3-5_times,Flexibility,BCAA,Whey_Based,3,3,Regular,0,-0.6,3.4,7.4
Female,Under_25,180-190,82,26,Advanced,Less_than_3,Strength_Training,Creatine,Monohydrate,8,7,Regular,4.4,0.1,11,10
Female,Under_25,170-180,74,20,Advanced,More_than_5,HIIT,Pre_Workout,Regular,8,6,Regular,-0.2,-0.1,24.3,10
Male,Under_25,160-170,64,12,Beginner,More_than_5,HIIT,Fish_Oil,Deep_Sea,8,7,High_Protein,-0.2,-1.5,2.6,8.3
Female,25-35,180-190,88,21,Advanced,Less_than_3,Strength_Training,Whey_Protein,Hydrolyzed,5,4,Regular,4.4,-2,5.9,10
Male,Over_35,180-190,88,24,Intermediate,3-5_times,Strength_Training,Pre_Workout,Caffeine_Free,6,6,Regular,-0.1,0.1,13.2,10
Male,25-35,180-190,81,20,Beginner,More_than_5,Strength_Training,Creatine,HCL,6,2,Regular,4.6,0.2,11.6,10
Male,25-35,150-160,54,19,Advanced,3-5_times,Endurance,Energy_Drink,Sugar,4,6,Regular,-0.2,0.1,2.1,7.2
Male,Over_35,170-180,84,29,Intermediate,3-5_times,Endurance,Creatine,Monohydrate,4,1,Low_Carb,1.7,-0.1,9.3,10
Female,Under_25,170-180,80,25,Intermediate,More_than_5,Strength_Training,Creatine,Monohydrate,6,5,Regular,5.9,-0.1,13.1,10
Male,Over_35,170-180,77,18,Intermediate,3-5_times,Endurance,Whey_Protein,Concentrate,5,7,High_Protein,2.1,-1.6,4.8,10
Male,Under_25,170-180,80,17,Intermediate,Less_than_3,Endurance,Creatine,Monohydrate,3,1,Vegan,0.7,-0.1,6.9,10
Male,Under_25,180-190,74,18,Advanced,3-5_times,HIIT,BCAA,Whey_Based,7,1,Regular,-0.3,-0.9,7.7,9.6
Male,Under_25,170-180,82,18,Beginner,Less_than_3,Endurance,Whey_Protein,Concentrate,3,1,Regular,0.3,-0.6,2.6,9.8
Male,Over_35,Above_190,91,19,Beginner,3-5_times,HIIT,BCAA,Whey_Based,5,7,High_Protein,-0.6,-0.7,5.4,8
Female,25-35,170-180,64,20,Advanced,3-5_times,HIIT,Creatine,HCL,6,5,Regular,3.6,0.1,14,10
Male,Under_25,170-180,60,18,Beginner,3-5_times,Strength_Training,Whey_Protein,Hydrolyzed,7,3,High_Protein,3.2,-0.9,5.5,10
Male,Under_25,180-190,80,19,Intermediate,3-5_times,Endurance,Creatine,Monohydrate,5,7,High_Protein,2.6,0,8.6,10
Female,Under_25,170-180,72,18,Intermediate,3-5_times,Strength_Training,Fish_Oil,Deep_Sea,3,6,Regular,0.2,-1.3,0.8,7.6
Female,Under_25,170-180,67,23,Advanced,More_than_5,Strength_Training,BCAA,Whey_Based,6,2,Vegan,0.5,-0.5,7.8,8.6
Male,Under_25,170-180,73,12,Beginner,3-5_times,Endurance,BCAA,Whey_Based,5,6,Regular,-0.3,-0.5,4.4,9.5
Male,25-35,160-170,54,23,Intermediate,3-5_times,Strength_Training,Creatine,Monohydrate,8,5,Low_Carb,4.8,0.1,13.8,10
Male,25-35,160-170,55,15,Intermediate,Less_than_3,Strength_Training,Creatine,HCL,5,4,High_Protein,5.3,0.1,10.4,10
Male,Under_25,180-190,81,15,Intermediate,3-5_times,Strength_Training,Whey_Protein,Concentrate,8,4,High_Protein,5.2,-1.2,5.2,10
Male,Under_25,170-180,71,23,Advanced,Less_than_3,Strength_Training,Energy_Drink,Sugar,5,7,High_Protein,-0.1,0.1,5.1,7.8
Male,Under_25,170-180,78,23,Intermediate,More_than_5,Strength_Training,BCAA,Vegan,8,6,Regular,0.6,-0.6,6.8,9.7
Male,25-35,180-190,83,24,Intermediate,Less_than_3,HIIT,BCAA,Whey_Based,5,4,High_Protein,-0.4,-0.4,5.1,9.6
Female,Under_25,150-160,53,21,Intermediate,Less_than_3,Strength_Training,Whey_Protein,Isolate,4,5,Regular,3.3,-1.1,4.2,10
Male,25-35,170-180,72,17,Intermediate,Less_than_3,Flexibility,BCAA,Vegan,5,6,Regular,0.3,-0.3,1.5,6.9
Male,Over_35,160-170,67,28,Beginner,3-5_times,HIIT,Whey_Protein,Concentrate,4,6,Regular,0.8,-1.2,3.1,8.7
Female,Under_25,160-170,73,26,Beginner,3-5_times,Strength_Training,BCAA,Whey_Based,8,3,High_Protein,0.4,-0.2,4.3,8.3
Male,25-35,170-180,75,16,Beginner,Less_than_3,Endurance,Creatine,Monohydrate,7,5,High_Protein,1.4,-0.2,2,8.5
Female,Over_35,160-170,74,30,Intermediate,More_than_5,Strength_Training,Whey_Protein,Hydrolyzed,4,1,Regular,5.1,-2.2,9.3,10
Male,Under_25,170-180,73,16,Intermediate,More_than_5,HIIT,Pre_Workout,Regular,8,2,Vegan,-0.4,-0.1,17.1,10
Female,25-35,160-170,69,28,Intermediate,Less_than_3,HIIT,BCAA,Vegan,3,1,High_Protein,-0.5,-0.6,3.7,9.3
Female,25-35,180-190,90,22,Beginner,3-5_times,Endurance,BCAA,Whey_Based,7,3,Vegan,-0.2,-0.6,3.5,8.3
Female,Over_35,160-170,53,34,Beginner,3-5_times,Strength_Training,BCAA,Whey_Based,8,1,Regular,0.5,-0.2,4.5,8
Female,25-35,170-180,82,31,Beginner,3-5_times,Endurance,Multivitamin,Standard,3,6,High_Protein,-0.2,-0.1,2.8,6.6
Male,25-35,160-170,73,21,Intermediate,More_than_5,Endurance,Creatine,Monohydrate,5,5,Regular,1.6,0,12.9,10
Male,Over_35,170-180,63,25,Beginner,More_than_5,HIIT,BCAA,Whey_Based,3,4,Regular,-0.3,-0.6,5.5,8.5
Female,25-35,150-160,52,23,Advanced,3-5_times,Endurance,Creatine,Monohydrate,5,4,Regular,3.9,0,11.6,10
Male,Over_35,170-180,80,25,Beginner,3-5_times,HIIT,Creatine,Monohydrate,7,6,Low_Carb,0.8,-0.2,7.9,10
Male,Under_25,180-190,74,19,Beginner,More_than_5,Strength_Training,Creatine,Monohydrate,5,5,Low_Carb,4,0,10,10
Male,25-35,170-180,62,27,Intermediate,3-5_times,Flexibility,Creatine,Monohydrate,8,2,High_Protein,1.9,0,4.9,10
Male,Under_25,170-180,70,19,Intermediate,3-5_times,Strength_Training,Creatine,Monohydrate,6,4,High_Protein,6.4,-0.1,12.9,10
Male,Under_25,180-190,83,16,Intermediate,More_than_5,Strength_Training,Whey_Protein,Isolate,8,1,Regular,5.4,-2.3,7.9,10
Male,Under_25,170-180,70,20,Beginner,More_than_5,Flexibility,Fish_Oil,Deep_Sea,8,4,Regular,-0.3,-0.6,0.6,7.5
Female,Under_25,170-180,66,23,Beginner,Less_than_3,Strength_Training,Energy_Drink,Sugar,5,7,Regular,0.2,0.1,2,7.1
Male,25-35,180-190,80,23,Advanced,3-5_times,Flexibility,Creatine,HCL,8,4,High_Protein,4.5,-0.2,6.6,9.8
Male,Over_35,170-180,65,29,Intermediate,More_than_5,Flexibility,Fish_Oil,Deep_Sea,4,1,Regular,0.1,-1.3,1.9,8
Female,25-35,160-170,64,28,Intermediate,Less_than_3,HIIT,Creatine,Monohydrate,4,5,High_Protein,1.2,-0.1,9.2,10
Female,Under_25,170-180,69,23,Beginner,3-5_times,Strength_Training,L_Carnitine,Capsule,8,2,Low_Carb,0.2,-1.4,2.1,8.7
Male,Under_25,170-180,75,20,Intermediate,Less_than_3,Strength_Training,Creatine,Monohydrate,6,6,Low_Carb,3.8,0,9,10
Female,Under_25,160-170,52,20,Beginner,3-5_times,HIIT,Creatine,Monohydrate,8,7,Regular,1.3,-0.3,7.3,10
Male,Under_25,170-180,84,21,Advanced,3-5_times,Strength_Training,BCAA,Whey_Based,6,3,Regular,0.5,-0.5,6.2,9.3
Male,Under_25,160-170,56,13,Beginner,3-5_times,Strength_Training,BCAA,Whey_Based,3,7,Regular,0.2,-0.4,3.8,7.5
Female,25-35,160-170,52,20,Beginner,Less_than_3,HIIT,Whey_Protein,Concentrate,5,7,High_Protein,0.9,-1,2.6,9.9
Male,25-35,160-170,70,20,Advanced,3-5_times,Strength_Training,Energy_Drink,Sugar_Free,7,2,Regular,0.2,-0.1,8.6,9
Male,Over_35,180-190,93,21,Beginner,3-5_times,Strength_Training,Creatine,Monohydrate,5,4,Low_Carb,3.8,0.1,8,10
Male,Under_25,150-160,62,22,Intermediate,3-5_times,Endurance,Creatine,Monohydrate,6,1,Regular,2.5,-0.3,10.4,10
Male,Under_25,150-160,45,21,Intermediate,More_than_5,HIIT,Whey_Protein,Isolate,7,5,High_Protein,2.5,-2.2,7.1,10
Male,25-35,170-180,70,25,Beginner,More_than_5,Strength_Training,Creatine,Monohydrate,4,2,Regular,6.1,-0.1,10.9,10
Male,Under_25,170-180,61,12,Intermediate,3-5_times,HIIT,Energy_Drink,Sugar,3,2,High_Protein,-0.4,-0.1,5.8,8.6
Female,25-35,150-160,63,24,Beginner,3-5_times,Strength_Training,Whey_Protein,Hydrolyzed,8,2,Low_Carb,2.3,-0.7,4.8,10
Female,Under_25,170-180,76,29,Intermediate,3-5_times,HIIT,Whey_Protein,Concentrate,8,2,Low_Carb,2.1,-1.2,5.6,9.8
Female,25-35,170-180,62,20,Advanced,3-5_times,Flexibility,Creatine,HCL,7,3,High_Protein,2.5,-0.1,5,9.1
Male,Under_25,170-180,63,14,Intermediate,3-5_times,HIIT,Whey_Protein,Hydrolyzed,8,2,Regular,1.6,-1.8,6.8,10
Male,25-35,Above_190,81,25,Intermediate,3-5_times,Strength_Training,Whey_Protein,Isolate,3,2,High_Protein,5.6,-0.9,7.6,10
Male,25-35,170-180,81,27,Beginner,More_than_5,HIIT,Whey_Protein,Isolate,5,5,Low_Carb,1.3,-1.4,5.5,10
Male,Over_35,180-190,83,20,Beginner,3-5_times,Flexibility,Fish_Oil,Deep_Sea,4,7,High_Protein,0.3,-0.5,0.9,6.6
Male,Under_25,170-180,63,19,Beginner,More_than_5,Flexibility,BCAA,Vegan,6,6,Regular,0.1,-0.2,2.1,8.1
Male,Under_25,180-190,71,21,Beginner,Less_than_3,Strength_Training,Fish_Oil,Deep_Sea,6,2,Regular,0,-0.5,0.6,7
Female,Under_25,150-160,48,25,Beginner,Less_than_3,HIIT,Whey_Protein,Isolate,7,5,Low_Carb,0.3,-0.9,3.1,8.7
Male,Under_25,170-180,73,21,Beginner,3-5_times,Strength_Training,Creatine,Monohydrate,5,7,Regular,3.8,-0.1,9.1,10
Female,25-35,160-170,53,26,Intermediate,Less_than_3,Strength_Training,Whey_Protein,Concentrate,4,2,Low_Carb,2.2,-0.5,4.6,10
Male,Under_25,150-160,49,22,Advanced,3-5_times,Strength_Training,Pre_Workout,Regular,3,3,Regular,0.2,0.2,16.5,10
Female,25-35,170-180,74,21,Beginner,3-5_times,Endurance,Multivitamin,Standard,7,6,High_Protein,-0.1,-0.1,2.9,7.3
Male,Under_25,160-170,62,23,Beginner,3-5_times,Strength_Training,Energy_Drink,Sugar,6,1,Regular,0.1,-0.2,2.5,7.2
Male,25-35,170-180,69,16,Beginner,Less_than_3,Strength_Training,Creatine,HCL,4,4,Low_Carb,1.9,0,6.4,10
Female,25-35,170-180,70,21,Intermediate,Less_than_3,HIIT,Fish_Oil,Deep_Sea,7,3,Regular,-0.6,-1.1,1.4,7.3
Male,Under_25,Above_190,106,13,Beginner,More_than_5,Strength_Training,BCAA,Vegan,8,2,High_Protein,0.4,-0.5,4.3,7.6
Male,Under_25,Above_190,89,22,Intermediate,Less_than_3,HIIT,Whey_Protein,Isolate,7,6,Regular,1.5,-1.3,3.2,9.6
Male,Under_25,170-180,82,18,Beginner,3-5_times,Flexibility,BCAA,Whey_Based,8,2,Vegan,-0.1,-0.3,1.1,7.3
Female,Under_25,160-170,66,23,Intermediate,3-5_times,Flexibility,Fish_Oil,Deep_Sea,6,2,Regular,0.3,-0.5,0.9,8
Male,25-35,170-180,60,15,Beginner,Less_than_3,Endurance,Whey_Protein,Concentrate,8,2,Regular,0.8,-0.6,2.6,8.4
Male,25-35,160-170,69,17,Intermediate,3-5_times,Strength_Training,Energy_Drink,Sugar,6,5,Low_Carb,0.1,0.1,6.4,8.4
Male,Over_35,170-180,75,27,Advanced,3-5_times,Strength_Training,Whey_Protein,Isolate,8,7,High_Protein,7.9,-1.8,10.9,10
Female,25-35,160-170,62,20,Beginner,3-5_times,Strength_Training,Fish_Oil,Deep_Sea,7,3,High_Protein,0.5,-0.7,1.1,7.2
Male,25-35,170-180,78,27,Beginner,Less_than_3,Endurance,Pre_Workout,Regular,6,2,Regular,0,-0.2,5.3,10
Male,25-35,170-180,69,16,Intermediate,Less_than_3,Strength_Training,Fish_Oil,Deep_Sea,4,7,Regular,0.1,-0.8,1,8.3
Male,25-35,150-160,53,19,Intermediate,3-5_times,Strength_Training,Energy_Drink,Sugar,6,5,Regular,0.1,0,4.2,9.1
Male,Over_35,180-190,72,28,Beginner,More_than_5,Strength_Training,Whey_Protein,Concentrate,6,6,Regular,4.8,-1.4,6.3,10
Male,25-35,170-180,72,19,Beginner,More_than_5,Strength_Training,Whey_Protein,Isolate,6,4,Regular,4.2,-1.3,7.1,10
Male,25-35,180-190,83,26,Intermediate,Less_than_3,Strength_Training,Whey_Protein,Concentrate,5,7,Regular,2.5,-1.4,5.3,10
Male,25-35,170-180,62,17,Beginner,3-5_times,HIIT,Whey_Protein,Isolate,6,3,Regular,1.3,-1,3.9,10
Male,25-35,160-170,59,25,Beginner,More_than_5,Endurance,Creatine,HCL,8,1,Regular,2.8,-0.3,7.7,10
Female,Under_25,170-180,66,29,Intermediate,3-5_times,HIIT,Creatine,Monohydrate,6,4,Low_Carb,2,-0.1,9.2,10
Female,Over_35,160-170,56,33,Intermediate,Less_than_3,Endurance,BCAA,Whey_Based,8,6,Vegan,-0.4,-0.4,2.3,8.2
Female,Under_25,170-180,80,18,Intermediate,3-5_times,Endurance,BCAA,Whey_Based,7,6,High_Protein,-0.3,-0.5,5.6,7.9
Male,25-35,160-170,57,27,Beginner,3-5_times,Strength_Training,BCAA,Vegan,7,4,High_Protein,0.4,-0.3,4.1,7.8
Male,Under_25,180-190,72,23,Intermediate,3-5_times,Strength_Training,Whey_Protein,Isolate,7,2,Vegan,3,-1.5,4.9,10
Male,Under_25,170-180,78,16,Beginner,3-5_times,HIIT,Pre_Workout,Regular,6,1,High_Protein,-0.4,-0.1,9.9,10
Male,Over_35,150-160,54,27,Intermediate,3-5_times,Strength_Training,Creatine,Monohydrate,3,2,Regular,6.5,0.4,12.1,10
Female,Under_25,160-170,62,18,Beginner,3-5_times,Strength_Training,Energy_Drink,Sugar,3,1,Vegan,0.2,0.1,3.3,8.6
Male,25-35,150-160,54,18,Beginner,3-5_times,HIIT,Creatine,Monohydrate,8,6,High_Protein,1.7,-0.1,7.9,10
Male,Over_35,160-170,71,22,Advanced,Less_than_3,Strength_Training,Creatine,Monohydrate,5,3,High_Protein,7.4,0,13.7,10
Female,Under_25,160-170,64,23,Intermediate,More_than_5,Endurance,Whey_Protein,Isolate,3,7,Low_Carb,2.5,-1,5.9,10
Male,Under_25,170-180,67,13,Intermediate,3-5_times,Endurance,Pre_Workout,Regular,3,3,Regular,-0.4,-0.2,12.1,10
Female,25-35,150-160,64,20,Intermediate,3-5_times,Flexibility,Pre_Workout,Regular,6,1,Regular,0.2,0.1,4.9,9
Male,25-35,170-180,72,23,Intermediate,More_than_5,Flexibility,Creatine,Monohydrate,5,1,Low_Carb,1.7,0,7.5,10
Male,Under_25,170-180,79,16,Advanced,3-5_times,Flexibility,Multivitamin,Sport_Enhanced,8,6,Regular,0.4,0,1.8,6.6
Male,25-35,180-190,90,20,Beginner,3-5_times,HIIT,Multivitamin,Standard,4,6,High_Protein,-0.1,-0.2,2.8,7.4
Male,Under_25,170-180,68,18,Beginner,3-5_times,Endurance,Creatine,Monohydrate,3,3,Regular,1.4,-0.2,6.4,10
Female,Under_25,170-180,81,18,Beginner,3-5_times,Flexibility,Multivitamin,Standard,6,1,Low_Carb,0.2,-0.1,1.1,6.2
Female,Under_25,160-170,71,23,Intermediate,3-5_times,Strength_Training,Whey_Protein,Concentrate,5,7,High_Protein,5.7,-1.6,8,10
Male,Under_25,170-180,70,24,Beginner,3-5_times,Strength_Training,Energy_Drink,Sugar_Free,7,1,Regular,0.3,0.1,3.4,9.1
Female,25-35,170-180,84,27,Intermediate,3-5_times,HIIT,Creatine,Monohydrate,7,7,Regular,3.2,-0.3,10.9,10
Male,Over_35,170-180,82,25,Beginner,3-5_times,Endurance,Creatine,HCL,6,4,Regular,1.9,-0.1,6.3,10
Male,Under_25,180-190,78,16,Advanced,3-5_times,Flexibility,Whey_Protein,Concentrate,3,1,Regular,2.3,-0.7,3.3,8.7
Female,Over_35,180-190,76,34,Intermediate,3-5_times,Strength_Training,L_Carnitine,Capsule,3,7,Regular,-0.1,-2.4,3.2,8.7
Female,25-35,170-180,73,29,Beginner,3-5_times,Strength_Training,Whey_Protein,Isolate,8,6,Low_Carb,2.7,-1,4.2,10
Female,25-35,170-180,71,24,Intermediate,3-5_times,Strength_Training,Energy_Drink,Sugar_Free,5,5,High_Protein,-0.1,0,5.5,9.2
Male,25-35,170-180,62,18,Advanced,Less_than_3,HIIT,Whey_Protein,Concentrate,8,1,High_Protein,1.8,-1.1,7.1,10
Male,Under_25,150-160,61,18,Intermediate,Less_than_3,Strength_Training,Creatine,HCL,6,4,High_Protein,5.4,0,6.9,10
Male,Under_25,150-160,64,17,Beginner,3-5_times,Endurance,Creatine,Monohydrate,5,5,High_Protein,1.4,0,6.5,10
Male,Over_35,160-170,63,27,Beginner,3-5_times,Strength_Training,Energy_Drink,Sugar_Free,5,7,Low_Carb,-0.1,0,3.5,7.1
Male,Over_35,170-180,64,21,Beginner,3-5_times,Strength_Training,Creatine,HCL,6,2,Regular,3.7,0.1,8.5,10
Male,Under_25,160-170,59,18,Beginner,3-5_times,Strength_Training,Energy_Drink,Sugar,5,7,Regular,-0.2,-0.2,3.9,7.3
Female,Under_25,160-170,58,23,Beginner,3-5_times,Strength_Training,Fish_Oil,Deep_Sea,8,3,High_Protein,-0.1,-0.6,0.8,7.5
Male,25-35,160-170,61,25,Intermediate,3-5_times,Endurance,Whey_Protein,Concentrate,8,5,High_Protein,0.7,-0.6,5.6,10
Female,Over_35,170-180,68,24,Intermediate,Less_than_3,Flexibility,Creatine,HCL,4,7,High_Protein,2,0,3.1,9
Male,Under_25,170-180,71,19,Intermediate,3-5_times,Strength_Training,Whey_Protein,Concentrate,3,1,High_Protein,5.3,-1.5,5.6,10
Male,25-35,170-180,72,27,Beginner,3-5_times,Strength_Training,BCAA,Vegan,6,5,Low_Carb,0.5,-0.2,4,7.9
Male,25-35,160-170,56,26,Advanced,3-5_times,Strength_Training,L_Carnitine,Liquid,6,7,Regular,0.2,-3.3,3.3,9.3
Male,25-35,170-180,84,24,Beginner,More_than_5,Strength_Training,Whey_Protein,Isolate,7,1,Regular,4.1,-2.2,5.8,10
Female,Under_25,180-190,87,20,Intermediate,3-5_times,Endurance,BCAA,Vegan,4,6,Regular,-0.1,-0.8,5.5,9.8
Male,25-35,180-190,72,18,Beginner,3-5_times,Strength_Training,Whey_Protein,Hydrolyzed,4,4,Regular,3.6,-1.3,4.1,10
Male,Under_25,170-180,68,22,Intermediate,3-5_times,Endurance,Whey_Protein,Isolate,7,7,Regular,2.1,-1.2,4.4,9.8
Male,Under_25,180-190,93,22,Intermediate,Less_than_3,Endurance,Creatine,Monohydrate,6,7,Low_Carb,1.5,-0.2,5.9,10
Male,25-35,180-190,87,16,Advanced,3-5_times,Strength_Training,Whey_Protein,Concentrate,5,7,Regular,6.8,-3,9.1,10
Male,Over_35,160-170,57,28,Beginner,3-5_times,Strength_Training,Whey_Protein,Isolate,3,1,Regular,3.4,-1.7,4.7,10
Female,Under_25,180-190,79,24,Intermediate,3-5_times,Strength_Training,Creatine,Monohydrate,3,1,Regular,5.1,0.1,11.1,10
Male,Under_25,160-170,63,23,Beginner,Less_than_3,Strength_Training,Creatine,Monohydrate,8,6,High_Protein,3.3,0,6,10
Male,25-35,Above_190,104,17,Beginner,More_than_5,Flexibility,L_Carnitine,Liquid,4,5,Regular,0.4,-2.2,3,9.2
Male,Over_35,180-190,86,19,Intermediate,3-5_times,HIIT,Whey_Protein,Isolate,5,7,Regular,1.8,-1.9,5.7,9.8
Male,Under_25,160-170,54,12,Beginner,Less_than_3,Strength_Training,BCAA,Vegan,3,7,Regular,0.5,-0.2,2.3,7.8
Female,Over_35,170-180,77,31,Beginner,More_than_5,Strength_Training,Creatine,Monohydrate,6,3,High_Protein,4.7,-0.1,12.4,10
Male,Under_25,170-180,74,22,Intermediate,Less_than_3,HIIT,Creatine,HCL,4,2,Regular,1.7,-0.3,4,10
Male,Under_25,170-180,78,21,Intermediate,3-5_times,Strength_Training,BCAA,Whey_Based,6,6,High_Protein,0.6,-0.3,6.2,9.5
Female,25-35,170-180,77,31,Intermediate,3-5_times,HIIT,Pre_Workout,Regular,6,5,Regular,0,-0.4,12.6,10
Male,Under_25,170-180,65,16,Intermediate,3-5_times,Strength_Training,BCAA,Whey_Based,5,7,Vegan,0.3,-0.3,3.9,8.9
Female,Under_25,160-170,52,18,Intermediate,More_than_5,Endurance,BCAA,Whey_Based,5,6,High_Protein,-0.2,-0.7,8.7,9.4
Male,Under_25,170-180,77,13,Intermediate,More_than_5,Strength_Training,BCAA,Whey_Based,5,7,Low_Carb,0.5,-0.2,6.8,8.3
Male,Over_35,160-170,70,19,Intermediate,3-5_times,HIIT,Creatine,Monohydrate,8,6,Regular,1.5,-0.1,9.8,10
Male,Under_25,170-180,65,23,Beginner,Less_than_3,Strength_Training,Creatine,Monohydrate,6,6,Regular,2.5,-0.2,4.3,10
Male,Under_25,170-180,64,21,Beginner,3-5_times,Endurance,Pre_Workout,Regular,5,2,Regular,-0.6,-0.3,8.1,10
Male,Under_25,160-170,57,15,Intermediate,3-5_times,HIIT,BCAA,Whey_Based,8,5,Low_Carb,-0.1,-0.3,5.7,8.3
Male,25-35,160-170,70,18,Beginner,Less_than_3,Strength_Training,Whey_Protein,Isolate,3,5,High_Protein,3.3,-0.4,3.8,10
Female,25-35,160-170,64,23,Beginner,3-5_times,Strength_Training,Pre_Workout,Caffeine_Free,3,5,Low_Carb,0.1,0,8.2,10
Female,Under_25,170-180,61,25,Beginner,3-5_times,HIIT,Whey_Protein,Isolate,7,6,Regular,0.8,-1.6,4.3,9.1
Male,Under_25,180-190,92,14,Beginner,More_than_5,Endurance,Whey_Protein,Concentrate,6,7,Regular,1.2,-1.2,5,9.5
Female,Under_25,170-180,76,21,Intermediate,More_than_5,Endurance,Energy_Drink,Sugar_Free,6,2,Low_Carb,-0.1,-0.1,2.1,7.4
Female,25-35,180-190,80,31,Intermediate,3-5_times,HIIT,Whey_Protein,Hydrolyzed,8,6,Regular,1.6,-2,6,10
Female,Over_35,160-170,53,33,Intermediate,3-5_times,Endurance,Whey_Protein,Isolate,5,3,High_Protein,2.3,-0.9,4.7,10
Male,25-35,170-180,64,27,Intermediate,3-5_times,HIIT,Whey_Protein,Hydrolyzed,5,2,Regular,0.9,-1.8,4.9,10
Female,25-35,150-160,63,29,Intermediate,3-5_times,Strength_Training,Pre_Workout,Caffeine_Free,5,6,Regular,-0.1,0.1,12.7,10
Male,25-35,160-170,55,19,Intermediate,3-5_times,HIIT,Energy_Drink,Sugar_Free,7,6,Regular,-0.2,-0.3,5.6,8.7
Male,25-35,170-180,82,15,Beginner,Less_than_3,Strength_Training,Whey_Protein,Concentrate,6,3,Low_Carb,1.9,-0.8,3.9,10
Female,25-35,160-170,62,23,Intermediate,More_than_5,Endurance,L_Carnitine,Capsule,8,4,High_Protein,-0.4,-4.9,9.9,10
Male,Under_25,160-170,72,17,Advanced,Less_than_3,Strength_Training,Fish_Oil,Deep_Sea,3,3,High_Protein,0.4,-0.6,1.2,6.7
Female,Under_25,170-180,74,19,Beginner,3-5_times,Endurance,Creatine,Monohydrate,5,7,Regular,2.1,-0.3,6.1,10
Male,Under_25,180-190,74,17,Advanced,3-5_times,HIIT,Fish_Oil,Deep_Sea,4,3,Low_Carb,-0.3,-1.1,4,8.8
Female,Over_35,160-170,50,28,Intermediate,3-5_times,Strength_Training,Creatine,Monohydrate,7,1,Regular,6.1,-0.1,13,10
Male,Under_25,170-180,62,15,Beginner,3-5_times,Endurance,Multivitamin,Standard,7,5,Regular,-0.8,-0.3,3,7.8
Male,25-35,170-180,64,19,Intermediate,3-5_times,HIIT,Multivitamin,Standard,8,6,Regular,-0.1,-0.2,4,6.4
Male,Under_25,160-170,61,12,Advanced,3-5_times,Strength_Training,BCAA,Vegan,7,2,Regular,0.7,-0.4,5.6,9.9
Female,25-35,170-180,70,28,Intermediate,3-5_times,Strength_Training,Fish_Oil,Deep_Sea,6,1,High_Protein,-0.3,-0.5,1.4,7.3
Male,25-35,180-190,89,17,Beginner,3-5_times,Strength_Training,Whey_Protein,Concentrate,7,1,High_Protein,3.2,-1.3,5.2,10
Male,25-35,170-180,83,21,Beginner,3-5_times,Strength_Training,Multivitamin,Standard,3,3,High_Protein,-0.1,0,2.5,6.5
Female,Over_35,180-190,81,33,Beginner,3-5_times,Strength_Training,Energy_Drink,Sugar_Free,6,2,Regular,0.5,0.1,3.4,8.3
Male,25-35,170-180,67,20,Beginner,3-5_times,HIIT,Fish_Oil,Deep_Sea,6,6,Regular,-0.5,-1.2,1.6,8.6
Male,25-35,Above_190,82,23,Intermediate,More_than_5,Endurance,Creatine,HCL,8,1,Vegan,4.2,-0.2,13.9,10
Male,Under_25,170-180,72,13,Intermediate,3-5_times,Flexibility,Multivitamin,Standard,8,2,Regular,0.4,-0.1,1.1,5.9
Male,25-35,180-190,71,19,Intermediate,3-5_times,HIIT,Creatine,HCL,4,5,Regular,2.4,-0.3,6.1,10
Female,Under_25,Above_190,82,25,Beginner,3-5_times,Strength_Training,Whey_Protein,Isolate,5,6,Regular,3.3,-1.5,5,10
Male,Under_25,160-170,51,15,Intermediate,More_than_5,Strength_Training,Energy_Drink,Sugar,6,4,High_Protein,0.1,0,6.8,8.9
Male,Under_25,150-160,58,12,Beginner,More_than_5,HIIT,BCAA,Whey_Based,4,4,High_Protein,-0.2,-0.3,5.8,8.1
Male,25-35,160-170,57,24,Intermediate,3-5_times,Strength_Training,Pre_Workout,Regular,6,5,Regular,0.2,-0.1,13.4,10
Male,Under_25,160-170,68,15,Advanced,Less_than_3,Strength_Training,Creatine,Monohydrate,4,7,High_Protein,6.5,-0.1,12.2,10
Male,Over_35,170-180,63,24,Intermediate,3-5_times,Endurance,Creatine,HCL,3,2,Regular,2.3,-0.2,9.2,10
Male,Under_25,Above_190,97,18,Intermediate,Less_than_3,Endurance,Whey_Protein,Isolate,7,4,Low_Carb,1.1,-0.6,3.7,10
Male,Under_25,160-170,65,21,Beginner,3-5_times,Strength_Training,Energy_Drink,Sugar_Free,6,7,High_Protein,0.3,0,4.8,7.9
Male,Over_35,160-170,55,27,Intermediate,More_than_5,Strength_Training,Energy_Drink,Sugar_Free,5,5,Regular,0.1,0.1,6.5,9.2
Male,Under_25,160-170,67,17,Advanced,3-5_times,Strength_Training,L_Carnitine,Capsule,8,3,Low_Carb,0.4,-1.7,3.1,9.8
Female,25-35,160-170,65,28,Beginner,3-5_times,HIIT,Creatine,Monohydrate,6,5,Regular,1,-0.3,7.3,9.9
Male,25-35,170-180,79,21,Beginner,3-5_times,Endurance,BCAA,Whey_Based,5,2,High_Protein,-0.4,-0.7,4,7.7
Male,25-35,180-190,70,22,Intermediate,3-5_times,Endurance,Whey_Protein,Concentrate,3,3,Vegan,1.4,-0.8,4.2,9.7
Female,Under_25,180-190,89,19,Advanced,3-5_times,HIIT,Creatine,Monohydrate,8,5,Vegan,3.3,-0.3,12.4,10
Male,Over_35,160-170,69,22,Intermediate,3-5_times,HIIT,Energy_Drink,Sugar,3,2,Regular,0,-0.2,4.8,8
Male,Under_25,170-180,74,23,Intermediate,More_than_5,Strength_Training,Whey_Protein,Concentrate,8,5,Regular,6,-2.4,8.8,10
Female,Under_25,170-180,71,25,Intermediate,3-5_times,Strength_Training,Creatine,Monohydrate,4,6,Regular,5.7,0.1,14.3,10
Male,Under_25,170-180,64,17,Beginner,3-5_times,HIIT,Multivitamin,Sport_Enhanced,5,6,High_Protein,-0.1,-0.1,3,6.6
Female,25-35,170-180,83,29,Intermediate,3-5_times,Strength_Training,Fish_Oil,Algae_DHA,3,7,Regular,0.3,-0.9,1,6.6
Male,25-35,160-170,60,24,Beginner,More_than_5,Flexibility,Energy_Drink,Sugar_Free,4,4,Regular,0.2,0.1,1.9,7.3
Male,Under_25,180-190,93,23,Intermediate,3-5_times,Strength_Training,Whey_Protein,Isolate,5,6,High_Protein,4.3,-1.5,5.3,10
Female,25-35,160-170,59,30,Intermediate,Less_than_3,Endurance,BCAA,Vegan,7,1,High_Protein,-0.5,-0.4,3.8,7.6
Male,25-35,160-170,64,19,Beginner,3-5_times,Flexibility,Energy_Drink,Sugar_Free,8,1,Vegan,0.1,0,1.8,7
Male,Over_35,170-180,77,18,Intermediate,More_than_5,HIIT,Creatine,Monohydrate,6,6,Vegan,2.3,-0.2,9.8,10
Male,Under_25,170-180,72,13,Intermediate,3-5_times,Endurance,Fish_Oil,Deep_Sea,6,6,Regular,-0.5,-1.2,2.6,8.2
Male,25-35,180-190,94,17,Beginner,More_than_5,HIIT,BCAA,Whey_Based,3,1,High_Protein,-0.1,-0.6,5.2,7.9
Male,Under_25,160-170,74,18,Beginner,3-5_times,HIIT,BCAA,Whey_Based,8,4,High_Protein,-0.4,-0.2,5.5,9.5
Male,25-35,150-160,55,16,Advanced,3-5_times,Strength_Training,Whey_Protein,Isolate,5,6,Vegan,4.3,-1.7,8.6,10
Male,Over_35,180-190,79,27,Intermediate,3-5_times,Endurance,Multivitamin,Sport_Enhanced,8,5,Regular,-0.2,-0.2,4.5,7.1
Male,Under_25,180-190,82,24,Beginner,More_than_5,Flexibility,Creatine,HCL,6,5,Regular,2.1,0.1,4.2,9
Female,25-35,170-180,68,30,Beginner,3-5_times,Strength_Training,BCAA,Whey_Based,6,3,Regular,0.6,-0.1,4.4,8.2
Male,Under_25,160-170,56,15,Advanced,Less_than_3,Endurance,BCAA,Whey_Based,8,7,Regular,-0.2,-0.7,4.6,8.6
Male,Under_25,160-170,52,23,Intermediate,More_than_5,HIIT,Fish_Oil,Deep_Sea,7,6,High_Protein,-0.3,-2.1,5.5,10
Male,Under_25,170-180,60,24,Beginner,More_than_5,Strength_Training,L_Carnitine,Liquid,4,5,Regular,0.3,-2.8,3,9.5
Male,25-35,180-190,91,17,Intermediate,Less_than_3,Endurance,Energy_Drink,Sugar_Free,5,5,Regular,-0.4,0,1.6,7.8
Female,25-35,170-180,68,23,Beginner,Less_than_3,HIIT,BCAA,Vegan,3,1,Regular,-0.6,-0.3,2.6,7.6
Female,Under_25,160-170,50,28,Beginner,3-5_times,Strength_Training,Whey_Protein,Concentrate,6,2,High_Protein,4.2,-1.3,5.4,10
Male,Under_25,170-180,80,16,Beginner,3-5_times,Strength_Training,Creatine,Monohydrate,4,7,Low_Carb,2.7,0,9.2,10
Female,25-35,Above_190,86,28,Intermediate,3-5_times,Endurance,BCAA,Whey_Based,7,7,Regular,-0.4,-0.6,6.6,10
Female,Under_25,180-190,85,20,Intermediate,Less_than_3,Endurance,BCAA,Whey_Based,7,2,Regular,-0.4,-0.6,4.4,9.3
Male,Under_25,160-170,71,14,Intermediate,More_than_5,HIIT,Whey_Protein,Hydrolyzed,8,6,Regular,3.4,-3.1,7.9,10
Male,Under_25,160-170,70,21,Beginner,3-5_times,Endurance,BCAA,Vegan,4,3,Regular,-0.3,-0.4,4.5,9.1
Female,Under_25,150-160,60,24,Beginner,3-5_times,Strength_Training,Creatine,Monohydrate,8,1,Low_Carb,3.4,0,7.5,10
Male,Under_25,150-160,63,18,Beginner,3-5_times,Strength_Training,Whey_Protein,Hydrolyzed,3,1,Regular,3,-1,5.6,10
Male,Over_35,170-180,78,18,Advanced,More_than_5,Flexibility,Energy_Drink,Sugar_Free,3,7,Vegan,0.3,0,4,7.9
Female,25-35,180-190,80,21,Intermediate,3-5_times,HIIT,Whey_Protein,Hydrolyzed,4,1,High_Protein,1.9,-1.7,5.7,10
Male,25-35,180-190,93,24,Intermediate,3-5_times,Strength_Training,BCAA,Vegan,4,1,Low_Carb,0.7,-0.4,3.9,9.4
Female,25-35,170-180,73,25,Intermediate,3-5_times,Endurance,BCAA,Whey_Based,8,1,Regular,-0.5,-0.6,5,8.4
Female,Under_25,170-180,64,26,Beginner,More_than_5,Strength_Training,Whey_Protein,Concentrate,4,2,High_Protein,6.2,-1.5,5.2,10
Male,25-35,160-170,53,26,Intermediate,3-5_times,Strength_Training,Pre_Workout,Caffeine_Free,6,3,High_Protein,-0.1,0,13.4,10
Male,Over_35,160-170,62,24,Advanced,More_than_5,HIIT,Creatine,Monohydrate,4,6,Regular,3.9,-0.2,18,10
Male,Under_25,170-180,67,12,Beginner,Less_than_3,HIIT,BCAA,Vegan,4,6,High_Protein,-0.6,-0.5,3.1,7.9
Male,25-35,170-180,69,23,Beginner,Less_than_3,Strength_Training,Whey_Protein,Hydrolyzed,4,1,High_Protein,3.1,-0.8,2.9,9.8
Female,Under_25,170-180,73,20,Intermediate,3-5_times,Flexibility,Creatine,Monohydrate,7,3,High_Protein,2.8,-0.1,4.4,10
Female,25-35,170-180,61,22,Beginner,3-5_times,Flexibility,BCAA,Whey_Based,8,5,Regular,0.2,-0.4,1.2,7.1
Male,25-35,180-190,71,23,Beginner,3-5_times,Strength_Training,BCAA,Whey_Based,3,2,Regular,0.6,0,4.3,7.9
Male,25-35,160-170,73,17,Intermediate,3-5_times,HIIT,Whey_Protein,Isolate,5,6,Regular,1.4,-1.6,4.9,9.3
Male,25-35,160-170,60,20,Beginner,3-5_times,Strength_Training,BCAA,Whey_Based,4,2,Low_Carb,0.6,-0.2,2.9,7.7
Male,Under_25,180-190,79,21,Advanced,3-5_times,Strength_Training,BCAA,Vegan,7,7,Low_Carb,0.9,-0.5,6.4,8.9
Male,Under_25,160-170,56,17,Beginner,More_than_5,Strength_Training,Pre_Workout,Caffeine_Free,3,7,High_Protein,0.1,0.2,13.9,10
Female,25-35,180-190,76,27,Beginner,3-5_times,Endurance,Whey_Protein,Isolate,3,6,Regular,1.3,-0.9,3.1,9.3
Male,Under_25,160-170,59,24,Intermediate,3-5_times,HIIT,Energy_Drink,Sugar,8,5,High_Protein,-0.4,-0.2,6,8.2
Female,Under_25,170-180,80,18,Advanced,Less_than_3,Flexibility,Whey_Protein,Concentrate,8,5,Regular,1.2,-0.6,3,9.6
Female,25-35,170-180,73,20,Intermediate,3-5_times,Strength_Training,Creatine,HCL,5,6,Regular,6.6,0.1,11.4,10
Female,Under_25,170-180,63,20,Intermediate,3-5_times,Strength_Training,Creatine,HCL,4,7,Regular,5.8,0,12.5,10
Female,Under_25,170-180,60,22,Intermediate,3-5_times,Endurance,Energy_Drink,Sugar_Free,3,7,Regular,-0.2,-0.2,1.6,7.3
Female,Under_25,160-170,68,23,Beginner,3-5_times,Strength_Training,Creatine,Monohydrate,5,7,High_Protein,4.8,-0.1,8.2,10
Male,25-35,180-190,94,16,Beginner,More_than_5,Flexibility,BCAA,Whey_Based,4,6,Regular,0.3,-0.4,1.8,8.5
Male,Under_25,160-170,55,23,Beginner,More_than_5,Endurance,Whey_Protein,Concentrate,3,7,High_Protein,2.2,-1,5.7,10
Female,Under_25,160-170,57,23,Advanced,More_than_5,Strength_Training,BCAA,Vegan,3,4,Regular,0.5,-0.7,9.5,9.7
Female,Over_35,180-190,80,23,Beginner,Less_than_3,Strength_Training,Creatine,HCL,6,4,High_Protein,3.2,0,6.5,10
Male,Under_25,160-170,57,23,Intermediate,3-5_times,Endurance,Creatine,Monohydrate,8,2,Regular,2.9,-0.1,9.6,10
Female,Under_25,160-170,71,18,Intermediate,3-5_times,Endurance,Creatine,Monohydrate,8,7,Regular,1.8,-0.3,7.8,10
Male,Under_25,170-180,68,12,Beginner,Less_than_3,HIIT,Creatine,Monohydrate,7,6,Low_Carb,0.5,-0.2,4.7,10
Female,Under_25,170-180,82,28,Beginner,3-5_times,HIIT,Pre_Workout,Caffeine_Free,8,7,High_Protein,-0.3,-0.1,9.8,10
Male,Under_25,170-180,61,17,Advanced,3-5_times,HIIT,Whey_Protein,Concentrate,5,6,Regular,2.5,-3.1,7.7,10
Male,25-35,170-180,70,17,Intermediate,Less_than_3,HIIT,Whey_Protein,Concentrate,6,5,Low_Carb,0.6,-1.4,4.5,10
Male,Under_25,150-160,55,15,Beginner,More_than_5,Endurance,BCAA,Whey_Based,6,4,High_Protein,-0.5,-0.4,5.2,9.2
Male,25-35,180-190,79,18,Advanced,3-5_times,Strength_Training,Whey_Protein,Concentrate,3,7,Regular,6.7,-2.3,9.9,10
Female,Under_25,150-160,61,18,Beginner,3-5_times,HIIT,Whey_Protein,Isolate,4,1,Vegan,0.8,-1.5,4.1,9.4
Male,25-35,150-160,57,21,Beginner,Less_than_3,Endurance,BCAA,Whey_Based,3,3,High_Protein,-0.4,-0.4,3,8.5
Female,Over_35,160-170,68,30,Beginner,3-5_times,Endurance,Multivitamin,Standard,7,5,Low_Carb,-0.2,-0.2,3.4,7.3
Male,25-35,160-170,68,15,Intermediate,3-5_times,Strength_Training,Pre_Workout,Caffeine_Free,8,3,Vegan,0.2,0.2,13.4,10
Male,Under_25,180-190,82,22,Intermediate,3-5_times,Flexibility,Creatine,Monohydrate,7,6,Regular,2.8,0.1,4.5,9.6
Male,25-35,160-170,63,17,Intermediate,Less_than_3,Strength_Training,Whey_Protein,Concentrate,4,2,Regular,3.2,-1.4,4.8,10
Female,Under_25,170-180,66,29,Intermediate,Less_than_3,Strength_Training,BCAA,Whey_Based,6,7,High_Protein,0.4,-0.2,5.3,9.1
Male,25-35,170-180,66,26,Intermediate,More_than_5,Strength_Training,Multivitamin,Standard,3,4,Low_Carb,0.3,0,3.6,6.3
Female,25-35,160-170,72,23,Intermediate,More_than_5,Strength_Training,Whey_Protein,Isolate,5,4,Regular,6.2,-2.6,9.6,10
Female,25-35,170-180,82,30,Beginner,3-5_times,Strength_Training,Energy_Drink,Sugar,6,6,Regular,0.4,0,3.8,7.4
Male,25-35,170-180,61,26,Intermediate,Less_than_3,HIIT,Energy_Drink,Sugar,5,1,High_Protein,-0.3,0,3.4,8.4
Female,Under_25,170-180,77,22,Intermediate,More_than_5,Endurance,Creatine,Monohydrate,8,4,Regular,3,-0.2,9.5,10
Male,25-35,180-190,94,24,Intermediate,3-5_times,HIIT,Pre_Workout,Regular,6,1,Vegan,-0.5,-0.1,13.5,10
Male,Under_25,180-190,89,16,Advanced,3-5_times,Endurance,Creatine,HCL,7,6,High_Protein,3.1,-0.1,13.6,10
Male,25-35,Above_190,102,18,Beginner,3-5_times,HIIT,BCAA,Whey_Based,3,7,High_Protein,0,-0.5,3.7,8.5
Female,Over_35,Above_190,92,30,Intermediate,Less_than_3,HIIT,Creatine,Monohydrate,5,2,Low_Carb,0.8,-0.1,7.7,10
Female,25-35,150-160,50,23,Intermediate,More_than_5,HIIT,Whey_Protein,Isolate,3,1,Regular,2.7,-2.3,7.5,10
Female,25-35,160-170,74,27,Intermediate,3-5_times,Endurance,Multivitamin,Standard,3,1,High_Protein,-0.2,-0.3,3.8,6.8
Female,Under_25,170-180,78,20,Advanced,More_than_5,Flexibility,Whey_Protein,Concentrate,4,5,Regular,5.1,-1.7,3.6,8.8
Female,Over_35,160-170,55,28,Intermediate,3-5_times,Flexibility,Multivitamin,Standard,8,5,Low_Carb,0.4,0,2,6.9
Female,25-35,160-170,72,23,Advanced,Less_than_3,Strength_Training,Whey_Protein,Isolate,6,6,Regular,4.7,-1.9,7.4,10
Male,Under_25,180-190,78,18,Intermediate,3-5_times,Flexibility,Creatine,Monohydrate,3,4,High_Protein,1.9,-0.1,5.3,10
Female,Under_25,160-170,57,20,Intermediate,3-5_times,Strength_Training,Creatine,Monohydrate,8,5,High_Protein,6.1,0,13.9,10
Male,Under_25,170-180,77,16,Advanced,Less_than_3,Endurance,Whey_Protein,Concentrate,6,2,High_Protein,1,-1,5.3,10
Male,25-35,170-180,60,27,Intermediate,3-5_times,Strength_Training,Creatine,Monohydrate,8,1,Regular,6.1,0.1,13.1,10
Female,Over_35,170-180,83,34,Intermediate,3-5_times,HIIT,Pre_Workout,Caffeine_Free,8,1,Regular,-0.4,-0.2,11.9,10
Male,25-35,150-160,51,22,Beginner,3-5_times,Endurance,Energy_Drink,Sugar_Free,8,7,Vegan,-0.4,-0.1,1.1,7.9
Male,Over_35,160-170,53,29,Intermediate,Less_than_3,HIIT,Energy_Drink,Sugar_Free,6,6,Regular,-0.1,-0.3,3.5,7.5
Male,25-35,Above_190,87,26,Intermediate,3-5_times,Strength_Training,Pre_Workout,Regular,5,2,High_Protein,0.6,-0.1,11.3,10
Male,Over_35,170-180,72,25,Beginner,3-5_times,HIIT,Pre_Workout,Regular,6,3,Vegan,-0.3,-0.2,8.9,10
Male,Under_25,180-190,78,24,Intermediate,Less_than_3,HIIT,Creatine,HCL,8,6,Regular,0.9,0,6.3,10
Male,25-35,180-190,90,22,Advanced,More_than_5,Strength_Training,Pre_Workout,Regular,3,4,High_Protein,-0.4,0.1,25,10
Male,Under_25,160-170,56,20,Beginner,More_than_5,Endurance,Fish_Oil,Deep_Sea,8,3,High_Protein,0.1,-1.2,4.1,9.7
Male,Over_35,160-170,67,27,Beginner,3-5_times,Endurance,BCAA,Whey_Based,4,6,Low_Carb,-0.2,-0.2,2.5,7.5
Male,25-35,170-180,65,27,Beginner,3-5_times,Strength_Training,Whey_Protein,Concentrate,3,5,High_Protein,4.1,-1,5.6,10
Male,Under_25,150-160,50,14,Intermediate,More_than_5,Strength_Training,Whey_Protein,Isolate,7,4,Regular,4.7,-2,9.4,10
Female,Under_25,160-170,56,18,Intermediate,3-5_times,Strength_Training,Whey_Protein,Concentrate,7,5,Regular,4.6,-1.8,6.3,10
Male,Under_25,160-170,63,14,Intermediate,3-5_times,Strength_Training,Whey_Protein,Concentrate,3,4,Regular,5.4,-1.4,8,10
Female,Under_25,160-170,53,23,Intermediate,3-5_times,Strength_Training,Whey_Protein,Isolate,5,4,Regular,4.5,-2,5.7,10
Male,Under_25,160-170,50,19,Beginner,More_than_5,Strength_Training,Whey_Protein,Concentrate,7,7,Vegan,2.8,-1.5,5.7,10
Male,25-35,170-180,75,17,Beginner,3-5_times,Strength_Training,BCAA,Whey_Based,8,6,Low_Carb,0.2,-0.2,2.9,8.8
Male,Over_35,160-170,55,26,Intermediate,3-5_times,Flexibility,Creatine,HCL,4,5,High_Protein,3.6,0.2,5.3,10
Female,Under_25,160-170,67,20,Intermediate,More_than_5,Strength_Training,L_Carnitine,Capsule,4,6,Regular,0.6,-2.6,3.8,8.6
Male,25-35,160-170,51,19,Advanced,Less_than_3,Endurance,L_Carnitine,Liquid,5,4,Regular,-0.3,-3.6,7.5,10
Female,25-35,170-180,61,31,Beginner,More_than_5,HIIT,BCAA,Whey_Based,6,4,Regular,-0.5,-0.5,5.4,8.6
Male,Under_25,170-180,83,17,Advanced,3-5_times,Strength_Training,Whey_Protein,Isolate,3,3,High_Protein,7.2,-1.4,11.2,10
Male,Under_25,180-190,87,18,Beginner,3-5_times,Strength_Training,Whey_Protein,Concentrate,6,2,Vegan,3.1,-1,4.1,10
Male,Under_25,170-180,63,17,Beginner,3-5_times,Endurance,Creatine,Monohydrate,6,6,Regular,0.9,-0.2,5.7,10
Male,Under_25,160-170,55,18,Advanced,Less_than_3,HIIT,Whey_Protein,Concentrate,4,4,High_Protein,1.3,-1.9,5.6,10
Male,25-35,170-180,64,24,Intermediate,3-5_times,Strength_Training,Whey_Protein,Concentrate,3,1,Regular,5.3,-1.1,6.1,10
Male,Under_25,160-170,72,17,Advanced,Less_than_3,Strength_Training,Pre_Workout,Regular,7,4,High_Protein,0.7,-0.1,11.6,10
Male,25-35,170-180,83,17,Beginner,3-5_times,Strength_Training,Whey_Protein,Concentrate,6,5,Regular,2.5,-1.1,4.4,10
Male,25-35,160-170,57,25,Intermediate,More_than_5,Endurance,Energy_Drink,Sugar_Free,6,4,Regular,-0.3,-0.2,2.2,8.6
Male,Under_25,180-190,87,24,Beginner,3-5_times,Strength_Training,Energy_Drink,Sugar,7,6,Vegan,0.2,-0.1,2.9,7.3
Female,25-35,180-190,91,23,Intermediate,More_than_5,Strength_Training,Creatine,Monohydrate,5,3,Regular,6.8,0.1,16,10
Male,Under_25,170-180,77,24,Intermediate,3-5_times,Endurance,Whey_Protein,Hydrolyzed,7,2,Vegan,1.3,-1.2,5.3,9.3
Male,Under_25,160-170,64,24,Beginner,Less_than_3,Strength_Training,Whey_Protein,Concentrate,4,4,Regular,1.6,-0.8,2.6,9.9
Male,25-35,Above_190,97,24,Beginner,Less_than_3,HIIT,Creatine,Monohydrate,7,2,High_Protein,1,-0.3,4.3,10
Female,Under_25,160-170,60,21,Beginner,More_than_5,Strength_Training,Creatine,HCL,6,2,Regular,6.3,-0.2,10.2,10
Male,25-35,180-190,87,20,Advanced,Less_than_3,Strength_Training,Fish_Oil,Deep_Sea,8,3,Regular,0.5,-0.7,0.9,6.9
Male,Under_25,170-180,64,23,Beginner,Less_than_3,Endurance,Whey_Protein,Isolate,7,1,Regular,0.4,-0.8,2.3,9.4
Female,Over_35,160-170,58,28,Beginner,3-5_times,Flexibility,BCAA,Whey_Based,7,7,Regular,0.3,-0.2,1.9,6.8
Male,25-35,160-170,72,23,Intermediate,3-5_times,Strength_Training,BCAA,Whey_Based,8,4,Regular,0.6,-0.2,4.8,9.3
Male,25-35,160-170,59,23,Intermediate,3-5_times,HIIT,Creatine,Monohydrate,3,2,High_Protein,1.3,-0.2,11.2,10
Male,25-35,Above_190,81,21,Beginner,3-5_times,HIIT,Pre_Workout,Regular,3,1,High_Protein,-0.3,-0.3,10.9,10
Male,Under_25,180-190,71,20,Intermediate,3-5_times,Strength_Training,Whey_Protein,Isolate,4,5,Regular,4.4,-1.7,6.9,10
Female,Under_25,170-180,70,25,Beginner,3-5_times,HIIT,Whey_Protein,Concentrate,7,2,Regular,1.3,-1.3,3.9,10
Male,25-35,160-170,56,26,Beginner,3-5_times,Strength_Training,Energy_Drink,Sugar_Free,7,1,Regular,0.2,-0.1,3.5,8.9
Male,Under_25,170-180,61,17,Intermediate,Less_than_3,Strength_Training,Whey_Protein,Concentrate,4,5,Regular,3.7,-1.3,5.2,10
Male,25-35,170-180,78,15,Advanced,3-5_times,Strength_Training,Creatine,HCL,8,1,Low_Carb,5,0,15.1,10
Female,Under_25,170-180,63,19,Beginner,More_than_5,Strength_Training,Energy_Drink,Sugar_Free,8,4,Regular,-0.1,0.2,4.1,7.6
Male,25-35,Above_190,91,24,Beginner,More_than_5,HIIT,Creatine,Monohydrate,7,4,Regular,2.2,-0.2,9.7,10
Male,Under_25,170-180,62,21,Advanced,3-5_times,Endurance,Pre_Workout,Regular,8,6,Low_Carb,-0.2,-0.1,13.9,10
Female,Over_35,160-170,66,29,Intermediate,3-5_times,Strength_Training,Creatine,Monohydrate,3,2,Regular,6.9,-0.1,11.9,10
Female,Under_25,180-190,90,27,Intermediate,3-5_times,HIIT,BCAA,Vegan,6,7,Regular,-0.2,-0.6,7.1,10
Male,Under_25,160-170,71,12,Intermediate,More_than_5,Strength_Training,Pre_Workout,Caffeine_Free,5,1,High_Protein,-0.1,0,15.3,10
Male,Under_25,180-190,87,17,Intermediate,3-5_times,HIIT,Creatine,Monohydrate,5,7,High_Protein,1.8,-0.2,11.7,10
Male,Over_35,150-160,57,29,Beginner,3-5_times,Strength_Training,Creatine,Monohydrate,5,4,High_Protein,4.6,0.1,9.6,10
Male,25-35,170-180,78,25,Intermediate,Less_than_3,Strength_Training,BCAA,Vegan,8,1,Regular,0.3,-0.3,3.1,8.4
Female,25-35,170-180,60,30,Advanced,3-5_times,Strength_Training,BCAA,Whey_Based,5,2,Low_Carb,0.4,-0.3,6,9.6
Male,25-35,170-180,68,25,Beginner,3-5_times,Strength_Training,Creatine,Monohydrate,8,2,Low_Carb,3.5,-0.1,8.8,10
Male,25-35,150-160,54,24,Intermediate,3-5_times,Endurance,Creatine,Monohydrate,3,3,Regular,2.9,-0.3,6.9,10
Male,Over_35,170-180,63,25,Beginner,More_than_5,Strength_Training,Whey_Protein,Hydrolyzed,4,4,Vegan,4.6,-1.7,4.7,10
Female,25-35,150-160,48,27,Intermediate,Less_than_3,Flexibility,Whey_Protein,Isolate,6,3,Regular,1.6,-0.8,2,7.7
Male,25-35,160-170,53,26,Beginner,3-5_times,Endurance,BCAA,Whey_Based,7,3,Regular,-0.2,-0.3,4.3,7.8
Male,Under_25,160-170,71,15,Advanced,3-5_times,HIIT,Whey_Protein,Concentrate,8,1,High_Protein,1.9,-3,10.7,10
Male,Under_25,160-170,65,23,Intermediate,Less_than_3,HIIT,Creatine,Monohydrate,3,3,Regular,0.5,-0.1,5.4,9.4
Male,25-35,170-180,62,22,Beginner,Less_than_3,Endurance,BCAA,Whey_Based,7,6,High_Protein,-0.1,-0.4,2.9,7.2
Female,Under_25,160-170,59,21,Beginner,More_than_5,Strength_Training,Whey_Protein,Isolate,6,1,High_Protein,5.3,-1.4,7.3,10
Female,25-35,Above_190,105,30,Advanced,3-5_times,HIIT,Creatine,Monohydrate,7,7,Low_Carb,2.1,-0.1,13.5,10
Female,Under_25,160-170,59,20,Advanced,More_than_5,Flexibility,Whey_Protein,Isolate,8,5,Regular,2.9,-1.6,4.8,9.6
Female,25-35,160-170,52,27,Intermediate,3-5_times,Endurance,Creatine,Monohydrate,3,2,Regular,3.5,-0.2,10.1,10
Male,Under_25,170-180,76,23,Intermediate,3-5_times,Strength_Training,Creatine,Monohydrate,8,6,Low_Carb,4,0,12.4,10
Male,Over_35,160-170,72,20,Beginner,3-5_times,Flexibility,BCAA,Vegan,6,2,Regular,-0.1,-0.2,1.9,7.7
Female,25-35,160-170,61,29,Beginner,More_than_5,Endurance,Whey_Protein,Hydrolyzed,4,5,Regular,1.2,-0.8,4.8,9.7
Male,Under_25,180-190,79,21,Intermediate,3-5_times,HIIT,L_Carnitine,Capsule,4,6,Regular,-0.3,-4.4,7.6,10
Female,Over_35,170-180,72,24,Beginner,Less_than_3,Endurance,Energy_Drink,Sugar_Free,6,1,Regular,-0.2,-0.2,1.1,6.6
Female,Over_35,180-190,86,27,Advanced,3-5_times,Flexibility,Pre_Workout,Caffeine_Free,5,6,Regular,0.2,0.1,7.4,10
Male,25-35,Above_190,87,25,Advanced,More_than_5,HIIT,Creatine,HCL,5,2,Regular,2.6,-0.1,15.6,10
Female,Under_25,160-170,72,29,Intermediate,Less_than_3,Flexibility,Whey_Protein,Concentrate,7,6,Regular,1,-0.3,1.5,7.6
Male,25-35,170-180,79,23,Advanced,More_than_5,HIIT,Creatine,Monohydrate,4,4,High_Protein,3.4,-0.3,17.5,10
Female,25-35,180-190,87,24,Beginner,Less_than_3,HIIT,Energy_Drink,Sugar_Free,6,5,High_Protein,-0.4,-0.1,2.7,8
Female,25-35,160-170,72,30,Intermediate,3-5_times,Strength_Training,Fish_Oil,Algae_DHA,3,4,Regular,0.1,-1,1.4,7.4
Male,Over_35,170-180,61,28,Beginner,More_than_5,Strength_Training,Multivitamin,Sport_Enhanced,5,3,Regular,0.3,-0.1,3.2,7
Female,Under_25,160-170,56,22,Advanced,Less_than_3,Flexibility,Whey_Protein,Concentrate,3,2,Regular,2.5,-0.7,2.8,8.7
Female,25-35,180-190,75,25,Beginner,More_than_5,Flexibility,Creatine,Monohydrate,5,4,High_Protein,2.9,0,5.8,10
Male,Over_35,170-180,71,26,Advanced,More_than_5,HIIT,Pre_Workout,Regular,3,7,Vegan,-0.3,-0.3,24.5,10
Male,Under_25,160-170,50,13,Advanced,3-5_times,Strength_Training,Whey_Protein,Concentrate,3,1,High_Protein,6.5,-2.1,9,10
Male,Under_25,180-190,75,14,Advanced,3-5_times,Strength_Training,Creatine,HCL,8,6,Regular,9.3,0,16.9,10
Male,Under_25,160-170,52,19,Intermediate,More_than_5,HIIT,Creatine,Monohydrate,6,3,Low_Carb,2.6,-0.3,13.5,10
Female,Over_35,170-180,73,31,Beginner,3-5_times,Endurance,Pre_Workout,Regular,4,5,High_Protein,-0.2,-0.2,8.6,10
Male,Over_35,170-180,65,21,Intermediate,More_than_5,Strength_Training,Pre_Workout,Caffeine_Free,3,7,Regular,0.3,0,12.9,10
Female,25-35,170-180,76,26,Beginner,3-5_times,HIIT,Whey_Protein,Concentrate,6,4,Regular,1.1,-1.3,4.1,9.6
Male,Under_25,170-180,74,14,Advanced,More_than_5,HIIT,Whey_Protein,Concentrate,6,1,Low_Carb,2.3,-1.8,8.3,10
Male,25-35,160-170,70,18,Advanced,3-5_times,Strength_Training,Whey_Protein,Hydrolyzed,8,6,High_Protein,7.2,-2.1,9,10
Male,25-35,Above_190,81,18,Intermediate,Less_than_3,Flexibility,Whey_Protein,Hydrolyzed,3,1,Regular,1.7,-0.5,2.4,8.4
Male,Under_25,170-180,73,19,Intermediate,3-5_times,Endurance,BCAA,Whey_Based,5,7,Regular,0,-0.7,4.4,8.9
Male,Under_25,150-160,51,12,Beginner,3-5_times,Strength_Training,Pre_Workout,Regular,5,3,Vegan,0.5,0.1,9.7,10
Male,Over_35,170-180,80,23,Beginner,3-5_times,Endurance,Fish_Oil,Deep_Sea,8,4,Regular,0,-1.5,2.4,8.7
Female,Under_25,180-190,78,20,Intermediate,3-5_times,Strength_Training,BCAA,Whey_Based,7,7,Regular,0.5,-0.1,6,9
Female,25-35,160-170,58,20,Advanced,3-5_times,Strength_Training,Fish_Oil,Deep_Sea,5,7,Regular,0.2,-1.1,1.5,8.4
Female,25-35,150-160,52,25,Intermediate,3-5_times,HIIT,BCAA,Vegan,3,5,Regular,-0.8,-0.5,6.2,8.3
Male,Under_25,170-180,74,17,Beginner,3-5_times,HIIT,Whey_Protein,Isolate,5,5,Regular,1.4,-1.5,3.6,9.4
Male,25-35,170-180,65,18,Beginner,Less_than_3,Strength_Training,Whey_Protein,Concentrate,5,1,Regular,2.8,-1.1,3.2,10
Male,Under_25,180-190,81,18,Intermediate,Less_than_3,Strength_Training,Whey_Protein,Concentrate,7,4,Regular,4.1,-1,5.5,10
Female,Over_35,150-160,51,22,Beginner,3-5_times,Endurance,Multivitamin,Standard,4,5,High_Protein,0,-0.1,3.8,8.2
Male,25-35,170-180,72,27,Advanced,Less_than_3,Strength_Training,Fish_Oil,Deep_Sea,4,2,High_Protein,0.1,-0.4,1.4,8.5
Male,25-35,150-160,62,23,Intermediate,3-5_times,Strength_Training,Creatine,Monohydrate,8,3,Regular,4.4,0,11.3,10
Male,25-35,170-180,64,20,Intermediate,3-5_times,Strength_Training,BCAA,Whey_Based,8,7,Regular,0.6,-0.5,5.7,9.8
Male,Under_25,180-190,83,18,Intermediate,More_than_5,Strength_Training,Whey_Protein,Hydrolyzed,8,1,High_Protein,7.5,-1.9,9.1,10
Female,Under_25,160-170,63,18,Intermediate,Less_than_3,Strength_Training,Fish_Oil,Deep_Sea,8,3,High_Protein,0.4,-0.4,0.9,7.2
Male,Under_25,170-180,81,13,Intermediate,3-5_times,Strength_Training,Creatine,HCL,8,1,High_Protein,5,0,14.2,10
Female,Under_25,180-190,87,18,Beginner,3-5_times,Strength_Training,Energy_Drink,Sugar_Free,6,5,Regular,0.1,0,3,8.6
Female,Under_25,170-180,79,27,Intermediate,3-5_times,Strength_Training,Whey_Protein,Isolate,4,5,Regular,5.1,-1.4,6.5,10
Male,Under_25,170-180,81,13,Beginner,Less_than_3,Flexibility,Whey_Protein,Concentrate,7,6,Low_Carb,0.5,-0.2,1,8.1
Male,Under_25,170-180,77,14,Intermediate,More_than_5,Endurance,Whey_Protein,Concentrate,4,6,Regular,2.9,-1.7,6.4,9.8
Male,Under_25,180-190,71,12,Intermediate,More_than_5,Strength_Training,Creatine,Monohydrate,5,2,High_Protein,9.4,0.1,13.7,10
Male,25-35,170-180,80,24,Beginner,3-5_times,HIIT,Creatine,Monohydrate,8,3,Regular,0.8,0,6.6,10
Male,Under_25,160-170,74,18,Beginner,3-5_times,Strength_Training,Whey_Protein,Isolate,8,1,High_Protein,3.3,-0.7,4.8,10
Male,Under_25,180-190,71,19,Beginner,Less_than_3,Endurance,Creatine,Monohydrate,3,4,High_Protein,0.6,-0.3,5.2,9.7
Male,25-35,160-170,62,26,Intermediate,Less_than_3,Flexibility,Whey_Protein,Isolate,8,5,High_Protein,1.2,-0.2,2.2,8.3
Male,Under_25,160-170,64,18,Intermediate,Less_than_3,Strength_Training,BCAA,Whey_Based,5,1,High_Protein,0.9,-0.2,4.8,8.9
Female,25-35,150-160,51,21,Advanced,3-5_times,Strength_Training,Whey_Protein,Isolate,6,6,Regular,5.6,-1.8,7.4,10
Male,Under_25,160-170,72,24,Intermediate,3-5_times,Strength_Training,BCAA,Whey_Based,5,6,Regular,0.5,-0.3,3.9,8.8
Female,Under_25,170-180,71,18,Beginner,Less_than_3,Strength_Training,Whey_Protein,Concentrate,5,1,High_Protein,3.1,-0.7,3.7,10
Female,25-35,170-180,72,25,Intermediate,3-5_times,Flexibility,Energy_Drink,Sugar,6,1,Regular,0.2,0,2.2,7.7
Male,Under_25,180-190,76,12,Intermediate,Less_than_3,HIIT,Creatine,Monohydrate,4,3,Regular,0.9,-0.3,4.1,10
Male,Under_25,150-160,51,13,Beginner,3-5_times,Flexibility,Pre_Workout,Regular,4,5,Low_Carb,0.1,-0.1,3.7,10
Male,Under_25,Above_190,88,12,Intermediate,3-5_times,Strength_Training,Energy_Drink,Sugar_Free,6,2,Low_Carb,0.1,-0.2,5.2,8.9
Female,25-35,170-180,71,24,Intermediate,More_than_5,Strength_Training,Whey_Protein,Concentrate,4,7,Regular,7.8,-2.3,10.1,10
Male,25-35,180-190,78,24,Intermediate,Less_than_3,Strength_Training,Whey_Protein,Isolate,7,2,High_Protein,4.2,-1,4.6,10
Male,25-35,170-180,69,17,Beginner,3-5_times,Endurance,Creatine,Monohydrate,3,1,Regular,2,-0.1,5,9.6
Female,25-35,170-180,62,26,Advanced,3-5_times,Strength_Training,Pre_Workout,Caffeine_Free,7,6,Low_Carb,0.2,0,13.6,10
Male,Under_25,Above_190,100,24,Beginner,3-5_times,Strength_Training,Creatine,Monohydrate,3,1,Regular,3.2,0.1,9.1,10
Male,25-35,180-190,91,16,Advanced,More_than_5,Endurance,Multivitamin,Standard,4,5,High_Protein,0,-0.3,8.3,9
Female,25-35,150-160,45,26,Intermediate,3-5_times,HIIT,Creatine,Monohydrate,3,7,High_Protein,1.7,-0.3,12.3,10
Male,25-35,160-170,56,27,Intermediate,More_than_5,HIIT,Whey_Protein,Hydrolyzed,8,3,Low_Carb,1.5,-1.6,8.1,10
Female,25-35,150-160,57,25,Intermediate,Less_than_3,Strength_Training,Creatine,Monohydrate,7,7,Regular,3.6,0,9.8,10
Male,Under_25,170-180,69,19,Beginner,3-5_times,HIIT,Fish_Oil,Algae_DHA,5,7,Vegan,-0.5,-1,1.6,7.7
Male,Under_25,170-180,62,23,Beginner,3-5_times,Endurance,Creatine,HCL,8,7,Regular,1.2,-0.3,3.5,10
Male,25-35,180-190,84,17,Intermediate,3-5_times,Flexibility,Energy_Drink,Sugar,3,6,Regular,0.4,-0.1,2.2,7.1
Male,25-35,170-180,77,21,Beginner,Less_than_3,Endurance,Energy_Drink,Sugar,3,3,Low_Carb,-0.6,-0.2,0.8,7.2
Male,Under_25,170-180,72,20,Intermediate,Less_than_3,Flexibility,Whey_Protein,Hydrolyzed,6,4,High_Protein,1.6,-0.7,1.6,8.2
Male,25-35,180-190,90,16,Beginner,3-5_times,Flexibility,BCAA,Whey_Based,7,4,Regular,0.2,-0.5,1.3,7.4
Male,Under_25,170-180,69,21,Intermediate,Less_than_3,HIIT,Whey_Protein,Concentrate,8,1,Regular,1,-1.3,5.1,10
Female,Over_35,170-180,76,22,Intermediate,More_than_5,Endurance,BCAA,Whey_Based,4,2,High_Protein,-0.3,-0.6,6.4,8.8
Female,Under_25,160-170,73,19,Beginner,Less_than_3,Strength_Training,Creatine,Monohydrate,4,6,High_Protein,3.1,0,7.3,10
Female,25-35,170-180,70,28,Beginner,3-5_times,Flexibility,Creatine,HCL,6,6,Low_Carb,0.8,0.1,1.9,8.3
Male,Over_35,170-180,81,20,Intermediate,Less_than_3,HIIT,Pre_Workout,Regular,4,6,Regular,-0.2,-0.2,7.9,10
Male,Under_25,150-160,52,23,Intermediate,3-5_times,Strength_Training,Creatine,HCL,8,6,High_Protein,4.9,0,14.9,10
Female,Under_25,180-190,89,21,Beginner,Less_than_3,HIIT,Creatine,Monohydrate,6,6,High_Protein,1.1,-0.3,5.1,10
Female,Over_35,180-190,76,28,Beginner,3-5_times,Endurance,BCAA,Vegan,5,6,Regular,-0.5,-0.4,3.3,7.6
Male,Under_25,170-180,68,13,Intermediate,More_than_5,Strength_Training,L_Carnitine,Capsule,5,3,Regular,0.3,-2.8,3.7,8.3
Female,25-35,180-190,86,25,Beginner,Less_than_3,Strength_Training,Pre_Workout,Regular,8,3,High_Protein,-0.2,0.1,6.2,9.9
Male,Under_25,170-180,66,21,Advanced,Less_than_3,Flexibility,Whey_Protein,Isolate,5,4,High_Protein,1.4,-0.6,2.3,8.5
Male,25-35,170-180,61,19,Intermediate,More_than_5,Endurance,Fish_Oil,Deep_Sea,7,1,Regular,-0.2,-2,3.5,8.5
Female,Under_25,180-190,77,23,Beginner,3-5_times,Strength_Training,Creatine,Monohydrate,6,6,Regular,4.4,-0.1,8.9,10
Male,Over_35,170-180,77,18,Advanced,More_than_5,Strength_Training,Creatine,HCL,6,2,Vegan,10.3,0,21.7,10
Female,Under_25,170-180,71,28,Intermediate,3-5_times,Endurance,BCAA,Whey_Based,6,4,Vegan,-0.3,-0.6,5.1,8
Male,Under_25,170-180,71,14,Beginner,More_than_5,Strength_Training,Energy_Drink,Sugar_Free,8,2,High_Protein,-0.2,0,4.2,9.2
Male,25-35,160-170,64,16,Advanced,Less_than_3,HIIT,BCAA,Vegan,8,3,Regular,-0.5,-0.5,6,8.9
Male,Under_25,180-190,71,20,Intermediate,Less_than_3,Strength_Training,Creatine,Monohydrate,6,7,High_Protein,6.3,-0.1,9.4,10
Male,25-35,180-190,72,18,Intermediate,Less_than_3,Flexibility,Whey_Protein,Concentrate,8,4,Regular,1.4,-0.6,1.6,8.3
Female,Under_25,170-180,67,29,Beginner,3-5_times,Strength_Training,Whey_Protein,Hydrolyzed,4,4,Low_Carb,2.6,-0.9,4.6,10
Female,Under_25,170-180,77,29,Beginner,More_than_5,HIIT,Whey_Protein,Isolate,3,1,High_Protein,0.9,-1.7,6.6,10
Female,Under_25,160-170,54,18,Beginner,Less_than_3,Flexibility,BCAA,Whey_Based,5,5,Low_Carb,0.2,-0.2,1.3,7
Male,Under_25,170-180,78,14,Advanced,3-5_times,Strength_Training,Creatine,HCL,5,7,Low_Carb,5.4,0.1,15.4,10
Female,25-35,170-180,62,24,Beginner,3-5_times,Strength_Training,Creatine,HCL,7,2,Regular,3,0,8.3,10
Male,25-35,170-180,69,23,Intermediate,Less_than_3,Endurance,Whey_Protein,Isolate,4,1,High_Protein,0.2,-0.5,2.5,8.7
Male,Under_25,160-170,72,14,Beginner,3-5_times,Endurance,Whey_Protein,Concentrate,3,5,Regular,1,-0.9,3.2,8.5
Female,25-35,160-170,60,31,Advanced,3-5_times,Strength_Training,Whey_Protein,Isolate,6,7,Regular,5,-2.4,9,10
Male,25-35,170-180,67,15,Beginner,3-5_times,HIIT,Creatine,Monohydrate,3,6,High_Protein,1.7,-0.2,6.9,9.9
Female,25-35,170-180,65,23,Intermediate,3-5_times,Endurance,Energy_Drink,Sugar_Free,5,5,Regular,-0.6,-0.2,2.3,6.8
Male,Under_25,170-180,81,14,Beginner,Less_than_3,Strength_Training,Whey_Protein,Concentrate,7,6,High_Protein,2.9,-0.5,4.3,10
Male,Under_25,170-180,70,24,Intermediate,Less_than_3,Endurance,Creatine,Monohydrate,5,6,High_Protein,1.7,-0.4,7.5,10
Male,Under_25,150-160,51,15,Advanced,Less_than_3,Flexibility,Creatine,Monohydrate,6,6,High_Protein,2.2,0,5.1,9.7
Male,25-35,160-170,66,22,Beginner,Less_than_3,Endurance,Creatine,Monohydrate,4,7,Low_Carb,0.6,-0.1,4.4,10
Male,Under_25,170-180,73,19,Advanced,3-5_times,HIIT,Whey_Protein,Concentrate,6,3,Regular,1.5,-2.6,8.1,10
Male,Under_25,170-180,62,20,Beginner,3-5_times,Strength_Training,Whey_Protein,Hydrolyzed,3,1,Regular,4.1,-1.3,4.5,10
Female,Under_25,150-160,51,25,Beginner,3-5_times,Endurance,Creatine,Monohydrate,8,6,Regular,2.3,-0.2,6,10
Male,25-35,180-190,93,24,Beginner,3-5_times,Strength_Training,Pre_Workout,Regular,4,1,Regular,0.2,0,9.2,10
Male,Under_25,180-190,75,20,Advanced,3-5_times,Strength_Training,BCAA,Whey_Based,7,7,Regular,0.6,-0.4,7.1,10
Female,25-35,170-180,83,30,Intermediate,3-5_times,Endurance,Fish_Oil,Deep_Sea,5,1,High_Protein,-0.4,-1.3,4,9.8
Male,Over_35,180-190,73,24,Beginner,3-5_times,Endurance,L_Carnitine,Capsule,5,5,Regular,0,-3.2,5.3,10
Male,Under_25,170-180,62,18,Intermediate,Less_than_3,HIIT,BCAA,Whey_Based,5,4,Regular,-0.5,-0.5,3.9,8.7
Male,Under_25,160-170,51,18,Beginner,3-5_times,Strength_Training,Energy_Drink,Sugar_Free,8,2,Regular,0.5,0,3.3,7.6
Female,Under_25,150-160,61,28,Beginner,More_than_5,Strength_Training,Creatine,Monohydrate,7,2,Regular,4.7,-0.1,11.3,10
Male,Under_25,180-190,79,23,Intermediate,3-5_times,Strength_Training,Creatine,Monohydrate,7,3,High_Protein,7,0.2,14.2,10
Female,25-35,180-190,77,21,Intermediate,3-5_times,Strength_Training,Multivitamin,Standard,4,1,Regular,0,0.1,3.8,7.7
Female,Under_25,150-160,52,19,Beginner,More_than_5,Strength_Training,Pre_Workout,Regular,7,2,Vegan,0.3,0,10.1,10
Male,25-35,160-170,66,17,Intermediate,More_than_5,Strength_Training,Creatine,Monohydrate,4,6,High_Protein,10.4,0,19.4,10
Male,Under_25,160-170,63,24,Beginner,3-5_times,Strength_Training,Creatine,HCL,7,7,Regular,4,-0.1,9.7,10
Female,25-35,170-180,69,31,Beginner,3-5_times,Strength_Training,Pre_Workout,Regular,4,2,Regular,0.1,0,7.5,10
Female,25-35,170-180,71,25,Beginner,3-5_times,Endurance,BCAA,Whey_Based,5,1,Regular,-0.5,-0.4,3,7.8
Male,Under_25,160-170,67,14,Intermediate,3-5_times,Endurance,Energy_Drink,Sugar_Free,6,1,Regular,-0.2,-0.2,2.4,8.5
Male,Under_25,160-170,58,19,Advanced,Less_than_3,Strength_Training,Whey_Protein,Concentrate,7,3,Regular,5.5,-1.5,6.3,10
Male,Under_25,160-170,72,14,Intermediate,More_than_5,Strength_Training,Creatine,Monohydrate,6,5,Regular,7.3,-0.1,15.9,10
Male,25-35,Above_190,104,19,Beginner,3-5_times,Endurance,Whey_Protein,Concentrate,6,1,Regular,0.8,-0.8,2.6,9.7
Female,25-35,170-180,76,23,Intermediate,3-5_times,Flexibility,Creatine,HCL,5,4,Low_Carb,1.5,0.1,2.7,8.4
Female,Under_25,170-180,76,19,Intermediate,3-5_times,Strength_Training,Fish_Oil,Deep_Sea,6,5,Regular,-0.1,-0.9,0.8,6.8
Male,25-35,170-180,63,26,Advanced,More_than_5,Strength_Training,Multivitamin,Standard,3,7,High_Protein,0,0,6.8,8.6
Male,25-35,160-170,73,16,Beginner,More_than_5,Strength_Training,Creatine,Monohydrate,7,7,Regular,5.6,-0.2,12.9,10
Female,25-35,160-170,72,29,Beginner,3-5_times,Strength_Training,Creatine,Monohydrate,8,1,Low_Carb,2.9,0.1,9.4,10
Male,Under_25,160-170,70,19,Beginner,3-5_times,HIIT,Whey_Protein,Hydrolyzed,6,2,Regular,0.7,-1.9,4.6,10
Male,Under_25,160-170,57,12,Intermediate,Less_than_3,Endurance,Fish_Oil,Deep_Sea,4,2,High_Protein,-0.1,-1.3,2.1,8
Male,25-35,170-180,77,25,Intermediate,3-5_times,Strength_Training,Whey_Protein,Concentrate,3,1,Regular,5,-1.4,6.7,10
Female,25-35,170-180,72,20,Beginner,3-5_times,Flexibility,BCAA,Whey_Based,7,6,Regular,0.4,-0.3,1.8,7
Female,Over_35,Above_190,88,30,Beginner,3-5_times,HIIT,Creatine,Monohydrate,6,4,Regular,1.8,-0.3,6.4,10
Female,25-35,170-180,63,25,Beginner,3-5_times,Strength_Training,BCAA,Whey_Based,3,4,High_Protein,0.4,0,3,8.4
Female,Under_25,150-160,49,20,Advanced,3-5_times,Strength_Training,Whey_Protein,Concentrate,7,5,Low_Carb,4.4,-1.2,8,10
Female,25-35,170-180,68,23,Advanced,More_than_5,HIIT,BCAA,Whey_Based,8,5,Regular,-0.3,-0.9,10.9,10
Male,25-35,170-180,64,22,Intermediate,3-5_times,Strength_Training,Creatine,Monohydrate,8,5,High_Protein,6.8,0.1,16.7,10
Male,25-35,160-170,74,15,Intermediate,More_than_5,Endurance,Whey_Protein,Concentrate,4,4,Regular,1.7,-0.9,6.7,10
Male,Under_25,170-180,69,15,Advanced,3-5_times,Strength_Training,Energy_Drink,Sugar_Free,5,6,Low_Carb,0.4,0.1,8.2,8.8
Female,Under_25,170-180,83,23,Intermediate,More_than_5,Strength_Training,Pre_Workout,Caffeine_Free,6,7,High_Protein,0.2,0.2,20,10
Male,Over_35,180-190,75,20,Intermediate,Less_than_3,Strength_Training,Creatine,HCL,8,3,Low_Carb,3.6,0,10.1,10
Male,Under_25,150-160,48,21,Beginner,Less_than_3,Endurance,Fish_Oil,Deep_Sea,4,5,Regular,-0.3,-0.9,2.1,8.2
Female,25-35,Above_190,86,23,Intermediate,3-5_times,HIIT,Whey_Protein,Concentrate,3,2,Regular,1.5,-1.8,6.6,10
Female,25-35,170-180,80,28,Intermediate,More_than_5,Strength_Training,Whey_Protein,Concentrate,3,5,Regular,7.1,-2.7,7,10
Male,Under_25,170-180,61,22,Intermediate,3-5_times,Strength_Training,BCAA,Whey_Based,6,5,Regular,0.4,-0.1,5.2,7.8
Male,25-35,160-170,51,27,Intermediate,More_than_5,HIIT,Whey_Protein,Concentrate,5,7,Regular,3,-2.1,8.2,10
Male,Under_25,170-180,82,17,Advanced,3-5_times,Strength_Training,Whey_Protein,Isolate,3,5,High_Protein,6.3,-1.3,10.1,10
Female,25-35,170-180,83,26,Beginner,More_than_5,HIIT,BCAA,Whey_Based,4,2,High_Protein,-0.2,-0.3,5.5,8.1
Male,Under_25,170-180,71,21,Advanced,Less_than_3,HIIT,L_Carnitine,Capsule,4,4,Regular,0,-3.7,5.5,10
Male,25-35,180-190,86,20,Advanced,Less_than_3,Strength_Training,BCAA,Whey_Based,7,1,High_Protein,0.5,-0.2,5.6,8.1
Male,25-35,Above_190,101,20,Beginner,More_than_5,HIIT,Whey_Protein,Isolate,5,1,High_Protein,1.6,-2.1,6.2,10
Male,Under_25,160-170,64,22,Intermediate,Less_than_3,Strength_Training,Creatine,Monohydrate,8,1,Low_Carb,3.3,0,9.8,10
Male,Over_35,170-180,64,22,Intermediate,3-5_times,Endurance,Multivitamin,Standard,7,7,Vegan,-0.3,-0.1,5,7.3
Male,25-35,180-190,92,26,Intermediate,3-5_times,Strength_Training,L_Carnitine,Liquid,3,7,Vegan,0,-3,2.9,9.8
Male,25-35,170-180,78,18,Intermediate,More_than_5,Endurance,Whey_Protein,Concentrate,7,2,Regular,1.9,-1.3,5.6,10
Male,25-35,180-190,94,24,Advanced,Less_than_3,HIIT,Creatine,Monohydrate,7,3,Regular,2.4,-0.2,8.2,10
Male,25-35,170-180,71,19,Intermediate,More_than_5,Strength_Training,Energy_Drink,Sugar,6,5,Regular,0.1,-0.2,7.3,10
Female,25-35,170-180,76,30,Beginner,Less_than_3,HIIT,Whey_Protein,Hydrolyzed,6,5,Regular,0.3,-1.3,2.4,9.5
Male,25-35,170-180,68,26,Intermediate,3-5_times,Endurance,Multivitamin,Standard,4,2,High_Protein,-0.3,-0.2,3.3,7.7
Male,Under_25,180-190,73,24,Beginner,3-5_times,Flexibility,BCAA,Whey_Based,5,2,Regular,0.3,-0.3,1.4,8.4
Female,25-35,150-160,62,22,Intermediate,3-5_times,Strength_Training,Pre_Workout,Caffeine_Free,5,1,Regular,0.2,0,10.5,10
Male,Under_25,170-180,62,12,Intermediate,3-5_times,Strength_Training,Whey_Protein,Isolate,4,4,High_Protein,4.9,-1.2,7.3,10
Male,25-35,180-190,78,22,Intermediate,3-5_times,Strength_Training,Energy_Drink,Sugar,4,4,High_Protein,-0.2,0.1,5.6,9.6
Male,Over_35,170-180,71,29,Intermediate,More_than_5,HIIT,Whey_Protein,Isolate,6,1,Regular,2.6,-2.3,8.6,10
Male,Under_25,170-180,60,17,Advanced,Less_than_3,Strength_Training,BCAA,Whey_Based,8,2,Regular,0.5,-0.3,4.9,8.4
Male,25-35,170-180,65,19,Beginner,Less_than_3,Strength_Training,Whey_Protein,Isolate,5,7,Regular,1.9,-1,3.5,10
Male,Under_25,170-180,63,16,Beginner,3-5_times,Endurance,Energy_Drink,Sugar,6,7,High_Protein,-0.2,-0.1,1.6,7.3
Male,25-35,180-190,90,16,Intermediate,3-5_times,HIIT,Creatine,Monohydrate,7,7,High_Protein,1.1,-0.1,12.4,10
Male,Under_25,170-180,60,16,Beginner,3-5_times,Strength_Training,Whey_Protein,Concentrate,8,3,Low_Carb,2.5,-0.9,4.8,10
Male,Under_25,160-170,67,17,Beginner,More_than_5,Strength_Training,Creatine,HCL,4,3,Regular,5.7,-0.1,13,10
Male,Over_35,170-180,61,21,Intermediate,More_than_5,HIIT,BCAA,Whey_Based,8,1,Vegan,0.1,-0.7,6.8,9.6
Male,Over_35,170-180,76,28,Advanced,3-5_times,Strength_Training,Whey_Protein,Isolate,6,2,Low_Carb,5.4,-1.3,7.6,10
Male,25-35,150-160,47,17,Intermediate,3-5_times,Strength_Training,Creatine,Monohydrate,3,5,Regular,5.1,0,12.9,10
Male,25-35,170-180,67,21,Advanced,3-5_times,Strength_Training,Multivitamin,Standard,6,2,Low_Carb,-0.1,0,4.7,7.8
Male,Under_25,170-180,77,19,Intermediate,Less_than_3,Endurance,Creatine,HCL,7,7,Regular,1.6,-0.2,6.1,10
Male,25-35,160-170,68,25,Intermediate,3-5_times,Endurance,Energy_Drink,Sugar_Free,8,3,Vegan,-0.2,-0.2,1.6,7.7
Male,Under_25,170-180,76,23,Beginner,Less_than_3,HIIT,Whey_Protein,Concentrate,8,7,Vegan,0.3,-1,2.1,8.6
Male,25-35,170-180,76,27,Beginner,More_than_5,HIIT,Whey_Protein,Isolate,6,4,Regular,1.2,-1.7,4.7,10
Male,Under_25,180-190,85,12,Advanced,3-5_times,Endurance,Creatine,Monohydrate,8,7,Regular,1.7,-0.2,13.9,10
Male,Under_25,170-180,64,24,Intermediate,3-5_times,Endurance,Whey_Protein,Concentrate,8,4,Regular,2.1,-1.5,6.3,10
Male,Under_25,160-170,56,21,Beginner,Less_than_3,HIIT,Creatine,Monohydrate,8,4,Regular,1.1,-0.2,4.2,10
Male,Under_25,180-190,81,21,Intermediate,3-5_times,HIIT,Pre_Workout,Regular,3,7,Regular,-0.3,-0.2,12.3,10
Male,Over_35,170-180,72,24,Intermediate,3-5_times,HIIT,L_Carnitine,Capsule,5,3,Low_Carb,-0.3,-3.1,7.4,10
Male,Over_35,170-180,79,18,Intermediate,3-5_times,Strength_Training,BCAA,Vegan,4,6,High_Protein,0.7,-0.4,6.6,8.7
Female,25-35,160-170,54,30,Beginner,3-5_times,Strength_Training,Creatine,Monohydrate,4,5,Regular,3.6,0.1,7.9,10
Male,Under_25,150-160,46,20,Beginner,Less_than_3,Endurance,Whey_Protein,Concentrate,6,6,Regular,1.1,-0.8,2.5,8.4
Male,Over_35,160-170,50,22,Beginner,3-5_times,HIIT,BCAA,Whey_Based,8,6,Regular,-0.3,-0.4,3.5,8.6
Male,25-35,160-170,61,20,Intermediate,3-5_times,Flexibility,Energy_Drink,Sugar,6,3,Regular,0.4,0,2.3,8.6
Male,Under_25,170-180,70,14,Beginner,3-5_times,Endurance,Creatine,Monohydrate,3,5,Regular,1.8,-0.2,6.7,9.8
Male,25-35,160-170,60,20,Intermediate,3-5_times,Strength_Training,Creatine,Monohydrate,6,6,Regular,4.6,-0.1,10.5,10
Male,Under_25,180-190,93,13,Intermediate,3-5_times,HIIT,Multivitamin,Standard,4,4,Regular,-0.1,-0.3,2.9,7.4
Female,Under_25,170-180,79,24,Beginner,3-5_times,Strength_Training,Pre_Workout,Caffeine_Free,4,4,Regular,0.2,0.1,7.7,10
Male,Under_25,160-170,51,24,Intermediate,Less_than_3,Strength_Training,Creatine,Monohydrate,8,4,Regular,3.4,0,7.2,10
Male,25-35,Above_190,90,18,Intermediate,3-5_times,Strength_Training,BCAA,Whey_Based,3,2,Regular,0.9,-0.3,6.2,8.4
Male,25-35,150-160,55,22,Advanced,More_than_5,Endurance,Whey_Protein,Concentrate,3,1,High_Protein,3.8,-1.3,9.4,10
Male,Under_25,170-180,82,17,Advanced,3-5_times,Flexibility,Whey_Protein,Hydrolyzed,5,2,Regular,2.2,-1.1,4,8.6
Female,Under_25,160-170,57,28,Intermediate,3-5_times,Flexibility,BCAA,Whey_Based,4,6,Regular,0.3,-0.2,2.9,7.6
Female,Under_25,160-170,55,27,Beginner,Less_than_3,Strength_Training,Creatine,Monohydrate,7,4,Regular,2.6,-0.1,7.2,10
Male,25-35,160-170,65,27,Intermediate,Less_than_3,Strength_Training,Creatine,HCL,5,2,High_Protein,5.2,0.1,9.3,10
Male,Over_35,160-170,50,21,Intermediate,3-5_times,Strength_Training,Pre_Workout,Regular,7,5,Regular,0,-0.1,12.2,10
Male,Under_25,180-190,71,12,Intermediate,Less_than_3,Endurance,BCAA,Whey_Based,5,5,High_Protein,-0.3,-0.4,3.4,8.7
Male,Under_25,170-180,73,13,Advanced,3-5_times,Flexibility,Creatine,Monohydrate,6,3,Regular,2.7,0.1,4.8,9.5
Female,Under_25,170-180,74,24,Beginner,Less_than_3,HIIT,Whey_Protein,Hydrolyzed,3,6,High_Protein,0.4,-1,3.6,10
Female,Under_25,180-190,81,19,Intermediate,Less_than_3,HIIT,Creatine,HCL,8,7,High_Protein,1.1,-0.4,6,10
Male,Under_25,170-180,76,13,Intermediate,3-5_times,Endurance,Whey_Protein,Concentrate,6,2,Low_Carb,0.9,-0.6,5.2,10
Female,25-35,160-170,55,25,Intermediate,Less_than_3,Strength_Training,Whey_Protein,Concentrate,4,6,Regular,3.3,-1.1,5.6,10
Female,25-35,Above_190,99,31,Intermediate,3-5_times,Strength_Training,Creatine,Monohydrate,5,1,Regular,5.2,0,11.3,10
Male,Under_25,180-190,90,19,Beginner,3-5_times,Flexibility,Fish_Oil,Deep_Sea,3,7,Regular,0.2,-1,0.6,7.2
Male,25-35,170-180,76,19,Beginner,Less_than_3,Strength_Training,Multivitamin,Standard,6,4,High_Protein,0.1,-0.1,2.1,6.2
Female,Over_35,170-180,63,25,Intermediate,3-5_times,HIIT,BCAA,Whey_Based,3,7,High_Protein,-0.5,-0.8,6.8,9.3
Male,Under_25,160-170,70,15,Intermediate,3-5_times,Strength_Training,Whey_Protein,Isolate,7,6,Regular,2.7,-2,5.9,10
Female,25-35,170-180,83,24,Beginner,3-5_times,Strength_Training,Whey_Protein,Concentrate,5,3,High_Protein,2.8,-0.8,5,10
Female,Under_25,170-180,68,19,Advanced,3-5_times,HIIT,Creatine,HCL,3,3,High_Protein,1.4,-0.2,12.1,10
Male,25-35,170-180,65,25,Intermediate,3-5_times,Strength_Training,Energy_Drink,Sugar_Free,4,7,Regular,0.4,0,5.5,9.5
Male,Over_35,150-160,46,18,Beginner,3-5_times,Strength_Training,Whey_Protein,Concentrate,5,3,Regular,3.2,-1.6,4.2,10
Female,25-35,160-170,51,29,Beginner,Less_than_3,Endurance,Creatine,Monohydrate,7,1,High_Protein,1,0,4.6,9.8
Female,25-35,170-180,83,26,Intermediate,Less_than_3,HIIT,Pre_Workout,Regular,8,6,Low_Carb,-0.2,-0.3,9.7,10
Male,Under_25,170-180,83,14,Intermediate,3-5_times,Strength_Training,Pre_Workout,Regular,7,6,High_Protein,-0.1,0,12.4,10
Male,25-35,160-170,56,19,Advanced,3-5_times,Endurance,Multivitamin,Standard,7,5,High_Protein,-0.4,0,5.6,8.2
Female,25-35,160-170,52,29,Beginner,3-5_times,Endurance,Energy_Drink,Sugar,5,4,Regular,-0.6,-0.4,1.9,8.1
Male,Under_25,180-190,78,15,Intermediate,3-5_times,Strength_Training,BCAA,Whey_Based,8,5,Regular,0.3,-0.2,4.7,7.8
Male,Under_25,150-160,60,23,Advanced,3-5_times,Endurance,Whey_Protein,Hydrolyzed,3,3,Regular,3.2,-1.2,7.2,10
Male,Over_35,180-190,89,29,Intermediate,3-5_times,Strength_Training,L_Carnitine,Liquid,8,2,Regular,0.5,-2.6,3.6,9.7
Male,Under_25,180-190,84,13,Intermediate,3-5_times,HIIT,Creatine,Monohydrate,6,4,Regular,1.8,-0.2,8.3,10
Male,25-35,170-180,78,25,Beginner,Less_than_3,Strength_Training,Pre_Workout,Regular,7,5,Regular,0.1,0.2,5.1,10
Male,Under_25,170-180,63,16,Beginner,Less_than_3,Strength_Training,BCAA,Whey_Based,7,4,Low_Carb,0.5,-0.1,2.3,8.4
Male,Under_25,180-190,72,23,Intermediate,3-5_times,Endurance,BCAA,Whey_Based,5,6,Regular,-0.5,-0.6,4.6,9
Female,25-35,170-180,64,27,Intermediate,3-5_times,Endurance,Pre_Workout,Regular,3,2,Low_Carb,-0.2,-0.2,12.8,10
Male,25-35,160-170,62,21,Intermediate,More_than_5,HIIT,Fish_Oil,Deep_Sea,4,7,High_Protein,-0.2,-2.1,3.9,10
Female,Over_35,170-180,68,26,Intermediate,Less_than_3,HIIT,BCAA,Vegan,4,2,Regular,0,-0.3,4.9,7.7
Male,25-35,Above_190,93,20,Intermediate,Less_than_3,Strength_Training,BCAA,Whey_Based,6,2,High_Protein,0.1,-0.3,4.3,8
Male,25-35,160-170,70,24,Beginner,3-5_times,Strength_Training,Pre_Workout,Regular,3,7,Low_Carb,0.1,0,7.3,10
Male,25-35,160-170,74,16,Beginner,3-5_times,Strength_Training,Fish_Oil,Deep_Sea,6,7,Low_Carb,0.3,-0.6,0.7,8
Female,Under_25,170-180,67,29,Beginner,3-5_times,Strength_Training,Whey_Protein,Hydrolyzed,7,2,Regular,3.7,-1.4,4.7,10
Female,Over_35,160-170,63,30,Intermediate,Less_than_3,HIIT,Energy_Drink,Sugar_Free,7,1,Low_Carb,-0.3,-0.1,3.9,8
Male,Over_35,150-160,56,24,Intermediate,3-5_times,Strength_Training,Pre_Workout,Caffeine_Free,5,2,High_Protein,-0.1,0,11.4,10
Female,25-35,170-180,76,28,Intermediate,Less_than_3,Strength_Training,BCAA,Vegan,4,5,High_Protein,0.4,-0.3,2.2,8.3
Female,Under_25,Above_190,92,23,Beginner,More_than_5,HIIT,Creatine,Monohydrate,5,5,Regular,1.7,-0.2,6.8,10
Male,Under_25,180-190,71,14,Advanced,3-5_times,Endurance,Creatine,Monohydrate,4,1,Regular,2.3,-0.2,11,10
Male,25-35,180-190,77,23,Advanced,Less_than_3,Strength_Training,Creatine,HCL,4,5,High_Protein,6.1,0,12.3,10
Male,25-35,170-180,70,27,Beginner,3-5_times,Strength_Training,Multivitamin,Standard,6,5,Regular,0.1,-0.1,2,7.1
Female,Under_25,Above_190,85,28,Advanced,Less_than_3,Strength_Training,Creatine,HCL,5,4,Low_Carb,4.3,-0.1,12.4,10
Male,Over_35,180-190,89,29,Intermediate,Less_than_3,Strength_Training,Whey_Protein,Isolate,5,4,Regular,3.6,-1.1,3.7,10
Female,25-35,180-190,78,28,Intermediate,More_than_5,Strength_Training,Creatine,Monohydrate,7,6,High_Protein,8.6,0,17.5,10
Female,25-35,160-170,73,24,Intermediate,Less_than_3,HIIT,Whey_Protein,Isolate,8,4,High_Protein,1,-1,5.3,10
Female,25-35,180-190,76,31,Intermediate,3-5_times,HIIT,Whey_Protein,Isolate,7,1,Regular,1.8,-1.8,6.9,10
Male,25-35,170-180,72,22,Intermediate,3-5_times,Flexibility,Pre_Workout,Regular,7,2,High_Protein,0.2,0.1,5.5,10
Female,Over_35,180-190,79,23,Advanced,Less_than_3,Strength_Training,Pre_Workout,Caffeine_Free,5,2,Regular,0.2,0.1,12,10
Male,Under_25,160-170,70,14,Intermediate,More_than_5,HIIT,BCAA,Vegan,6,2,Regular,-0.4,-1,7.4,10
Male,25-35,170-180,60,21,Intermediate,3-5_times,Endurance,L_Carnitine,Liquid,4,4,High_Protein,-0.1,-3.9,8.4,10
Male,Over_35,170-180,70,29,Intermediate,3-5_times,HIIT,Creatine,Monohydrate,6,3,High_Protein,1.7,-0.1,8.9,10
Female,25-35,180-190,82,21,Intermediate,Less_than_3,HIIT,Whey_Protein,Isolate,8,6,Regular,0.4,-1.2,4.9,9.8
Female,25-35,160-170,53,28,Intermediate,Less_than_3,HIIT,Fish_Oil,Deep_Sea,8,3,High_Protein,-0.6,-1.5,2.3,7.9
Female,25-35,170-180,68,25,Advanced,3-5_times,Endurance,Whey_Protein,Concentrate,4,4,Vegan,0.4,-1,5.2,9.2
Male,25-35,170-180,72,24,Intermediate,3-5_times,Endurance,Creatine,Monohydrate,8,3,High_Protein,2.2,-0.2,8.5,10
Male,Under_25,150-160,57,19,Beginner,More_than_5,Strength_Training,Creatine,Monohydrate,7,5,Low_Carb,4.3,-0.1,9.6,10
Male,Under_25,180-190,80,12,Beginner,More_than_5,Strength_Training,BCAA,Whey_Based,7,5,High_Protein,0.4,-0.1,5.6,8.5
Male,Over_35,150-160,54,23,Advanced,Less_than_3,Strength_Training,Creatine,Monohydrate,3,7,High_Protein,6.4,0,11.8,10
Female,Under_25,180-190,77,19,Intermediate,Less_than_3,Endurance,Fish_Oil,Deep_Sea,6,5,Regular,-0.4,-1,2.2,7.6
Male,25-35,160-170,73,15,Beginner,More_than_5,HIIT,L_Carnitine,Capsule,7,6,Regular,0,-4,6.5,10
Male,Under_25,160-170,69,20,Intermediate,3-5_times,Strength_Training,Multivitamin,Standard,7,7,Regular,0,-0.1,3.7,6.8
Male,Under_25,170-180,78,17,Intermediate,3-5_times,Flexibility,Whey_Protein,Concentrate,5,7,Regular,1.9,-0.6,2,8.7
Male,Under_25,170-180,71,23,Intermediate,3-5_times,Endurance,Whey_Protein,Isolate,5,2,Low_Carb,2,-0.9,4.7,10
Female,Over_35,180-190,86,34,Beginner,Less_than_3,Endurance,Fish_Oil,Deep_Sea,8,4,Regular,-0.4,-0.9,1.6,7.3
Male,Under_25,150-160,52,24,Intermediate,More_than_5,HIIT,Whey_Protein,Isolate,5,7,Regular,2.3,-2.5,8.8,10
Male,25-35,170-180,80,17,Advanced,Less_than_3,HIIT,L_Carnitine,Liquid,7,7,Regular,-0.2,-3.7,7.3,10
Female,Under_25,160-170,73,23,Intermediate,3-5_times,HIIT,BCAA,Whey_Based,6,7,Regular,-0.2,-0.5,7,9.8
Female,25-35,150-160,58,25,Beginner,3-5_times,Endurance,Multivitamin,Sport_Enhanced,5,1,Regular,-0.3,-0.2,2.3,6.2
Male,25-35,160-170,57,21,Advanced,Less_than_3,Flexibility,Energy_Drink,Sugar_Free,8,3,Regular,0.2,-0.1,1.6,8.3
Male,Under_25,180-190,78,17,Intermediate,3-5_times,HIIT,Creatine,Monohydrate,3,2,High_Protein,2.6,-0.3,10.9,10
Male,25-35,160-170,64,24,Beginner,3-5_times,HIIT,L_Carnitine,Liquid,5,6,Regular,0,-3.5,5.5,10
Female,Over_35,180-190,75,30,Advanced,Less_than_3,Strength_Training,Pre_Workout,Regular,4,7,Low_Carb,0.3,0,10.3,10
Female,25-35,170-180,73,20,Beginner,3-5_times,HIIT,Creatine,Monohydrate,3,4,Low_Carb,1.2,-0.3,7.7,10
Male,Under_25,160-170,53,15,Advanced,More_than_5,Strength_Training,Energy_Drink,Sugar,3,1,Regular,0.4,0.1,8.6,9.8
Male,25-35,170-180,75,23,Intermediate,3-5_times,Endurance,Whey_Protein,Concentrate,7,6,Low_Carb,1.3,-0.8,4.3,10
Female,25-35,170-180,82,21,Intermediate,More_than_5,Strength_Training,BCAA,Whey_Based,7,7,Low_Carb,0.2,-0.4,7.6,9.9
Male,Under_25,160-170,52,19,Advanced,3-5_times,HIIT,Multivitamin,Standard,8,4,Regular,-0.7,-0.3,3.9,6.5
Female,Over_35,160-170,67,33,Beginner,3-5_times,Strength_Training,Creatine,Monohydrate,4,7,Regular,4.5,0,8.7,10
Male,25-35,170-180,62,17,Intermediate,More_than_5,Strength_Training,Whey_Protein,Concentrate,7,3,Low_Carb,4.5,-1.9,9.7,10
Male,Over_35,180-190,90,27,Intermediate,Less_than_3,HIIT,Multivitamin,Standard,7,6,High_Protein,0,-0.3,3.3,7.7
Male,Over_35,160-170,54,29,Advanced,More_than_5,Flexibility,Creatine,Monohydrate,5,2,Regular,3.8,-0.1,9.2,10
Male,25-35,160-170,69,19,Beginner,Less_than_3,Strength_Training,Whey_Protein,Isolate,5,7,High_Protein,3,-1,2.8,9.6
Female,Under_25,150-160,63,21,Intermediate,More_than_5,Strength_Training,Whey_Protein,Isolate,4,4,Regular,6.9,-1.6,6.7,10
Male,Over_35,170-180,66,18,Beginner,3-5_times,HIIT,Creatine,HCL,6,3,Vegan,1.6,-0.4,6.2,10
Male,Over_35,170-180,72,22,Beginner,More_than_5,Strength_Training,Creatine,Monohydrate,3,2,Vegan,4.1,0.2,12,10
Male,25-35,150-160,60,27,Intermediate,More_than_5,Endurance,Creatine,Monohydrate,5,4,Regular,1.8,-0.3,12.9,10
Male,Under_25,170-180,64,14,Beginner,More_than_5,Endurance,Whey_Protein,Concentrate,6,7,Regular,2.2,-0.7,5.5,9.5
Male,Over_35,180-190,83,24,Intermediate,Less_than_3,HIIT,BCAA,Whey_Based,4,5,Low_Carb,-0.4,-0.5,4,8.4
Male,25-35,170-180,61,22,Advanced,More_than_5,HIIT,Whey_Protein,Concentrate,5,4,High_Protein,2.8,-4.1,7.7,10
Female,25-35,160-170,62,21,Intermediate,3-5_times,Endurance,Creatine,Monohydrate,3,5,Regular,2.8,-0.1,9.7,10
Male,Over_35,180-190,77,20,Intermediate,3-5_times,Strength_Training,Whey_Protein,Isolate,7,6,High_Protein,5.1,-1.5,5.3,10
Male,Under_25,170-180,63,17,Intermediate,Less_than_3,HIIT,Creatine,HCL,3,6,Regular,1,-0.2,6.8,10
Male,Under_25,160-170,67,22,Advanced,3-5_times,HIIT,Whey_Protein,Concentrate,8,6,Regular,1.5,-1.9,7.8,10
Female,25-35,170-180,75,28,Beginner,Less_than_3,HIIT,Creatine,HCL,4,3,High_Protein,1.1,-0.4,5.8,10
Male,25-35,170-180,73,21,Beginner,3-5_times,HIIT,Fish_Oil,Deep_Sea,8,7,High_Protein,-0.2,-1.1,1.7,8.3
Male,25-35,150-160,49,18,Intermediate,3-5_times,HIIT,Whey_Protein,Isolate,8,1,Regular,1.7,-1.4,5,9.7
Male,Under_25,170-180,63,18,Intermediate,3-5_times,HIIT,L_Carnitine,Capsule,5,7,High_Protein,-0.6,-4.7,9.3,10
Male,Under_25,160-170,67,22,Beginner,Less_than_3,Strength_Training,Whey_Protein,Concentrate,3,2,Vegan,1.9,-1,2.5,9.2
Female,Under_25,160-170,58,29,Beginner,3-5_times,Strength_Training,Creatine,Monohydrate,8,7,High_Protein,4,0,9.2,10
Male,25-35,170-180,83,15,Advanced,3-5_times,Strength_Training,Energy_Drink,Sugar_Free,7,1,Regular,0.6,0.1,6.7,9.1
Male,25-35,160-170,67,17,Intermediate,More_than_5,HIIT,Whey_Protein,Concentrate,3,2,High_Protein,1.9,-1.8,10.1,10
Male,Under_25,160-170,71,23,Intermediate,3-5_times,HIIT,BCAA,Whey_Based,7,4,Regular,-0.2,-0.3,5.7,8.4
Male,Under_25,Above_190,104,23,Beginner,3-5_times,Flexibility,Whey_Protein,Concentrate,3,4,Low_Carb,1.4,-0.5,1.7,7.7
Male,Over_35,170-180,79,18,Intermediate,Less_than_3,HIIT,Whey_Protein,Hydrolyzed,3,2,High_Protein,1,-0.9,4.4,10
Female,25-35,150-160,45,24,Beginner,3-5_times,Strength_Training,BCAA,Whey_Based,3,3,Regular,0.7,-0.2,3.8,9.4
Male,Under_25,180-190,93,22,Intermediate,3-5_times,Strength_Training,BCAA,Whey_Based,4,3,Low_Carb,0.4,-0.2,6.3,9.3
Male,Over_35,150-160,55,20,Intermediate,3-5_times,Endurance,BCAA,Whey_Based,7,6,Regular,-0.5,-0.5,6.2,9.6
Male,Under_25,180-190,92,13,Intermediate,3-5_times,HIIT,Energy_Drink,Sugar,6,7,Low_Carb,-0.1,-0.1,5.4,8.2
Female,25-35,170-180,74,24,Beginner,3-5_times,Strength_Training,Whey_Protein,Isolate,3,3,High_Protein,3.4,-0.7,4.6,10
Male,Over_35,170-180,83,21,Intermediate,3-5_times,Strength_Training,Fish_Oil,Deep_Sea,7,1,High_Protein,0.3,-0.5,1.2,7.6
Male,Under_25,180-190,88,15,Intermediate,3-5_times,Strength_Training,Energy_Drink,Sugar_Free,7,7,Regular,0.5,0.1,5,8
Male,Under_25,170-180,68,17,Intermediate,Less_than_3,Endurance,Multivitamin,Standard,8,1,Regular,-0.5,-0.2,2.9,7.9
Female,Under_25,170-180,78,26,Advanced,3-5_times,Strength_Training,Creatine,Monohydrate,5,4,Regular,6.6,0.2,14.6,10
Male,25-35,180-190,72,15,Beginner,3-5_times,Strength_Training,BCAA,Whey_Based,4,2,Regular,0.5,-0.1,4.6,9.3
Female,25-35,Above_190,87,29,Beginner,Less_than_3,Strength_Training,Creatine,Monohydrate,7,3,High_Protein,2.6,0,5,10
Male,25-35,180-190,84,27,Intermediate,3-5_times,Strength_Training,BCAA,Whey_Based,6,4,High_Protein,0.9,-0.4,5.6,8.7
Female,25-35,180-190,74,21,Beginner,Less_than_3,Endurance,BCAA,Vegan,4,3,Low_Carb,0.1,-0.3,2.4,8.2
Male,25-35,180-190,74,19,Advanced,3-5_times,Endurance,BCAA,Whey_Based,6,1,Low_Carb,-0.1,-0.5,6.8,9.8
Female,25-35,160-170,68,29,Advanced,3-5_times,HIIT,Whey_Protein,Hydrolyzed,4,1,Regular,2.6,-2.8,6.9,10
Male,Under_25,170-180,84,12,Beginner,Less_than_3,Flexibility,BCAA,Vegan,5,3,Regular,-0.1,-0.1,0.9,7.3
Male,Under_25,170-180,71,14,Beginner,3-5_times,Strength_Training,BCAA,Whey_Based,4,6,Vegan,0.2,-0.2,3.4,7.6
Female,Under_25,160-170,70,22,Intermediate,3-5_times,Strength_Training,BCAA,Whey_Based,8,5,Regular,1,-0.6,6.6,10
Male,Under_25,160-170,73,22,Advanced,3-5_times,Strength_Training,BCAA,Vegan,4,4,Regular,0.6,-0.6,6.7,10
Male,25-35,170-180,68,15,Intermediate,3-5_times,Endurance,Multivitamin,Sport_Enhanced,3,3,Regular,-0.4,0,4.8,8.3
Female,Under_25,170-180,61,28,Intermediate,Less_than_3,HIIT,Creatine,HCL,5,4,Low_Carb,1.1,0,8.6,10
Male,Under_25,170-180,81,21,Intermediate,3-5_times,HIIT,Whey_Protein,Isolate,7,4,Low_Carb,1.5,-1.2,5.1,9.6
Male,Under_25,180-190,86,12,Intermediate,Less_than_3,HIIT,BCAA,Whey_Based,6,3,Regular,-0.3,-0.4,4.2,8.3
Male,25-35,150-160,53,23,Intermediate,3-5_times,HIIT,Pre_Workout,Caffeine_Free,7,4,Regular,-0.3,-0.2,12.6,10
Male,25-35,160-170,71,18,Beginner,More_than_5,HIIT,Whey_Protein,Isolate,5,7,High_Protein,0.9,-1.9,5.3,10
Female,25-35,180-190,86,27,Beginner,3-5_times,Flexibility,Whey_Protein,Isolate,3,1,High_Protein,1.6,-0.5,1.5,8.6
Male,25-35,170-180,69,17,Intermediate,3-5_times,HIIT,Creatine,Monohydrate,3,2,Low_Carb,1.3,0,10.8,10
Female,Under_25,170-180,63,18,Intermediate,3-5_times,Strength_Training,Creatine,Monohydrate,3,3,Regular,5.6,-0.1,11.5,10
Male,25-35,160-170,60,24,Beginner,3-5_times,Flexibility,Whey_Protein,Hydrolyzed,4,7,Low_Carb,1.5,-0.5,2.3,8.8
Female,25-35,170-180,75,20,Intermediate,Less_than_3,HIIT,Whey_Protein,Hydrolyzed,8,6,High_Protein,1.3,-1.1,4.5,9
Male,25-35,180-190,85,16,Intermediate,3-5_times,Strength_Training,L_Carnitine,Capsule,7,5,Regular,0.5,-2.2,3,9.9
Male,Under_25,170-180,82,20,Intermediate,Less_than_3,Endurance,BCAA,Whey_Based,8,3,Low_Carb,-0.1,-0.3,4.1,9
Male,Under_25,170-180,75,17,Beginner,Less_than_3,HIIT,Whey_Protein,Isolate,8,5,Regular,1,-1.3,2.4,10
Female,Under_25,170-180,71,25,Beginner,3-5_times,Strength_Training,Creatine,Monohydrate,5,1,Regular,4,0.2,8.5,10
Female,Under_25,150-160,62,27,Advanced,3-5_times,HIIT,Whey_Protein,Concentrate,6,1,Regular,2.1,-2.3,7.7,10
Female,Under_25,160-170,50,26,Beginner,3-5_times,Strength_Training,Multivitamin,Sport_Enhanced,7,5,High_Protein,0.5,0,2.8,7.9
Male,Under_25,170-180,79,15,Beginner,3-5_times,Strength_Training,Whey_Protein,Hydrolyzed,6,5,Regular,2.9,-1.5,4.3,9.8
Female,Over_35,180-190,71,23,Beginner,Less_than_3,HIIT,Creatine,Monohydrate,4,5,Low_Carb,1.1,-0.3,5.3,10
Female,25-35,170-180,62,29,Advanced,More_than_5,Flexibility,Pre_Workout,Regular,4,1,Regular,0,0.1,9.5,10
Female,25-35,160-170,62,24,Beginner,Less_than_3,HIIT,Pre_Workout,Regular,6,4,Regular,-0.1,-0.2,6.1,9.6
Male,Over_35,170-180,77,22,Beginner,Less_than_3,Endurance,Creatine,Monohydrate,6,1,Regular,0.4,-0.1,3.4,9.4
Female,25-35,160-170,52,28,Intermediate,3-5_times,Flexibility,Whey_Protein,Concentrate,7,1,Low_Carb,1.2,-0.3,2.3,9.3
Male,Over_35,170-180,84,24,Intermediate,3-5_times,HIIT,Creatine,Monohydrate,5,3,Low_Carb,1.4,-0.2,9.3,10
Female,Over_35,170-180,69,26,Intermediate,3-5_times,Strength_Training,Whey_Protein,Concentrate,4,2,High_Protein,5.7,-1.4,8.9,10
Male,Over_35,160-170,53,20,Intermediate,Less_than_3,HIIT,Multivitamin,Standard,5,5,High_Protein,0.3,-0.1,3.1,7.3
Male,Under_25,170-180,64,13,Intermediate,3-5_times,Strength_Training,Whey_Protein,Isolate,7,3,Regular,4.4,-1.4,4.8,10
Male,Over_35,170-180,60,25,Beginner,3-5_times,Endurance,Whey_Protein,Concentrate,5,4,High_Protein,0.8,-0.7,3.6,10
Male,Under_25,Above_190,86,20,Beginner,3-5_times,Flexibility,Whey_Protein,Concentrate,3,6,Regular,1.7,-0.8,2.3,9.6
Female,Under_25,180-190,85,28,Intermediate,Less_than_3,Strength_Training,Multivitamin,Standard,6,5,Regular,0.3,-0.1,1.9,6.2
Male,Over_35,180-190,79,29,Intermediate,Less_than_3,Endurance,Whey_Protein,Concentrate,5,7,Low_Carb,1,-0.7,2.8,9.2
Female,Under_25,180-190,92,24,Advanced,Less_than_3,Endurance,Creatine,Monohydrate,6,7,Regular,2.8,-0.3,6.3,10
Male,Over_35,170-180,69,26,Intermediate,Less_than_3,HIIT,Energy_Drink,Sugar_Free,8,5,Regular,-0.4,-0.4,4.7,7.7
Female,Under_25,180-190,82,22,Intermediate,Less_than_3,Strength_Training,Creatine,Monohydrate,5,1,High_Protein,4.9,0,9.6,10
Male,25-35,180-190,73,22,Beginner,More_than_5,Strength_Training,Whey_Protein,Isolate,6,5,Regular,4.8,-1.9,5.1,10
Male,Under_25,170-180,67,20,Beginner,3-5_times,HIIT,Creatine,Monohydrate,3,6,Low_Carb,1.2,-0.1,8.2,10
Male,Under_25,170-180,74,18,Advanced,Less_than_3,Endurance,Creatine,Monohydrate,6,3,Low_Carb,2,0,8.6,10
Female,Under_25,180-190,77,22,Intermediate,More_than_5,HIIT,Pre_Workout,Regular,6,7,Low_Carb,-0.7,-0.1,19.3,10
Male,25-35,170-180,69,21,Intermediate,3-5_times,Flexibility,Whey_Protein,Isolate,7,6,Regular,2.1,-0.9,3.1,9
Male,Under_25,170-180,64,13,Intermediate,3-5_times,Strength_Training,Creatine,Monohydrate,5,5,Regular,5.6,-0.1,10.9,10
Male,25-35,170-180,75,19,Beginner,3-5_times,Strength_Training,Whey_Protein,Isolate,6,7,High_Protein,3.8,-1.2,5.6,10
Female,25-35,170-180,78,22,Intermediate,More_than_5,HIIT,Creatine,HCL,3,1,High_Protein,2.3,-0.4,14.2,10
Male,Under_25,150-160,48,18,Intermediate,3-5_times,Endurance,Whey_Protein,Hydrolyzed,3,2,Regular,2.3,-1.1,3.9,9.7
Male,25-35,160-170,54,27,Beginner,3-5_times,Endurance,BCAA,Whey_Based,7,6,Regular,-0.2,-0.4,2.9,8.7
Female,25-35,170-180,66,29,Beginner,3-5_times,HIIT,Whey_Protein,Isolate,3,1,Low_Carb,0.5,-1.2,3.1,9.6
Male,Under_25,170-180,78,17,Beginner,3-5_times,Endurance,Whey_Protein,Concentrate,6,1,Regular,1.1,-0.6,3.6,9.1
Female,Under_25,160-170,59,24,Beginner,Less_than_3,Strength_Training,BCAA,Vegan,4,7,Low_Carb,0.3,-0.1,2.6,7.1
Male,Over_35,150-160,60,21,Beginner,3-5_times,Strength_Training,Creatine,Monohydrate,6,7,Regular,4.1,-0.1,10,10
Female,25-35,160-170,68,26,Beginner,More_than_5,Strength_Training,Creatine,Monohydrate,6,5,Regular,4.7,-0.2,8.6,10
Male,25-35,160-170,67,18,Beginner,3-5_times,HIIT,Pre_Workout,Regular,6,3,Regular,0,0,8.5,10
Female,25-35,170-180,71,30,Beginner,3-5_times,Strength_Training,Whey_Protein,Concentrate,3,3,Regular,3.5,-1.1,4.5,10
Male,25-35,170-180,76,24,Advanced,More_than_5,Endurance,BCAA,Whey_Based,7,4,Low_Carb,-0.2,-0.6,6.2,9.4
Female,Under_25,160-170,71,26,Beginner,Less_than_3,Flexibility,Whey_Protein,Isolate,4,3,High_Protein,1.1,-0.2,1.8,8.5
Female,Over_35,180-190,73,24,Beginner,Less_than_3,Flexibility,Energy_Drink,Sugar,5,1,Regular,0.4,0.1,0.9,7.2
Male,Under_25,Above_190,85,23,Beginner,More_than_5,Strength_Training,Energy_Drink,Sugar_Free,5,1,Low_Carb,-0.1,0.1,4.8,8
Male,Under_25,150-160,46,23,Intermediate,3-5_times,Strength_Training,Creatine,Monohydrate,8,2,Regular,5.6,-0.1,12.9,10
Female,Under_25,150-160,49,28,Intermediate,Less_than_3,Strength_Training,Creatine,HCL,6,2,High_Protein,3.8,0.1,8.8,10
Female,Under_25,170-180,76,25,Beginner,More_than_5,Strength_Training,Whey_Protein,Concentrate,4,2,Low_Carb,3.3,-1.2,7.1,10
Male,25-35,180-190,76,24,Beginner,3-5_times,Endurance,Whey_Protein,Isolate,6,7,Regular,0.8,-0.7,4.2,10
Female,Under_25,180-190,82,28,Beginner,Less_than_3,Strength_Training,Multivitamin,Standard,6,4,Regular,0.1,0,1.4,5.8
Female,25-35,170-180,60,22,Advanced,More_than_5,Endurance,Multivitamin,Standard,8,4,Regular,-0.2,-0.2,7.5,8
Male,Under_25,160-170,56,24,Beginner,Less_than_3,HIIT,BCAA,Vegan,5,1,Regular,-0.2,-0.4,3,7.6
Female,Over_35,160-170,64,26,Intermediate,3-5_times,Endurance,Creatine,Monohydrate,5,7,High_Protein,2.9,-0.2,9,10
Female,Under_25,170-180,80,24,Beginner,3-5_times,Strength_Training,Energy_Drink,Sugar_Free,4,6,Regular,0.3,0.1,3.7,8.8
Male,Under_25,160-170,64,22,Intermediate,More_than_5,Flexibility,Creatine,Monohydrate,3,7,Regular,3.3,-0.1,7.6,9.8
Male,Under_25,170-180,80,20,Advanced,3-5_times,Flexibility,BCAA,Vegan,7,1,Regular,0.5,-0.2,2.1,6.9
Male,25-35,170-180,74,23,Beginner,3-5_times,HIIT,Creatine,Monohydrate,8,4,High_Protein,1.4,-0.1,8.9,10
Male,25-35,170-180,80,24,Intermediate,More_than_5,Strength_Training,Whey_Protein,Concentrate,4,3,High_Protein,6.9,-1.5,9.7,10
Female,Under_25,170-180,74,20,Beginner,3-5_times,Strength_Training,BCAA,Whey_Based,7,6,Regular,0.8,-0.2,3.9,8
Female,Over_35,180-190,94,27,Advanced,Less_than_3,Flexibility,Creatine,Monohydrate,8,5,High_Protein,1.4,0,4.1,10
Male,25-35,Above_190,90,22,Advanced,3-5_times,Endurance,Whey_Protein,Concentrate,4,4,Regular,3.2,-1.7,6.7,10
Male,25-35,170-180,79,18,Beginner,Less_than_3,Endurance,BCAA,Whey_Based,6,3,Regular,0.1,-0.4,2.4,7.3
Male,Under_25,160-170,62,16,Beginner,3-5_times,Endurance,Pre_Workout,Regular,6,6,Regular,-0.3,-0.2,6.9,9.9
Male,25-35,160-170,63,16,Beginner,3-5_times,HIIT,Whey_Protein,Concentrate,3,1,Regular,0.8,-1.6,4,10
Male,Over_35,160-170,58,18,Beginner,3-5_times,Endurance,Whey_Protein,Isolate,4,5,High_Protein,0.7,-0.8,4.9,9.5
Male,Under_25,160-170,70,22,Intermediate,3-5_times,Strength_Training,Creatine,Monohydrate,3,1,Low_Carb,5.4,0,12,10
Male,Under_25,170-180,82,12,Beginner,Less_than_3,Strength_Training,Whey_Protein,Concentrate,3,7,Regular,2.2,-1.1,3.2,9.2
Female,Under_25,170-180,63,21,Intermediate,3-5_times,Strength_Training,Multivitamin,Standard,4,5,High_Protein,0.3,0,3.1,6.6
Male,Over_35,170-180,79,24,Advanced,Less_than_3,Endurance,Whey_Protein,Concentrate,8,1,Regular,1.2,-0.9,4.8,9.1
Female,Under_25,160-170,56,24,Intermediate,3-5_times,Strength_Training,Pre_Workout,Regular,3,3,Vegan,0.4,-0.1,14.1,10
Male,Under_25,170-180,74,21,Intermediate,3-5_times,Strength_Training,BCAA,Whey_Based,4,6,Regular,0.8,-0.4,3.7,8.9
Male,Over_35,180-190,79,26,Beginner,More_than_5,Strength_Training,BCAA,Whey_Based,8,3,High_Protein,0.6,-0.2,3.9,7.9
Male,25-35,180-190,89,15,Intermediate,Less_than_3,Flexibility,Creatine,Monohydrate,6,5,High_Protein,2.4,-0.1,-0.1,9.2
Female,Under_25,180-190,74,22,Intermediate,3-5_times,Strength_Training,BCAA,Vegan,7,3,Regular,0.7,-0.4,5.2,9.1
Male,Over_35,180-190,88,28,Intermediate,3-5_times,Flexibility,BCAA,Whey_Based,4,3,Regular,0.1,-0.1,1.5,7.8
Male,Under_25,180-190,82,14,Beginner,3-5_times,Strength_Training,Whey_Protein,Isolate,5,3,Regular,3.1,-1.6,4.6,10
Male,Under_25,160-170,74,12,Intermediate,3-5_times,Endurance,Multivitamin,Sport_Enhanced,4,5,Low_Carb,-0.1,0,3.8,7.9
Female,Over_35,160-170,56,34,Intermediate,3-5_times,HIIT,Fish_Oil,Deep_Sea,7,1,Regular,-0.5,-1.4,3.5,9.5
Male,Over_35,180-190,70,25,Intermediate,Less_than_3,Flexibility,BCAA,Whey_Based,4,3,Regular,0.4,-0.1,2.1,6.8
Male,Under_25,160-170,59,17,Beginner,Less_than_3,Flexibility,BCAA,Whey_Based,8,5,Low_Carb,-0.1,-0.1,0.8,7.5
Female,Over_35,170-180,73,34,Beginner,More_than_5,Strength_Training,Multivitamin,Standard,3,6,High_Protein,0.5,0,2.8,7.1
Female,25-35,170-180,80,28,Beginner,More_than_5,Strength_Training,Fish_Oil,Deep_Sea,5,1,Regular,0.4,-1,1,7.4
Male,Under_25,160-170,62,13,Beginner,3-5_times,Strength_Training,Whey_Protein,Isolate,3,6,Regular,3.3,-1.5,5.4,10
Female,Over_35,170-180,79,22,Advanced,3-5_times,HIIT,Whey_Protein,Isolate,7,4,Regular,1.4,-2.9,6.3,10
Male,Under_25,160-170,69,21,Intermediate,3-5_times,HIIT,Whey_Protein,Isolate,3,1,High_Protein,1.8,-2,5.4,10
Female,Over_35,170-180,63,29,Advanced,3-5_times,Strength_Training,Whey_Protein,Concentrate,8,5,High_Protein,6.5,-1.3,7.9,10
Male,Under_25,160-170,53,13,Beginner,More_than_5,HIIT,Whey_Protein,Concentrate,7,4,High_Protein,1.7,-1.8,6.1,9.9
Male,Over_35,170-180,61,18,Beginner,More_than_5,Flexibility,Energy_Drink,Sugar,5,6,Regular,0.3,0.1,2.1,8.1
Male,Over_35,170-180,79,27,Beginner,3-5_times,Strength_Training,Whey_Protein,Concentrate,3,2,Regular,2.8,-0.9,5.2,10
Male,Under_25,170-180,63,13,Beginner,More_than_5,Endurance,Whey_Protein,Isolate,5,7,High_Protein,1.5,-0.6,6.4,10
Male,25-35,170-180,74,26,Intermediate,More_than_5,Strength_Training,Creatine,Monohydrate,5,1,High_Protein,8.9,0,16.5,10
Male,Under_25,180-190,93,12,Intermediate,3-5_times,Strength_Training,Creatine,Monohydrate,5,1,Regular,6.7,-0.1,12,10
Female,Under_25,150-160,56,27,Beginner,3-5_times,Endurance,Multivitamin,Sport_Enhanced,6,3,Regular,0,-0.4,2.7,7.8
Male,Under_25,170-180,78,24,Beginner,Less_than_3,Endurance,Whey_Protein,Concentrate,8,2,High_Protein,1.1,-0.7,3.1,10
Male,25-35,170-180,64,15,Intermediate,3-5_times,HIIT,Creatine,HCL,6,3,Regular,2.5,0,10.3,10
Male,Over_35,170-180,79,19,Intermediate,3-5_times,Strength_Training,Energy_Drink,Sugar,8,4,High_Protein,0.1,-0.1,7.1,9
Male,Under_25,Above_190,81,19,Beginner,More_than_5,Strength_Training,Whey_Protein,Hydrolyzed,8,2,High_Protein,4.9,-1.3,6.6,10
Female,Under_25,160-170,57,25,Intermediate,3-5_times,Strength_Training,Fish_Oil,Deep_Sea,6,5,Regular,0.7,-1.2,1.3,7.2
Male,Over_35,150-160,46,23,Beginner,3-5_times,Strength_Training,Pre_Workout,Regular,5,2,High_Protein,0.8,0,6.9,10
Female,Under_25,180-190,94,27,Beginner,Less_than_3,Endurance,Whey_Protein,Concentrate,8,6,Vegan,0.4,-0.5,2.3,8.6
Male,Over_35,160-170,59,21,Intermediate,3-5_times,Flexibility,BCAA,Whey_Based,7,4,High_Protein,-0.2,-0.2,2.1,6.9
Male,Over_35,150-160,61,27,Intermediate,More_than_5,Flexibility,Creatine,Monohydrate,7,5,Low_Carb,3.1,-0.1,7.4,10
Male,Under_25,170-180,81,20,Intermediate,3-5_times,Flexibility,Whey_Protein,Concentrate,8,7,Regular,3.3,-1.4,2.5,8.2
Male,Under_25,170-180,80,13,Intermediate,3-5_times,Flexibility,Whey_Protein,Concentrate,4,1,High_Protein,2.8,-0.5,3.1,9
Male,Under_25,160-170,64,15,Beginner,3-5_times,Strength_Training,BCAA,Whey_Based,4,3,High_Protein,0.3,-0.2,3.5,8.9
Female,Over_35,160-170,58,31,Intermediate,Less_than_3,Strength_Training,Energy_Drink,Sugar_Free,8,1,Low_Carb,0.2,0.2,4.1,8.5
Male,Over_35,150-160,63,29,Beginner,Less_than_3,Strength_Training,Creatine,HCL,3,6,Regular,2.8,0.1,6.4,10
Male,25-35,160-170,56,20,Advanced,Less_than_3,Strength_Training,Whey_Protein,Isolate,8,5,Low_Carb,3.2,-1.2,8,10
Female,Under_25,160-170,53,27,Intermediate,Less_than_3,Flexibility,Creatine,HCL,3,6,Low_Carb,1.8,0.1,3.4,8.9
Male,Under_25,180-190,77,19,Beginner,3-5_times,Strength_Training,Creatine,Monohydrate,5,7,High_Protein,3.6,0,11.1,10
Male,Under_25,170-180,64,22,Beginner,More_than_5,Endurance,Creatine,Monohydrate,7,3,Regular,2.5,-0.3,6.7,10
Male,Over_35,150-160,48,20,Intermediate,3-5_times,Endurance,Creatine,Monohydrate,7,4,High_Protein,2.5,-0.2,8,10
Male,25-35,160-170,55,15,Intermediate,3-5_times,Endurance,Fish_Oil,Deep_Sea,3,3,High_Protein,-0.3,-1.6,2.8,7.8
Male,Under_25,170-180,76,20,Beginner,3-5_times,Strength_Training,Creatine,HCL,4,2,Low_Carb,3,-0.1,7.4,10
Male,Over_35,170-180,71,24,Beginner,3-5_times,Endurance,BCAA,Whey_Based,8,1,Regular,-0.4,-0.5,3.2,7.8
Male,25-35,170-180,76,16,Beginner,3-5_times,Endurance,Whey_Protein,Hydrolyzed,8,4,Regular,0.7,-0.5,2.9,9.8
Male,Over_35,150-160,50,28,Intermediate,Less_than_3,HIIT,Whey_Protein,Concentrate,6,4,Regular,1.1,-1.6,5.2,10
Male,Under_25,160-170,57,21,Advanced,Less_than_3,HIIT,Whey_Protein,Concentrate,7,5,Low_Carb,1.3,-1,5.2,9.2
Male,Under_25,160-170,52,15,Beginner,Less_than_3,Strength_Training,Creatine,Monohydrate,7,4,High_Protein,4.1,0,6.1,10
Female,Under_25,160-170,66,27,Intermediate,3-5_times,Strength_Training,Creatine,Monohydrate,3,6,Regular,7.6,-0.1,12.1,10
Male,25-35,160-170,70,22,Intermediate,3-5_times,HIIT,Whey_Protein,Concentrate,7,7,Regular,2.2,-1.9,6,9.8
Male,Under_25,160-170,65,19,Intermediate,Less_than_3,Endurance,Creatine,Monohydrate,5,5,Regular,1,-0.2,6,10
Female,25-35,180-190,72,22,Intermediate,3-5_times,Strength_Training,Whey_Protein,Isolate,8,2,Low_Carb,4.1,-0.9,8.1,10
Female,25-35,160-170,74,28,Intermediate,3-5_times,HIIT,Energy_Drink,Sugar,4,1,Regular,-0.7,-0.3,5.2,8.6
Male,25-35,180-190,70,25,Advanced,3-5_times,Endurance,Energy_Drink,Sugar_Free,3,5,High_Protein,-0.4,-0.3,3.1,8.3
Male,25-35,180-190,88,17,Intermediate,Less_than_3,HIIT,Whey_Protein,Concentrate,7,1,Regular,0.6,-1.1,4,10
Male,Under_25,160-170,50,14,Advanced,Less_than_3,Flexibility,Whey_Protein,Isolate,4,1,Regular,1.9,-0.8,1.9,9.2
Female,Under_25,160-170,71,23,Intermediate,3-5_times,Strength_Training,Fish_Oil,Deep_Sea,4,6,Regular,-0.2,-1,1.2,7.2
Male,Under_25,170-180,71,15,Intermediate,3-5_times,Endurance,Whey_Protein,Isolate,3,1,High_Protein,2,-1.2,5.3,10
Female,25-35,150-160,64,27,Intermediate,3-5_times,Flexibility,Creatine,HCL,6,5,High_Protein,3.6,0,6.1,9.6
Female,25-35,170-180,65,31,Intermediate,Less_than_3,Endurance,Pre_Workout,Regular,4,7,Regular,-0.3,0,8.7,10
Male,25-35,170-180,60,20,Beginner,3-5_times,HIIT,Energy_Drink,Sugar,4,4,Vegan,-0.3,-0.2,4.4,8.6
Male,Under_25,160-170,65,14,Intermediate,More_than_5,HIIT,L_Carnitine,Capsule,4,1,Low_Carb,-0.4,-3.7,9.8,10
Male,Under_25,180-190,83,16,Beginner,3-5_times,HIIT,Pre_Workout,Regular,4,6,Regular,-0.2,0.1,7.9,10
Male,Under_25,170-180,64,15,Beginner,3-5_times,Strength_Training,Multivitamin,Standard,4,6,Regular,0.1,0,2.1,6.8
Female,25-35,150-160,54,23,Advanced,Less_than_3,Strength_Training,Whey_Protein,Hydrolyzed,5,2,Low_Carb,2.6,-1.2,5.4,10
Female,25-35,150-160,51,25,Advanced,3-5_times,Endurance,Multivitamin,Standard,5,5,Regular,-0.2,-0.2,6.2,7.3
Female,25-35,170-180,73,23,Intermediate,More_than_5,Strength_Training,Pre_Workout,Caffeine_Free,7,6,Regular,0,-0.1,16.1,10
Female,Under_25,160-170,58,27,Beginner,3-5_times,Strength_Training,Energy_Drink,Sugar,5,2,High_Protein,0.3,-0.2,4.3,7.8
Female,Under_25,150-160,46,19,Beginner,3-5_times,Strength_Training,Whey_Protein,Concentrate,4,6,Regular,3.7,-1.4,3.8,10
Female,Over_35,180-190,84,30,Intermediate,3-5_times,HIIT,Multivitamin,Standard,7,7,High_Protein,0,0,4.5,6.4
Male,25-35,170-180,62,20,Intermediate,3-5_times,HIIT,Creatine,Monohydrate,3,3,Regular,2.4,-0.2,8.4,10
Male,25-35,170-180,84,25,Intermediate,3-5_times,Endurance,Multivitamin,Standard,6,7,Vegan,-0.3,-0.3,4.7,7.1
Female,25-35,160-170,50,21,Intermediate,Less_than_3,Strength_Training,BCAA,Whey_Based,4,6,High_Protein,0.9,-0.2,4.1,8.5
Male,Under_25,160-170,69,17,Intermediate,Less_than_3,Strength_Training,Multivitamin,Standard,7,1,High_Protein,0.4,0,2.8,7.8
Male,25-35,170-180,60,24,Beginner,Less_than_3,Endurance,Energy_Drink,Sugar_Free,7,6,Regular,-0.5,-0.2,1.1,7.6
Male,Over_35,180-190,85,26,Advanced,Less_than_3,Strength_Training,L_Carnitine,Capsule,8,2,Regular,0.6,-2.7,2.1,9.8
Male,25-35,170-180,82,21,Beginner,More_than_5,Strength_Training,Pre_Workout,Regular,3,3,Regular,0.2,0,9.4,10
Male,Under_25,170-180,84,13,Beginner,Less_than_3,Strength_Training,Creatine,Monohydrate,6,5,Regular,3,-0.1,5.3,10
Male,Under_25,170-180,70,16,Beginner,3-5_times,HIIT,Creatine,HCL,8,2,Regular,1.8,-0.1,7.2,10
Female,Under_25,170-180,76,26,Advanced,More_than_5,Flexibility,L_Carnitine,Liquid,8,1,Low_Carb,0,-2.9,5.7,9.5
Male,Under_25,170-180,62,24,Advanced,Less_than_3,Strength_Training,BCAA,Whey_Based,8,2,Regular,0.5,-0.2,3.7,8.6
Female,25-35,180-190,92,24,Intermediate,3-5_times,Strength_Training,Fish_Oil,Deep_Sea,8,1,Regular,0.4,-0.9,1.1,7.1
Female,Under_25,Above_190,84,26,Intermediate,Less_than_3,HIIT,Creatine,Monohydrate,7,4,Regular,1.5,-0.5,7.1,10
Male,25-35,170-180,74,27,Intermediate,Less_than_3,Endurance,Whey_Protein,Concentrate,4,2,Vegan,1.1,-0.6,3,10
Male,25-35,170-180,61,24,Beginner,3-5_times,Strength_Training,Whey_Protein,Concentrate,8,1,High_Protein,3.2,-1,5.2,10
Male,25-35,160-170,66,16,Advanced,Less_than_3,Flexibility,Pre_Workout,Regular,4,2,Regular,0.1,0,5.1,10
Female,Over_35,150-160,51,24,Intermediate,Less_than_3,Strength_Training,Creatine,Monohydrate,3,7,High_Protein,4.4,-0.1,9.4,10
Male,Under_25,160-170,63,19,Intermediate,Less_than_3,Strength_Training,BCAA,Whey_Based,6,1,Regular,0.7,-0.1,4,9.5
Male,Under_25,170-180,84,15,Beginner,More_than_5,Endurance,Energy_Drink,Sugar_Free,4,5,Regular,0,-0.2,2.3,8.4
Female,25-35,180-190,92,20,Intermediate,Less_than_3,Strength_Training,Whey_Protein,Isolate,7,2,Regular,2.7,-1.7,4.3,10
Female,25-35,170-180,83,22,Beginner,3-5_times,HIIT,Creatine,HCL,7,7,Regular,1.4,-0.3,6.5,10
Male,Under_25,160-170,62,23,Intermediate,3-5_times,HIIT,BCAA,Whey_Based,4,2,Regular,-0.5,-0.7,4.8,8.8
Male,25-35,160-170,61,16,Beginner,More_than_5,Strength_Training,Whey_Protein,Isolate,6,3,High_Protein,5.2,-1.2,6.8,10
Female,25-35,160-170,59,28,Intermediate,3-5_times,Strength_Training,Energy_Drink,Sugar_Free,6,5,Low_Carb,0.4,0.1,4.1,9.4
Female,Under_25,170-180,74,28,Advanced,3-5_times,Endurance,L_Carnitine,Liquid,8,3,Vegan,-0.1,-6,7.2,10
Female,Under_25,170-180,75,21,Beginner,3-5_times,Strength_Training,Energy_Drink,Sugar_Free,5,7,Regular,0.2,0.1,4.4,8.4
Male,Over_35,180-190,81,21,Beginner,Less_than_3,Strength_Training,Pre_Workout,Regular,4,5,Regular,0.3,0,5.9,10
Female,25-35,150-160,49,20,Beginner,3-5_times,HIIT,BCAA,Whey_Based,5,1,Low_Carb,-0.6,-0.3,4,7.4
Female,25-35,170-180,69,21,Intermediate,3-5_times,Endurance,BCAA,Whey_Based,6,5,High_Protein,-0.2,-0.7,5.3,8.2
Male,Under_25,180-190,71,21,Intermediate,3-5_times,HIIT,Creatine,HCL,7,5,High_Protein,1.9,-0.1,9.9,10
Female,Under_25,160-170,51,18,Intermediate,3-5_times,Strength_Training,Whey_Protein,Concentrate,5,4,Low_Carb,2.9,-1,5.8,10
Female,Under_25,170-180,82,25,Advanced,3-5_times,HIIT,Whey_Protein,Isolate,7,5,Regular,2.6,-2.2,7.2,10
Male,25-35,170-180,68,22,Intermediate,3-5_times,Strength_Training,Creatine,Monohydrate,3,5,Regular,5.9,-0.1,11.7,10
Male,Under_25,150-160,64,14,Advanced,3-5_times,HIIT,Fish_Oil,Algae_DHA,6,5,High_Protein,-0.4,-1.8,4.7,9.9
Male,25-35,170-180,61,20,Intermediate,Less_than_3,HIIT,Pre_Workout,Regular,7,6,High_Protein,-0.1,-0.2,12.2,10
Female,25-35,160-170,50,28,Beginner,3-5_times,HIIT,Energy_Drink,Sugar_Free,7,7,Low_Carb,-0.2,-0.2,3.5,7.8
Female,25-35,180-190,93,27,Advanced,Less_than_3,Flexibility,BCAA,Whey_Based,6,6,Regular,0,-0.3,1.9,8.1
Male,25-35,180-190,94,25,Beginner,3-5_times,HIIT,Multivitamin,Standard,5,2,High_Protein,-0.1,-0.1,2.7,6.3
Male,25-35,160-170,51,25,Intermediate,3-5_times,Endurance,Pre_Workout,Caffeine_Free,6,3,Low_Carb,-0.5,-0.1,10.7,10
Female,Over_35,170-180,66,30,Beginner,Less_than_3,Strength_Training,Whey_Protein,Concentrate,4,3,Regular,2.8,-1.2,3.7,10
Male,25-35,160-170,64,15,Advanced,3-5_times,Flexibility,Pre_Workout,Regular,5,4,High_Protein,0.3,0.1,6.6,10
Female,25-35,160-170,68,21,Beginner,3-5_times,Endurance,Creatine,Monohydrate,7,2,Regular,1.6,-0.2,5.6,10
Male,Under_25,170-180,66,19,Intermediate,3-5_times,Strength_Training,Pre_Workout,Caffeine_Free,7,1,Regular,0,0,12.4,10
Female,Over_35,Above_190,101,30,Advanced,Less_than_3,Strength_Training,Whey_Protein,Isolate,4,3,High_Protein,6.1,-1.5,7.7,10
Male,25-35,160-170,70,16,Intermediate,Less_than_3,Strength_Training,Pre_Workout,Regular,8,2,Regular,0.3,0.1,9.8,10
Male,Over_35,180-190,90,20,Beginner,3-5_times,Endurance,BCAA,Whey_Based,4,6,Regular,-0.4,-0.4,4.2,8.6
Male,Under_25,160-170,70,17,Intermediate,3-5_times,Endurance,BCAA,Vegan,8,4,High_Protein,-0.5,-0.4,5.8,9.2
Male,25-35,180-190,80,26,Beginner,3-5_times,Endurance,BCAA,Whey_Based,6,2,Low_Carb,-0.4,-0.2,3.9,7.9
Female,25-35,170-180,73,30,Beginner,3-5_times,Endurance,Creatine,Monohydrate,8,3,Regular,1.4,-0.3,7,10
Male,25-35,170-180,67,21,Intermediate,3-5_times,Strength_Training,Whey_Protein,Hydrolyzed,4,2,Regular,4.7,-2.5,5.7,10
Male,Under_25,160-170,69,14,Advanced,3-5_times,HIIT,Whey_Protein,Concentrate,3,6,Regular,0.8,-2.2,6.6,10
Male,25-35,170-180,83,24,Beginner,More_than_5,HIIT,Whey_Protein,Concentrate,6,2,High_Protein,1.3,-1.9,6.3,10
Male,25-35,170-180,81,19,Intermediate,3-5_times,Endurance,Whey_Protein,Concentrate,3,2,Regular,1.1,-0.7,4.2,8.7
Female,Under_25,180-190,75,26,Beginner,3-5_times,Endurance,Whey_Protein,Concentrate,5,4,Low_Carb,0.7,-0.5,3.2,8.9
Male,Over_35,160-170,54,27,Beginner,3-5_times,Strength_Training,Whey_Protein,Isolate,6,5,Vegan,3,-1,4,10
Male,25-35,170-180,79,22,Beginner,3-5_times,Strength_Training,BCAA,Whey_Based,4,7,Low_Carb,0.4,-0.2,2.7,7.6
Female,25-35,160-170,51,21,Beginner,3-5_times,Strength_Training,BCAA,Whey_Based,7,6,Regular,0.6,-0.2,3.9,8.8
Male,25-35,160-170,52,19,Beginner,3-5_times,Strength_Training,Fish_Oil,Deep_Sea,8,3,Regular,-0.2,-0.8,0.8,7.2
Female,Under_25,170-180,75,29,Intermediate,3-5_times,Strength_Training,Whey_Protein,Hydrolyzed,4,3,Regular,4,-2.2,5.9,10
Female,Under_25,160-170,50,28,Intermediate,3-5_times,Strength_Training,Creatine,HCL,7,2,Regular,6.5,0.1,12.7,10
Male,Under_25,170-180,76,13,Advanced,More_than_5,Strength_Training,Fish_Oil,Deep_Sea,7,1,Vegan,0.1,-1.1,1,7.9
Male,25-35,170-180,82,19,Beginner,3-5_times,Endurance,BCAA,Whey_Based,7,4,Regular,-0.3,-0.3,3.1,8.7
Male,25-35,180-190,81,21,Intermediate,3-5_times,Strength_Training,Whey_Protein,Concentrate,5,3,High_Protein,7.1,-1.3,5.2,10
Male,25-35,160-170,56,16,Advanced,3-5_times,Endurance,Whey_Protein,Isolate,6,3,Regular,2.1,-0.9,7.7,10
Male,Under_25,Above_190,82,21,Intermediate,3-5_times,Strength_Training,Pre_Workout,Regular,5,6,Regular,0.4,-0.1,13.9,10
Female,25-35,160-170,53,24,Advanced,3-5_times,Strength_Training,Whey_Protein,Concentrate,4,5,Regular,6.1,-2,8.3,10
Male,25-35,170-180,76,17,Beginner,3-5_times,HIIT,Fish_Oil,Deep_Sea,5,5,Regular,-0.6,-1.3,2,8.6
Female,Under_25,180-190,78,28,Intermediate,Less_than_3,Strength_Training,Creatine,HCL,4,2,Low_Carb,3.8,0.1,7.5,10
Male,Under_25,160-170,70,24,Beginner,Less_than_3,Endurance,Multivitamin,Standard,6,4,Regular,-0.4,-0.2,1.4,7.1
Female,25-35,170-180,81,26,Intermediate,Less_than_3,HIIT,Energy_Drink,Sugar_Free,7,5,Regular,-0.1,-0.3,4.3,9.3
Male,Over_35,160-170,74,24,Intermediate,3-5_times,Endurance,Creatine,Monohydrate,8,6,High_Protein,2.6,-0.4,10.2,10
Male,Under_25,170-180,77,20,Intermediate,Less_than_3,Flexibility,BCAA,Whey_Based,6,2,Regular,0.1,-0.4,1.7,6.8
Male,25-35,170-180,73,16,Beginner,3-5_times,HIIT,BCAA,Whey_Based,6,3,Regular,-0.8,-0.4,4.4,8
Female,Under_25,170-180,70,29,Intermediate,3-5_times,HIIT,Whey_Protein,Concentrate,5,5,Low_Carb,1.8,-1.3,5.9,10
Female,Under_25,170-180,80,21,Beginner,3-5_times,Strength_Training,L_Carnitine,Liquid,4,6,Regular,0,-1.5,1.4,9
Male,Under_25,160-170,53,21,Beginner,More_than_5,Strength_Training,Whey_Protein,Hydrolyzed,3,6,Low_Carb,2.9,-0.9,6.9,10
Male,Over_35,160-170,52,25,Advanced,Less_than_3,Endurance,Energy_Drink,Sugar_Free,6,4,High_Protein,-0.3,-0.1,1.5,7.5
Female,25-35,170-180,61,27,Intermediate,3-5_times,Flexibility,Whey_Protein,Concentrate,5,6,Low_Carb,2.2,-0.4,3.4,8.1
Male,Over_35,160-170,57,20,Beginner,3-5_times,Strength_Training,Whey_Protein,Concentrate,8,1,Regular,2.4,-1.2,5.5,10
Male,25-35,170-180,62,26,Intermediate,3-5_times,HIIT,BCAA,Whey_Based,6,4,Vegan,-0.3,-0.6,5,9.8
Male,Under_25,160-170,62,18,Intermediate,More_than_5,Strength_Training,Multivitamin,Standard,7,5,High_Protein,0.8,0,4.4,8.6
Male,Over_35,170-180,71,23,Advanced,3-5_times,Strength_Training,Whey_Protein,Concentrate,7,2,Regular,5.5,-2.4,8.7,10
Male,25-35,170-180,77,16,Intermediate,3-5_times,Strength_Training,BCAA,Whey_Based,7,3,Regular,0.5,-0.4,3.9,8.3
Female,25-35,150-160,51,28,Intermediate,3-5_times,HIIT,Whey_Protein,Isolate,8,4,Regular,1.9,-1.9,6.2,10
Female,Over_35,160-170,62,33,Beginner,3-5_times,HIIT,Whey_Protein,Concentrate,6,3,Low_Carb,0,-0.9,5,9.4
Female,Under_25,170-180,79,21,Beginner,3-5_times,Strength_Training,Creatine,Monohydrate,7,7,Regular,3.5,0.1,8.1,10
Male,25-35,180-190,82,22,Advanced,More_than_5,Strength_Training,Fish_Oil,Deep_Sea,8,7,High_Protein,0,-1.6,1.6,7.8
Male,Under_25,160-170,56,21,Beginner,3-5_times,HIIT,Whey_Protein,Isolate,6,5,Vegan,0.7,-1.1,2.8,9.6
Female,25-35,Above_190,106,31,Beginner,Less_than_3,Strength_Training,Fish_Oil,Deep_Sea,3,1,High_Protein,0.4,-0.3,0.4,7.1
Female,25-35,170-180,61,31,Intermediate,More_than_5,Strength_Training,Whey_Protein,Concentrate,3,5,Regular,7.4,-2.2,6.3,10
Female,25-35,160-170,67,23,Beginner,3-5_times,Endurance,Creatine,HCL,4,1,Regular,1.5,-0.2,5,10
Male,Under_25,180-190,73,23,Intermediate,3-5_times,HIIT,Creatine,Monohydrate,8,4,Regular,2.8,-0.3,10.1,10
Female,25-35,160-170,52,27,Advanced,3-5_times,Endurance,Energy_Drink,Sugar_Free,4,1,Regular,-0.1,-0.2,3.7,8.4
Male,Under_25,160-170,58,21,Advanced,Less_than_3,Strength_Training,Whey_Protein,Concentrate,6,6,Regular,4.7,-1.1,4.1,10
Male,Under_25,170-180,69,17,Beginner,3-5_times,Flexibility,Whey_Protein,Isolate,5,3,Regular,1.5,-0.7,2,8.8
Male,25-35,160-170,68,23,Intermediate,Less_than_3,HIIT,Pre_Workout,Regular,3,3,Regular,-0.3,-0.3,10,10
Male,Over_35,180-190,73,18,Intermediate,3-5_times,Strength_Training,Whey_Protein,Isolate,7,7,Low_Carb,3.5,-0.8,8.1,10
Male,Under_25,180-190,92,22,Intermediate,3-5_times,Flexibility,BCAA,Whey_Based,3,3,Regular,-0.2,-0.4,1.8,6.6
Male,25-35,180-190,80,20,Intermediate,3-5_times,Flexibility,Creatine,HCL,4,2,High_Protein,2.9,0.2,5.8,10
Female,25-35,170-180,60,29,Intermediate,3-5_times,Flexibility,Creatine,Monohydrate,4,4,Low_Carb,2.1,0,4,10
Male,25-35,160-170,54,19,Intermediate,More_than_5,HIIT,Whey_Protein,Concentrate,8,7,Low_Carb,2.4,-2.3,7.3,10
Female,Over_35,180-190,74,28,Beginner,3-5_times,HIIT,BCAA,Whey_Based,8,7,Low_Carb,-0.4,-0.3,4.1,9.2
Male,25-35,160-170,58,17,Beginner,More_than_5,HIIT,Whey_Protein,Concentrate,4,3,High_Protein,1.1,-1.6,5.5,10
Male,Under_25,160-170,50,23,Advanced,3-5_times,Strength_Training,Whey_Protein,Isolate,8,6,High_Protein,9.4,-2.1,8.4,10
Male,25-35,170-180,76,24,Advanced,Less_than_3,Strength_Training,Fish_Oil,Deep_Sea,3,6,High_Protein,0.7,-0.7,1.5,6.9
Male,Under_25,180-190,76,12,Beginner,3-5_times,Strength_Training,Whey_Protein,Concentrate,7,1,Regular,2.8,-1.6,3.9,10
Male,25-35,160-170,55,21,Beginner,3-5_times,HIIT,Whey_Protein,Concentrate,4,3,High_Protein,0.5,-1.5,4.8,10
Female,Under_25,170-180,81,24,Intermediate,Less_than_3,Endurance,Creatine,Monohydrate,7,4,Regular,1.1,-0.2,5.9,10
Male,Over_35,Above_190,103,24,Beginner,3-5_times,HIIT,BCAA,Whey_Based,3,3,High_Protein,-0.3,-0.5,5.5,9.7
Male,Under_25,180-190,89,20,Intermediate,Less_than_3,Strength_Training,Energy_Drink,Sugar_Free,4,2,Regular,0.2,-0.1,3.6,7.9
Male,25-35,170-180,71,26,Beginner,3-5_times,Endurance,Pre_Workout,Regular,3,2,Regular,-0.4,-0.2,8.5,10
Male,Over_35,170-180,70,26,Advanced,Less_than_3,Strength_Training,Creatine,Monohydrate,4,7,Regular,4.9,-0.1,11.6,10
Female,Under_25,170-180,68,28,Beginner,3-5_times,Strength_Training,Whey_Protein,Concentrate,6,1,Regular,2.3,-1.1,3,9.5
Male,Under_25,150-160,52,19,Intermediate,More_than_5,HIIT,BCAA,Whey_Based,4,6,Regular,-0.5,-0.8,6.8,10
Female,Under_25,170-180,66,27,Intermediate,More_than_5,Strength_Training,Whey_Protein,Isolate,7,1,High_Protein,8.5,-1.6,8.6,10
Male,Under_25,170-180,66,19,Beginner,3-5_times,Strength_Training,Energy_Drink,Sugar_Free,3,3,Vegan,0.7,0,3.8,9.1
Male,Under_25,170-180,62,12,Beginner,More_than_5,Strength_Training,Whey_Protein,Concentrate,7,5,Regular,5,-1.7,5.9,10
Male,Under_25,170-180,71,15,Intermediate,Less_than_3,Endurance,Creatine,Monohydrate,6,2,Low_Carb,1.1,-0.1,5.5,10
Male,25-35,180-190,91,26,Intermediate,Less_than_3,HIIT,BCAA,Whey_Based,6,2,Regular,-0.1,-0.4,3.3,8.4
Female,Under_25,Above_190,104,26,Advanced,More_than_5,Endurance,Creatine,Monohydrate,8,4,High_Protein,2.9,-0.3,16.5,10
Female,Over_35,180-190,71,27,Beginner,3-5_times,Flexibility,Fish_Oil,Deep_Sea,3,7,Regular,0.5,-0.4,0.4,7.5
Female,Over_35,170-180,74,28,Intermediate,3-5_times,Endurance,Multivitamin,Sport_Enhanced,3,5,Regular,-0.3,-0.3,4.6,6.7
Male,Under_25,170-180,82,23,Intermediate,3-5_times,Strength_Training,Creatine,Monohydrate,4,5,Regular,5.6,-0.1,13.3,10
Female,25-35,Above_190,99,30,Intermediate,3-5_times,HIIT,Creatine,Monohydrate,6,7,Regular,3,-0.1,10.3,10
Female,Under_25,170-180,75,23,Beginner,3-5_times,Endurance,Fish_Oil,Deep_Sea,5,5,Low_Carb,-0.3,-0.7,3.1,7.7
Male,Over_35,Above_190,104,24,Intermediate,3-5_times,Strength_Training,Whey_Protein,Concentrate,7,7,Low_Carb,3.9,-1,4.8,10
Male,Over_35,170-180,83,25,Intermediate,Less_than_3,Strength_Training,Whey_Protein,Isolate,6,2,Low_Carb,3.1,-1,4.6,10
Male,Under_25,170-180,70,16,Beginner,More_than_5,Strength_Training,Creatine,HCL,5,5,Regular,4.9,0.1,11,10
Male,Under_25,170-180,75,21,Beginner,Less_than_3,HIIT,Whey_Protein,Isolate,5,2,Regular,0.1,-0.7,3.1,8.6
Male,25-35,170-180,69,24,Intermediate,3-5_times,Strength_Training,Fish_Oil,Deep_Sea,7,2,Regular,0.2,-0.9,1,6.6
Male,Under_25,170-180,67,20,Beginner,Less_than_3,Strength_Training,Creatine,Monohydrate,3,2,High_Protein,4.3,0.1,7.7,10
Male,Over_35,160-170,53,20,Intermediate,3-5_times,HIIT,Fish_Oil,Deep_Sea,8,7,Regular,-0.2,-1.6,3.1,7.8
Female,Over_35,160-170,72,23,Advanced,3-5_times,Endurance,Whey_Protein,Isolate,5,1,High_Protein,1.4,-1,6.7,10
Female,25-35,160-170,51,30,Intermediate,3-5_times,Flexibility,Creatine,Monohydrate,5,4,High_Protein,3.1,0,5.7,10
Male,Under_25,160-170,59,19,Beginner,3-5_times,Endurance,Fish_Oil,Deep_Sea,4,4,Regular,0,-1.1,1.9,8.7
Male,Under_25,170-180,78,13,Intermediate,Less_than_3,Endurance,Whey_Protein,Concentrate,4,7,Regular,0.9,-0.5,3.4,9.6
Female,Under_25,180-190,91,27,Beginner,Less_than_3,Strength_Training,BCAA,Whey_Based,5,4,Regular,0.6,-0.3,2.9,8.1
Male,25-35,160-170,53,26,Advanced,3-5_times,Strength_Training,Pre_Workout,Regular,8,3,Regular,0.4,0,14.3,10
Female,25-35,160-170,69,31,Beginner,3-5_times,HIIT,Energy_Drink,Sugar,7,5,High_Protein,-0.2,-0.1,5.2,8.3
Female,Under_25,170-180,71,20,Intermediate,3-5_times,HIIT,BCAA,Whey_Based,3,4,Regular,-0.5,-0.6,4.5,9.6
Female,Under_25,170-180,60,25,Intermediate,3-5_times,Flexibility,Fish_Oil,Deep_Sea,6,3,High_Protein,0.1,-0.5,1.4,6.5
Male,Under_25,180-190,83,14,Beginner,More_than_5,Strength_Training,Creatine,HCL,8,3,Low_Carb,3.1,0,11,10
Male,Over_35,180-190,74,23,Advanced,Less_than_3,HIIT,Whey_Protein,Isolate,8,7,High_Protein,1.4,-2.4,5.4,10
Male,25-35,170-180,82,25,Intermediate,Less_than_3,Endurance,Fish_Oil,Deep_Sea,5,2,Low_Carb,-0.4,-0.8,2.3,7.6
Male,Under_25,170-180,77,15,Beginner,More_than_5,HIIT,Creatine,HCL,7,3,High_Protein,2.9,-0.3,9.4,10
Female,Under_25,170-180,80,19,Advanced,3-5_times,HIIT,Creatine,Monohydrate,6,7,Regular,3.7,-0.3,12.2,10
Male,Under_25,150-160,53,19,Intermediate,3-5_times,Strength_Training,Pre_Workout,Regular,6,6,Regular,0.1,-0.1,12.9,10
Male,25-35,170-180,83,21,Intermediate,3-5_times,Strength_Training,Creatine,Monohydrate,7,3,High_Protein,8.2,0,15.1,10
Female,Under_25,170-180,65,18,Intermediate,3-5_times,HIIT,Energy_Drink,Sugar,3,7,Regular,-0.4,0,6.1,9
Male,Under_25,160-170,61,16,Intermediate,3-5_times,Flexibility,Creatine,Monohydrate,6,2,High_Protein,2.2,0,4.1,9.4
Male,Under_25,180-190,93,20,Beginner,3-5_times,HIIT,Whey_Protein,Concentrate,8,1,Low_Carb,1.1,-1,3.4,9
Female,Under_25,170-180,65,29,Intermediate,3-5_times,Endurance,Whey_Protein,Isolate,3,4,Regular,2.3,-1.2,4.5,10
Male,Under_25,Above_190,91,12,Advanced,3-5_times,HIIT,Whey_Protein,Concentrate,7,3,High_Protein,1.9,-1.9,6.6,10
Male,Under_25,180-190,83,17,Advanced,3-5_times,Flexibility,Whey_Protein,Concentrate,7,2,High_Protein,2.9,-1.2,5,10
Female,Under_25,160-170,65,29,Beginner,Less_than_3,Endurance,Whey_Protein,Concentrate,7,5,Regular,1.1,-0.6,2.5,8.4
Male,25-35,150-160,59,21,Intermediate,Less_than_3,HIIT,Whey_Protein,Concentrate,7,1,Regular,0.8,-1.2,4.3,10
Male,Over_35,170-180,75,18,Beginner,More_than_5,Strength_Training,Pre_Workout,Regular,5,6,Regular,0.1,0,10.6,10
Male,Under_25,160-170,73,15,Beginner,3-5_times,Strength_Training,Energy_Drink,Sugar_Free,4,6,Regular,-0.1,0,4.1,8.9
Male,25-35,150-160,48,15,Intermediate,More_than_5,Endurance,Whey_Protein,Concentrate,5,5,Regular,3.1,-0.9,8.8,10
Male,Under_25,180-190,88,12,Beginner,Less_than_3,Strength_Training,Whey_Protein,Isolate,7,6,Low_Carb,1.6,-0.5,2.3,10
Male,Under_25,Above_190,97,19,Beginner,Less_than_3,Strength_Training,Creatine,Monohydrate,5,3,High_Protein,2.9,-0.1,6.5,10
Male,Under_25,160-170,58,12,Beginner,3-5_times,Strength_Training,Whey_Protein,Concentrate,4,3,Low_Carb,3.1,-0.9,5.6,10
Male,Under_25,180-190,73,13,Beginner,3-5_times,Flexibility,BCAA,Vegan,5,2,High_Protein,0.3,-0.2,2.2,6.9
Male,25-35,160-170,71,19,Intermediate,Less_than_3,Strength_Training,Creatine,Monohydrate,6,3,High_Protein,3.8,0,7,10
Male,Over_35,160-170,61,24,Beginner,3-5_times,Strength_Training,Creatine,Monohydrate,4,6,Regular,3.6,-0.1,8.1,10
Male,Under_25,160-170,58,18,Beginner,3-5_times,Flexibility,Creatine,Monohydrate,7,4,Low_Carb,1.8,0,3.8,9
Male,Under_25,170-180,69,18,Advanced,3-5_times,Strength_Training,Creatine,HCL,7,4,Low_Carb,6.8,0,14.7,10
Female,Under_25,180-190,78,27,Beginner,3-5_times,Endurance,Whey_Protein,Concentrate,4,1,Low_Carb,0.5,-0.7,3.1,10
Male,Under_25,160-170,71,12,Intermediate,3-5_times,Strength_Training,Whey_Protein,Hydrolyzed,6,5,Regular,6,-1.6,7.2,10
Male,Under_25,180-190,78,21,Intermediate,More_than_5,HIIT,Creatine,Monohydrate,6,5,Regular,2.6,-0.3,15.1,10
Male,Under_25,180-190,82,20,Intermediate,Less_than_3,Strength_Training,BCAA,Vegan,6,5,Regular,0.8,-0.3,4.1,9.3
Male,25-35,180-190,88,22,Advanced,3-5_times,Flexibility,Whey_Protein,Isolate,8,3,High_Protein,2.3,-1.5,4.7,10
Male,Under_25,180-190,73,22,Beginner,Less_than_3,HIIT,BCAA,Vegan,3,7,Regular,0,-0.3,2.7,7.3
Male,Under_25,160-170,57,12,Intermediate,3-5_times,HIIT,Whey_Protein,Isolate,4,6,Low_Carb,1,-1,4.6,10
Female,Under_25,180-190,71,20,Intermediate,3-5_times,Flexibility,Whey_Protein,Isolate,8,7,Regular,2.1,-0.6,2.6,9
Male,Under_25,160-170,56,13,Beginner,3-5_times,Endurance,Energy_Drink,Sugar_Free,3,7,Regular,-0.6,-0.2,1.3,8.2
Male,25-35,160-170,64,25,Beginner,Less_than_3,Strength_Training,BCAA,Whey_Based,5,5,Low_Carb,0.4,-0.2,2.9,8.7
Male,Under_25,180-190,80,19,Advanced,3-5_times,Endurance,Whey_Protein,Isolate,8,4,Regular,3.3,-1.5,8.3,10
Male,Under_25,Above_190,88,20,Intermediate,3-5_times,Endurance,Whey_Protein,Concentrate,4,5,Regular,1.7,-0.9,5.7,10
Male,Under_25,160-170,67,12,Intermediate,3-5_times,Endurance,Whey_Protein,Concentrate,4,2,High_Protein,1.1,-1.3,6.8,10
Female,Under_25,160-170,72,23,Beginner,3-5_times,Strength_Training,Multivitamin,Sport_Enhanced,8,2,High_Protein,0.2,0,1.8,6.7
Male,25-35,160-170,62,26,Intermediate,3-5_times,Strength_Training,Fish_Oil,Deep_Sea,3,2,Regular,0.4,-1.1,1.4,6.7
Male,Under_25,160-170,71,23,Intermediate,Less_than_3,HIIT,Multivitamin,Standard,8,6,High_Protein,-0.2,-0.2,2.7,7.4
Female,Under_25,160-170,71,20,Advanced,3-5_times,Strength_Training,Pre_Workout,Regular,5,1,Low_Carb,0.2,0.1,11.9,10
Male,Under_25,170-180,64,16,Beginner,Less_than_3,HIIT,BCAA,Whey_Based,3,6,Low_Carb,0,-0.1,3.2,7.7
Male,25-35,180-190,92,16,Intermediate,More_than_5,Strength_Training,BCAA,Whey_Based,7,2,Regular,0.4,-0.2,6.2,9.8
Male,25-35,180-190,89,18,Beginner,3-5_times,Endurance,Whey_Protein,Concentrate,6,6,High_Protein,1.3,-0.8,2,8.7
Female,25-35,160-170,73,21,Beginner,3-5_times,Endurance,Creatine,Monohydrate,6,3,Vegan,1.9,-0.2,7.1,10
Male,25-35,170-180,80,22,Beginner,3-5_times,Strength_Training,Whey_Protein,Isolate,5,1,Regular,3.3,-1.9,3.9,10
Female,Under_25,170-180,75,18,Advanced,3-5_times,HIIT,Whey_Protein,Concentrate,8,5,Regular,2.1,-1.9,5.6,10
Female,25-35,160-170,60,29,Beginner,3-5_times,Strength_Training,Creatine,Monohydrate,4,6,High_Protein,4.8,0,9.4,10
Male,Under_25,170-180,66,23,Intermediate,3-5_times,Strength_Training,Creatine,Monohydrate,3,6,Low_Carb,4.4,0,13.2,10
Male,Under_25,160-170,58,24,Advanced,Less_than_3,Strength_Training,BCAA,Whey_Based,4,5,Low_Carb,0.4,-0.3,4.7,9.6
Female,25-35,160-170,60,24,Beginner,3-5_times,Strength_Training,Pre_Workout,Caffeine_Free,4,5,Regular,0.8,0,8.9,10
Male,25-35,170-180,82,20,Intermediate,More_than_5,Endurance,BCAA,Vegan,6,2,High_Protein,-0.4,-0.5,6.8,9.7
Male,25-35,180-190,86,23,Intermediate,3-5_times,Strength_Training,Fish_Oil,Deep_Sea,3,6,Regular,0.5,-0.7,1,7.8
Male,Over_35,170-180,60,20,Intermediate,3-5_times,Strength_Training,BCAA,Whey_Based,7,6,Low_Carb,0.7,-0.2,4.3,9.3
Male,25-35,170-180,65,22,Advanced,3-5_times,Endurance,Creatine,Monohydrate,6,5,Regular,4.3,-0.3,9.9,10
Female,Under_25,160-170,63,19,Beginner,3-5_times,Endurance,Whey_Protein,Hydrolyzed,5,2,Regular,0.9,-0.6,3,9.2
Male,Under_25,170-180,78,14,Intermediate,3-5_times,HIIT,Creatine,Monohydrate,3,3,Regular,1.4,-0.2,9.3,10
Male,Under_25,170-180,80,22,Beginner,More_than_5,Strength_Training,Fish_Oil,Deep_Sea,7,6,High_Protein,0.4,-0.3,1.1,8.4
Female,Under_25,170-180,84,23,Intermediate,More_than_5,Strength_Training,BCAA,Vegan,7,7,High_Protein,1.3,-0.4,7.7,9.9
Male,Under_25,170-180,81,16,Intermediate,3-5_times,Strength_Training,Multivitamin,Standard,4,4,Regular,0,0.1,3,6
Female,Under_25,160-170,67,27,Beginner,3-5_times,Strength_Training,Creatine,Monohydrate,7,2,Regular,4.1,0,8.6,10
Male,Under_25,180-190,80,23,Intermediate,3-5_times,Flexibility,Creatine,HCL,4,3,Regular,2.5,0,4.2,10
Male,25-35,180-190,76,21,Intermediate,More_than_5,Endurance,Creatine,Monohydrate,3,6,Regular,3.6,-0.1,9.8,10
Male,25-35,160-170,71,21,Intermediate,3-5_times,Endurance,BCAA,Whey_Based,3,7,Low_Carb,-0.2,-0.5,4.8,8
Male,Over_35,170-180,65,26,Beginner,3-5_times,HIIT,Creatine,Monohydrate,4,4,Regular,1.2,-0.2,5.1,10
Male,25-35,170-180,73,25,Intermediate,3-5_times,Strength_Training,BCAA,Whey_Based,3,6,Regular,0.7,-0.5,3.9,7.8
Female,Under_25,170-180,60,18,Beginner,3-5_times,Endurance,Pre_Workout,Regular,3,6,High_Protein,0,-0.1,9.2,10
Male,25-35,160-170,57,20,Intermediate,3-5_times,HIIT,Whey_Protein,Isolate,8,6,Low_Carb,0.9,-0.9,5,10
Male,25-35,Above_190,97,24,Intermediate,3-5_times,HIIT,Fish_Oil,Deep_Sea,5,5,High_Protein,-0.5,-1.6,3.1,9.5
Female,Over_35,180-190,92,22,Beginner,3-5_times,Strength_Training,BCAA,Whey_Based,3,7,Regular,0.4,-0.2,3.2,8.8
Female,25-35,170-180,79,20,Intermediate,3-5_times,Endurance,Whey_Protein,Concentrate,6,7,Vegan,2.1,-0.5,3.9,9.1
Female,Under_25,170-180,65,21,Beginner,Less_than_3,Strength_Training,Creatine,Monohydrate,6,3,High_Protein,3.3,0,6.4,10
Female,Under_25,160-170,55,19,Beginner,More_than_5,HIIT,Creatine,HCL,4,3,High_Protein,1.2,-0.2,9.1,10
Female,25-35,170-180,74,25,Intermediate,Less_than_3,Endurance,Creatine,Monohydrate,6,5,Regular,1.3,-0.3,5.2,10
Male,Under_25,170-180,70,24,Intermediate,Less_than_3,Strength_Training,Whey_Protein,Concentrate,3,3,High_Protein,3.9,-1.2,5.9,10
Male,Under_25,170-180,80,20,Beginner,Less_than_3,HIIT,Creatine,Monohydrate,5,5,Regular,0.4,-0.2,5,10
Female,Under_25,160-170,63,21,Intermediate,Less_than_3,Strength_Training,BCAA,Whey_Based,6,6,High_Protein,0.6,-0.2,4.5,8.8
Male,Under_25,180-190,72,15,Beginner,Less_than_3,Flexibility,Energy_Drink,Sugar_Free,7,5,Regular,0,-0.1,1.1,6.4
Male,Over_35,170-180,66,29,Beginner,Less_than_3,Strength_Training,Energy_Drink,Sugar_Free,3,5,Regular,0.3,0.1,2.1,6.9
Male,Over_35,170-180,83,19,Intermediate,More_than_5,Strength_Training,BCAA,Whey_Based,6,3,Regular,1,-0.4,4.8,8.5
Female,Under_25,170-180,65,25,Advanced,More_than_5,HIIT,Creatine,Monohydrate,6,6,High_Protein,3.9,-0.1,19.1,10
Male,Under_25,170-180,78,12,Beginner,3-5_times,Flexibility,Multivitamin,Standard,6,7,Regular,0.2,0.1,1.1,7
Female,Under_25,180-190,92,22,Advanced,Less_than_3,Endurance,Pre_Workout,Regular,5,3,High_Protein,0.1,-0.1,11.9,10
Male,25-35,170-180,64,18,Intermediate,Less_than_3,HIIT,Creatine,Monohydrate,8,6,Vegan,1.5,-0.3,6.1,9.9
Male,25-35,170-180,65,18,Advanced,Less_than_3,Strength_Training,BCAA,Vegan,3,1,Regular,0.3,-0.3,3.6,8.5
Female,25-35,160-170,69,31,Beginner,3-5_times,Strength_Training,BCAA,Whey_Based,8,6,High_Protein,0.8,-0.2,4.4,8.7
Male,25-35,160-170,60,21,Intermediate,3-5_times,Strength_Training,BCAA,Vegan,8,5,Regular,0.6,-0.3,5.8,8.4
Male,25-35,170-180,77,23,Intermediate,3-5_times,Strength_Training,Pre_Workout,Regular,5,7,Regular,0.4,0,13.6,10
Female,25-35,170-180,65,25,Beginner,3-5_times,Endurance,Energy_Drink,Sugar,3,4,Low_Carb,-0.5,0,2.1,8.5
Male,Under_25,170-180,71,13,Intermediate,3-5_times,Endurance,BCAA,Whey_Based,7,6,High_Protein,-0.1,-0.4,7.1,9.8
Female,25-35,Above_190,106,30,Intermediate,Less_than_3,Endurance,Pre_Workout,Caffeine_Free,6,3,Regular,-0.6,-0.2,7.7,10
Male,Over_35,160-170,59,24,Intermediate,3-5_times,Strength_Training,Multivitamin,Standard,5,5,Regular,0.2,0.1,2.4,5.8
Male,25-35,180-190,93,23,Advanced,3-5_times,HIIT,Creatine,Monohydrate,7,6,Regular,3,0,13.6,10
Male,25-35,170-180,64,27,Intermediate,3-5_times,Strength_Training,Whey_Protein,Concentrate,7,4,Regular,4.8,-1.7,5.1,10
Female,25-35,160-170,64,31,Beginner,3-5_times,Strength_Training,BCAA,Whey_Based,4,7,Vegan,0.4,-0.1,3.3,8.4
Female,Under_25,180-190,75,23,Beginner,3-5_times,Strength_Training,Multivitamin,Standard,4,1,Low_Carb,0.4,0,1.5,7.5
Female,25-35,170-180,82,20,Beginner,3-5_times,Strength_Training,Whey_Protein,Concentrate,4,3,Regular,3.8,-0.9,3.8,10
Female,Under_25,170-180,82,23,Intermediate,More_than_5,HIIT,Creatine,Monohydrate,6,4,Regular,3.1,-0.3,13,10
Male,25-35,160-170,56,20,Beginner,Less_than_3,Endurance,Energy_Drink,Sugar_Free,5,6,Regular,-0.5,-0.2,0.7,8.3
Female,25-35,170-180,74,27,Intermediate,3-5_times,HIIT,Creatine,Monohydrate,7,5,High_Protein,2.9,-0.2,10.4,10
Male,Under_25,170-180,84,18,Beginner,3-5_times,Endurance,BCAA,Vegan,4,6,Regular,0.1,-0.4,4.6,9.1
Male,25-35,180-190,74,17,Intermediate,More_than_5,Flexibility,Energy_Drink,Sugar_Free,5,2,Regular,0.2,-0.1,3.3,8.1
Male,25-35,160-170,61,18,Advanced,3-5_times,Strength_Training,Whey_Protein,Concentrate,3,2,Low_Carb,5.2,-1.4,8.9,10
Male,Under_25,150-160,53,23,Beginner,3-5_times,HIIT,BCAA,Whey_Based,5,3,Low_Carb,-0.1,-0.3,4.3,7.9
Male,Over_35,150-160,51,23,Beginner,More_than_5,Strength_Training,Creatine,Monohydrate,4,2,Vegan,4.1,-0.1,12.1,10
Male,Under_25,170-180,70,20,Intermediate,3-5_times,HIIT,Multivitamin,Standard,6,6,Low_Carb,-0.3,-0.2,3.2,7
Male,Over_35,160-170,54,28,Intermediate,3-5_times,Endurance,BCAA,Vegan,5,2,Regular,-0.5,-0.5,5.1,8.4
Female,25-35,170-180,67,31,Intermediate,3-5_times,Endurance,Whey_Protein,Isolate,3,2,High_Protein,1.1,-0.8,6,10
Male,Over_35,170-180,76,28,Intermediate,More_than_5,HIIT,Pre_Workout,Regular,6,6,Low_Carb,-0.1,-0.1,13.8,10
Male,25-35,170-180,80,23,Beginner,Less_than_3,Endurance,Whey_Protein,Concentrate,8,3,Regular,0.7,-0.7,2.3,9.4
Female,Under_25,160-170,55,23,Beginner,Less_than_3,Endurance,BCAA,Vegan,3,7,Regular,-0.6,-0.5,1.2,7.9
Male,25-35,170-180,75,25,Intermediate,Less_than_3,HIIT,Energy_Drink,Sugar_Free,5,6,High_Protein,-0.4,-0.2,3.9,9.1
Female,Under_25,160-170,70,27,Beginner,3-5_times,Strength_Training,Creatine,Monohydrate,4,6,Regular,3.2,0,8.8,10
Male,25-35,170-180,60,24,Beginner,More_than_5,HIIT,Fish_Oil,Deep_Sea,6,4,Low_Carb,-0.4,-0.9,2.2,9
Male,25-35,170-180,61,20,Beginner,3-5_times,Strength_Training,Whey_Protein,Hydrolyzed,6,2,Regular,2.9,-1.3,4.2,10
Male,Under_25,170-180,71,22,Intermediate,3-5_times,Strength_Training,BCAA,Whey_Based,4,6,High_Protein,0.9,-0.3,6.2,10
Female,25-35,170-180,78,23,Intermediate,3-5_times,Flexibility,Whey_Protein,Isolate,8,4,Regular,1.6,-0.9,3,8.7
Male,Under_25,180-190,79,22,Advanced,3-5_times,HIIT,Fish_Oil,Deep_Sea,3,2,Regular,-0.3,-1.8,3.5,8
Male,25-35,180-190,83,18,Intermediate,Less_than_3,HIIT,Energy_Drink,Sugar_Free,6,1,Regular,-0.2,0,4.1,8
Female,25-35,Above_190,89,31,Beginner,More_than_5,Strength_Training,Creatine,HCL,3,4,Regular,4.6,0,9.8,10
Male,Over_35,170-180,65,29,Intermediate,3-5_times,Endurance,Whey_Protein,Concentrate,7,6,Regular,1,-0.5,6.1,10
Male,25-35,170-180,61,24,Intermediate,3-5_times,Strength_Training,Whey_Protein,Isolate,6,6,Regular,4.4,-2,6.3,10
Male,25-35,180-190,90,17,Intermediate,3-5_times,Endurance,Creatine,Monohydrate,6,1,Vegan,1.5,-0.1,10.4,10
Female,25-35,180-190,75,22,Intermediate,Less_than_3,Flexibility,Fish_Oil,Deep_Sea,4,6,Regular,0.1,-0.4,1,7.1
Male,25-35,180-190,70,23,Beginner,Less_than_3,HIIT,BCAA,Vegan,4,5,Regular,-0.3,-0.3,2.3,7.1
Male,25-35,170-180,68,18,Beginner,More_than_5,HIIT,Creatine,Monohydrate,8,6,Regular,2.6,-0.2,6.4,10
Male,25-35,170-180,84,23,Intermediate,More_than_5,Strength_Training,L_Carnitine,Capsule,5,6,High_Protein,0.3,-2.3,4.6,9.8
Female,Under_25,170-180,80,27,Beginner,Less_than_3,Endurance,Pre_Workout,Regular,8,7,Regular,-0.1,-0.3,6.1,10
Female,Under_25,160-170,60,23,Advanced,More_than_5,Strength_Training,Whey_Protein,Concentrate,5,6,Regular,8.3,-3.7,11.6,10
Male,25-35,180-190,72,20,Intermediate,More_than_5,Endurance,Creatine,Monohydrate,5,7,Regular,3.8,-0.1,13.3,10
Male,25-35,170-180,79,19,Beginner,3-5_times,Strength_Training,BCAA,Whey_Based,3,2,High_Protein,0.2,-0.3,4.4,9.1
Male,Under_25,160-170,70,15,Beginner,3-5_times,Endurance,Creatine,Monohydrate,4,5,High_Protein,1.1,-0.1,6.4,9.5
Male,Under_25,180-190,74,15,Beginner,3-5_times,HIIT,Whey_Protein,Isolate,3,7,Regular,1.2,-1.3,4.2,10
Male,25-35,160-170,56,19,Intermediate,Less_than_3,Endurance,BCAA,Whey_Based,5,3,Regular,-0.4,-0.4,3,8.1
Female,25-35,160-170,62,27,Beginner,3-5_times,Strength_Training,Multivitamin,Standard,4,5,High_Protein,0.4,-0.1,2.7,7.5
Male,25-35,160-170,51,20,Intermediate,More_than_5,Endurance,Whey_Protein,Isolate,3,1,Regular,3.1,-1.4,6.9,10
Female,25-35,170-180,78,31,Beginner,Less_than_3,Strength_Training,Fish_Oil,Deep_Sea,6,5,Low_Carb,0.3,-0.3,0.4,7.6
Female,Under_25,170-180,64,28,Beginner,3-5_times,Endurance,L_Carnitine,Capsule,4,6,Regular,-0.5,-2.7,4.8,9.9
Female,25-35,150-160,50,28,Beginner,3-5_times,Strength_Training,BCAA,Whey_Based,7,6,High_Protein,0.4,-0.2,5.7,8.4
Male,25-35,160-170,73,20,Beginner,3-5_times,Endurance,Pre_Workout,Regular,3,6,High_Protein,-0.4,-0.2,8.7,10
Male,25-35,170-180,76,17,Advanced,More_than_5,Flexibility,Whey_Protein,Concentrate,6,3,Low_Carb,3.7,-0.9,4.5,10
Female,Over_35,160-170,65,29,Intermediate,More_than_5,Endurance,BCAA,Whey_Based,6,4,Regular,-0.2,-0.7,8.3,9.8
Male,25-35,160-170,58,15,Intermediate,3-5_times,Strength_Training,Creatine,Monohydrate,5,1,High_Protein,7.2,-0.1,14.2,10
Male,Over_35,170-180,78,25,Beginner,3-5_times,HIIT,Energy_Drink,Sugar_Free,3,2,High_Protein,-0.2,-0.3,4.8,9.3
Male,25-35,170-180,84,25,Beginner,3-5_times,Endurance,Creatine,Monohydrate,8,3,Regular,1,-0.3,5.5,9.7
Male,Under_25,160-170,65,12,Intermediate,More_than_5,Strength_Training,Whey_Protein,Concentrate,8,3,Low_Carb,3.3,-1.9,10.3,10
Male,Under_25,160-170,57,12,Intermediate,3-5_times,Flexibility,Whey_Protein,Concentrate,5,3,Regular,1.9,-0.3,2.3,7.7
Male,Under_25,170-180,75,15,Intermediate,More_than_5,Strength_Training,Multivitamin,Standard,6,7,Regular,0.2,-0.1,4.5,6.5
Male,Under_25,180-190,73,17,Beginner,3-5_times,HIIT,Creatine,HCL,8,6,Low_Carb,1.7,-0.3,6.2,9.6
Male,Under_25,170-180,64,12,Intermediate,3-5_times,HIIT,Fish_Oil,Algae_DHA,4,5,Regular,0,-1,3.2,8.1
Male,25-35,170-180,67,27,Intermediate,3-5_times,HIIT,Whey_Protein,Isolate,7,7,Regular,1.7,-1.5,5.9,10
Male,Under_25,180-190,81,15,Intermediate,3-5_times,Strength_Training,Creatine,HCL,3,1,Regular,5.4,0.1,13.4,10
Female,Under_25,160-170,69,23,Intermediate,3-5_times,Strength_Training,Creatine,HCL,6,4,Regular,6.1,-0.3,10.9,10
Male,Under_25,150-160,45,18,Advanced,Less_than_3,Flexibility,Whey_Protein,Concentrate,3,1,Low_Carb,0.9,-0.8,1.9,8.4
Female,Over_35,160-170,69,22,Beginner,3-5_times,HIIT,Energy_Drink,Sugar,3,5,Regular,-0.3,-0.1,4.5,8.9
Male,Under_25,180-190,84,14,Beginner,3-5_times,Strength_Training,BCAA,Whey_Based,6,4,High_Protein,0.6,-0.1,3.8,8.4
Male,Under_25,160-170,61,23,Intermediate,Less_than_3,HIIT,Creatine,HCL,5,4,Regular,1.9,-0.3,7.2,10
Male,Under_25,170-180,82,15,Advanced,3-5_times,Flexibility,Energy_Drink,Sugar,4,1,High_Protein,0.2,0.1,2.6,8.3
Male,25-35,150-160,63,26,Intermediate,3-5_times,Flexibility,Whey_Protein,Isolate,5,5,Regular,2.2,-0.6,3.2,9
Female,Over_35,170-180,62,33,Intermediate,More_than_5,HIIT,Creatine,Monohydrate,5,2,Low_Carb,2.9,-0.2,13.1,10
Female,25-35,170-180,71,24,Intermediate,Less_than_3,Strength_Training,Energy_Drink,Sugar,6,7,High_Protein,0.4,-0.1,3.3,7.7
Male,Under_25,170-180,68,24,Advanced,3-5_times,Strength_Training,Whey_Protein,Concentrate,5,6,High_Protein,6.7,-1.9,11.6,10
Female,Under_25,Above_190,98,19,Beginner,3-5_times,HIIT,Creatine,Monohydrate,7,2,Low_Carb,1.3,-0.2,7.2,10
Male,Under_25,170-180,81,21,Advanced,3-5_times,Strength_Training,Creatine,Monohydrate,8,4,High_Protein,9.2,0,16.5,10
Female,Under_25,Above_190,87,21,Intermediate,3-5_times,Strength_Training,Whey_Protein,Concentrate,5,1,Regular,4.2,-2.2,6.6,10
Female,Under_25,180-190,91,26,Advanced,3-5_times,Flexibility,Whey_Protein,Concentrate,3,5,Regular,3.1,-1.1,3.7,9.8
Male,25-35,150-160,56,21,Beginner,Less_than_3,Flexibility,Whey_Protein,Isolate,5,6,Regular,1.9,-0.5,1,7.8
Male,25-35,160-170,50,19,Intermediate,More_than_5,Endurance,Pre_Workout,Caffeine_Free,8,2,Regular,-0.3,-0.2,16.8,10
Female,Under_25,180-190,94,20,Beginner,Less_than_3,Flexibility,Whey_Protein,Concentrate,3,6,Regular,0.8,-0.2,1.1,7.5
Male,Under_25,160-170,54,20,Beginner,Less_than_3,Strength_Training,BCAA,Whey_Based,5,2,Low_Carb,0.4,-0.2,2.3,7.2
Female,Under_25,170-180,62,20,Beginner,More_than_5,HIIT,Whey_Protein,Concentrate,3,5,Regular,1.6,-1.3,5,10
Male,25-35,160-170,68,18,Intermediate,3-5_times,Strength_Training,Fish_Oil,Deep_Sea,6,4,Regular,0.3,-1.1,1,8.1
Female,Over_35,170-180,62,30,Intermediate,Less_than_3,HIIT,Pre_Workout,Caffeine_Free,7,2,High_Protein,-0.6,-0.1,11.8,10
Female,25-35,170-180,76,22,Advanced,More_than_5,HIIT,Pre_Workout,Regular,4,4,Low_Carb,-0.2,-0.2,19.3,10
Male,Under_25,180-190,93,16,Intermediate,Less_than_3,HIIT,BCAA,Whey_Based,4,7,Low_Carb,-0.2,-0.2,4.3,7.7
Female,25-35,170-180,73,23,Intermediate,More_than_5,Strength_Training,BCAA,Whey_Based,4,3,Regular,1,-0.3,7,9
Male,Over_35,160-170,74,22,Intermediate,Less_than_3,Strength_Training,Whey_Protein,Isolate,5,2,High_Protein,3.1,-1.1,7,10
Male,25-35,180-190,71,16,Intermediate,3-5_times,Strength_Training,Creatine,HCL,3,4,Regular,4.3,0,10.4,10
Male,Under_25,Above_190,91,22,Beginner,3-5_times,Strength_Training,Creatine,Monohydrate,3,4,Low_Carb,3.4,0,8.5,10
Female,25-35,160-170,69,31,Beginner,Less_than_3,Strength_Training,Whey_Protein,Concentrate,3,2,Regular,2.3,-0.7,3,10
Male,25-35,150-160,63,18,Intermediate,3-5_times,Endurance,Energy_Drink,Sugar_Free,3,5,High_Protein,-0.2,-0.3,2.4,7.9
Male,25-35,180-190,74,23,Beginner,3-5_times,Endurance,Energy_Drink,Sugar,5,7,Regular,-0.5,-0.1,1.6,7.4
Male,25-35,160-170,69,20,Intermediate,More_than_5,HIIT,Creatine,Monohydrate,8,4,Regular,4.2,-0.2,14.4,10
Female,Over_35,170-180,78,22,Intermediate,Less_than_3,HIIT,BCAA,Whey_Based,3,6,Regular,-0.4,-0.6,4.4,8.9
Male,25-35,170-180,81,17,Intermediate,3-5_times,Strength_Training,BCAA,Whey_Based,5,4,High_Protein,0.5,-0.2,7.7,10
Male,25-35,Above_190,93,25,Beginner,3-5_times,Strength_Training,Whey_Protein,Isolate,7,6,High_Protein,4.2,-1,4.7,10
Male,Over_35,160-170,72,28,Beginner,More_than_5,Strength_Training,Whey_Protein,Concentrate,4,3,High_Protein,5.8,-1.7,5.2,10
Male,25-35,170-180,78,25,Beginner,3-5_times,Strength_Training,Pre_Workout,Regular,3,7,High_Protein,0.5,0,9.8,10
Male,Over_35,Above_190,93,21,Beginner,Less_than_3,Flexibility,Fish_Oil,Deep_Sea,5,1,Regular,0.3,-0.3,0.5,7.8
Male,Under_25,160-170,55,21,Beginner,3-5_times,HIIT,Creatine,Monohydrate,6,3,High_Protein,1.8,-0.2,8.9,10
Female,Over_35,160-170,57,30,Intermediate,Less_than_3,Endurance,Whey_Protein,Concentrate,6,7,Low_Carb,0.7,-0.7,5.4,10
Male,Under_25,170-180,61,20,Beginner,More_than_5,Strength_Training,Creatine,Monohydrate,5,4,Regular,5.3,0.3,12.5,10
Male,Over_35,Above_190,105,20,Intermediate,3-5_times,Endurance,Whey_Protein,Concentrate,6,4,High_Protein,1.3,-0.6,4.4,9.4
Male,25-35,150-160,64,15,Intermediate,3-5_times,Strength_Training,Whey_Protein,Isolate,5,3,Vegan,3.8,-1.8,6.8,10
Female,25-35,170-180,66,31,Beginner,3-5_times,Flexibility,Whey_Protein,Isolate,6,7,Regular,1.7,-0.6,2.3,9
Female,Under_25,Above_190,83,18,Intermediate,More_than_5,Strength_Training,Energy_Drink,Sugar,6,4,Regular,0.1,-0.1,5.4,9
Female,Under_25,170-180,82,19,Intermediate,Less_than_3,Endurance,Creatine,Monohydrate,8,7,High_Protein,1.9,-0.3,7.4,10
Male,25-35,170-180,70,27,Intermediate,Less_than_3,HIIT,Energy_Drink,Sugar,4,2,High_Protein,-0.6,-0.2,4.3,7.9
Male,Under_25,Above_190,96,18,Intermediate,3-5_times,Flexibility,BCAA,Whey_Based,7,6,Regular,0.2,-0.4,2.7,8.6
Male,25-35,180-190,86,24,Advanced,Less_than_3,Strength_Training,BCAA,Whey_Based,6,1,High_Protein,0.5,-0.2,5.9,9.5
Male,Under_25,160-170,71,23,Advanced,3-5_times,Strength_Training,Fish_Oil,Deep_Sea,4,1,High_Protein,0.4,-0.7,1.6,7.3
Female,Under_25,170-180,80,24,Intermediate,Less_than_3,Strength_Training,Creatine,Monohydrate,3,7,Regular,3.8,-0.1,7.6,10
Female,Under_25,180-190,70,18,Advanced,3-5_times,HIIT,L_Carnitine,Capsule,7,6,Low_Carb,-0.1,-4.3,10.2,10
Female,Under_25,170-180,73,25,Beginner,Less_than_3,HIIT,Fish_Oil,Deep_Sea,3,1,High_Protein,0,-0.7,1.1,8.3
Male,Under_25,160-170,50,21,Intermediate,Less_than_3,HIIT,Creatine,Monohydrate,6,1,Vegan,1.6,-0.4,7.2,10
Male,Under_25,150-160,55,20,Intermediate,Less_than_3,HIIT,L_Carnitine,Capsule,6,5,Low_Carb,-0.4,-2.1,5.4,10
Female,25-35,180-190,82,27,Beginner,3-5_times,Endurance,Creatine,HCL,3,7,Regular,1.7,-0.3,6.2,10
Female,Under_25,160-170,63,23,Intermediate,Less_than_3,Endurance,Whey_Protein,Concentrate,3,5,Regular,1.1,-0.6,3.8,9.2
Female,Under_25,170-180,64,26,Intermediate,3-5_times,Strength_Training,Whey_Protein,Isolate,6,7,Regular,3.7,-1.5,7.5,10
Female,Over_35,170-180,63,22,Advanced,More_than_5,HIIT,L_Carnitine,Liquid,7,2,Low_Carb,-0.1,-5.9,11.1,10
Female,Over_35,160-170,63,34,Intermediate,3-5_times,HIIT,BCAA,Whey_Based,6,5,Regular,-0.1,-0.5,5.8,8.6
Male,25-35,170-180,60,17,Intermediate,Less_than_3,HIIT,Creatine,Monohydrate,8,6,High_Protein,1.3,-0.1,7,10
Male,25-35,170-180,61,16,Intermediate,3-5_times,Flexibility,Whey_Protein,Concentrate,7,3,High_Protein,1.4,-0.4,3.5,8.7
Female,25-35,180-190,88,24,Beginner,3-5_times,Strength_Training,Fish_Oil,Deep_Sea,5,1,Regular,0.4,-0.5,0.8,7.5
Male,Over_35,180-190,70,22,Intermediate,3-5_times,Endurance,Whey_Protein,Hydrolyzed,6,4,Vegan,1.6,-0.7,4.5,9.6
Female,25-35,160-170,71,30,Intermediate,3-5_times,Flexibility,Creatine,Monohydrate,8,7,Regular,2.7,0,5.4,9.6
Male,Under_25,170-180,75,22,Beginner,Less_than_3,HIIT,L_Carnitine,Capsule,6,4,Regular,-0.3,-2.4,4.3,10
Female,Over_35,160-170,53,29,Intermediate,3-5_times,HIIT,Creatine,Monohydrate,7,5,High_Protein,2.2,-0.1,8.8,10
Female,Under_25,160-170,60,27,Beginner,3-5_times,Strength_Training,Multivitamin,Sport_Enhanced,4,3,High_Protein,0.1,0.1,2.6,6.3
Male,Under_25,160-170,50,22,Beginner,Less_than_3,HIIT,Energy_Drink,Sugar,3,7,Regular,-0.1,-0.2,3,8.9
Male,Under_25,160-170,71,15,Beginner,Less_than_3,Endurance,Energy_Drink,Sugar_Free,4,1,High_Protein,-0.3,-0.2,1.3,8.2
Male,Under_25,160-170,70,12,Beginner,3-5_times,Endurance,Creatine,Monohydrate,3,5,Regular,0.9,-0.4,6.3,9.8
Male,Under_25,180-190,72,15,Beginner,3-5_times,Strength_Training,Whey_Protein,Concentrate,5,4,High_Protein,3.1,-1,3.6,10
Male,Under_25,170-180,72,18,Beginner,More_than_5,HIIT,Energy_Drink,Sugar_Free,5,6,High_Protein,-0.1,-0.2,5.1,7.9
Male,Under_25,170-180,67,14,Intermediate,3-5_times,Strength_Training,BCAA,Whey_Based,3,1,Regular,0.6,-0.1,6.1,9.7
Female,Under_25,160-170,59,19,Intermediate,3-5_times,Flexibility,Whey_Protein,Hydrolyzed,3,4,Regular,2.2,-1.1,2.1,8.2
Male,Under_25,170-180,66,24,Beginner,More_than_5,Endurance,L_Carnitine,Liquid,8,3,Regular,-0.3,-3.1,6.1,10
Male,25-35,170-180,83,26,Beginner,3-5_times,Strength_Training,Whey_Protein,Hydrolyzed,5,5,Regular,4.1,-1.3,5.6,10
Male,25-35,180-190,73,16,Advanced,3-5_times,Strength_Training,Whey_Protein,Concentrate,8,1,Vegan,6.1,-3,9.1,10
Male,Under_25,Above_190,86,23,Advanced,More_than_5,HIIT,Whey_Protein,Isolate,6,6,Regular,2.8,-3.1,8.7,10
Male,25-35,170-180,81,16,Intermediate,Less_than_3,Strength_Training,Creatine,Monohydrate,6,3,Vegan,3.1,0.1,7.7,10
